fuel_level,voltage
243.8,12.4
243.4,12.4
243.3,12.5
242.9,12.4
242.9,12.7
242.6,12.3
242.4,12.3
242.1,12.6
242.1,12.6
241.7,12.4
241.7,12.5
241.7,12.5
241.6,12.6
241.5,12.2
241.5,12.7
241.4,12.3
241.4,12.4
241.3,12.2
241.1,12.3
240.8,12.2
240.4,12.4
240.4,12.4
240.0,12.2
239.9,12.2
239.7,12.6
239.5,12.2
239.1,12.5
239.0,12.3
238.9,12.3
238.9,12.4
238.6,12.5
238.5,12.5
238.5,12.5
238.2,12.5
237.7,12.7
237.5,12.6
237.0,12.4
237.0,12.3
236.9,12.6
236.8,12.3
236.4,12.6
236.4,12.6
236.0,12.2
235.9,12.7
235.6,12.7
235.6,12.5
235.2,12.5
235.1,12.4
234.8,12.3
234.3,12.3
234.1,12.7
233.7,12.4
233.6,12.6
233.6,12.4
233.3,12.5
233.0,12.3
233.0,12.4
232.9,12.5
232.9,12.2
232.8,12.4
232.8,12.6
232.7,12.3
232.7,12.7
232.2,12.7
232.0,12.3
231.8,12.4
231.7,12.6
231.6,12.7
231.2,12.2
230.9,12.5
230.8,12.4
230.7,12.5
230.4,12.5
230.4,12.2
230.2,12.3
230.2,12.6
229.8,12.4
229.7,12.3
229.7,12.6
229.5,12.6
229.4,12.5
229.4,12.3
229.4,12.3
229.1,12.5
228.7,12.3
228.5,12.3
228.5,12.2
228.5,12.6
228.4,12.5
228.3,12.3
228.3,12.6
227.8,12.5
227.8,12.5
227.7,12.3
227.4,12.5
227.1,12.2
226.8,12.3
226.4,12.5
226.0,12.5
225.9,12.7
225.6,12.4
225.3,12.6
224.9,12.3
224.8,12.6
224.4,12.2
224.0,12.6
223.9,12.5
223.5,12.6
223.2,12.2
223.1,12.2
223.1,12.4
222.7,12.5
222.4,12.4
222.3,12.3
221.9,12.7
221.4,12.5
221.0,12.5
220.9,12.5
220.6,12.6
220.6,12.3
220.1,12.4
220.1,12.4
219.7,12.6
219.3,12.6
218.9,12.4
218.9,12.3
218.9,12.7
218.8,12.6
218.3,12.7
218.1,12.3
218.0,12.3
217.8,12.7
217.6,12.5
217.1,12.7
216.7,12.6
216.6,12.6
216.3,12.3
216.3,12.4
216.2,12.6
216.2,12.6
215.7,12.3
215.7,12.2
215.3,12.6
214.9,12.6
214.9,12.6
214.9,12.5
214.6,12.3
214.3,12.5
214.2,12.5
214.1,12.7
214.1,12.5
214.1,12.5
214.0,12.5
214.0,12.2
213.9,12.5
213.9,12.5
213.8,12.2
213.7,12.5
213.5,12.6
213.2,12.3
213.2,12.4
212.9,12.4
212.9,12.3
212.5,12.2
212.0,12.3
211.5,12.3
211.5,12.4
211.4,12.3
211.1,12.5
211.0,12.6
210.6,12.5
210.1,12.4
210.1,12.5
209.8,12.5
209.6,12.4
209.5,12.2
209.5,12.2
209.4,12.5
209.1,12.3
208.8,12.5
208.3,12.4
207.9,12.4
207.5,12.4
207.0,12.4
207.0,12.5
206.9,12.6
206.9,12.7
206.8,12.5
206.7,12.2
206.7,12.4
206.7,12.3
206.6,12.3
206.2,12.3
206.1,12.5
206.0,12.3
205.6,12.5
205.1,12.6
205.0,12.5
204.7,12.3
204.6,12.3
204.3,12.4
204.3,12.4
203.8,12.7
203.8,12.7
203.8,12.7
203.8,12.6
203.7,12.4
203.6,12.5
203.3,12.4
203.3,12.6
203.1,12.2
202.9,12.3
202.8,12.4
202.3,12.5
202.3,12.3
202.2,12.5
201.8,12.7
201.8,12.4
201.8,12.7
201.7,12.3
201.2,12.4
200.8,12.3
200.7,12.6
200.3,12.5
200.2,12.6
200.2,12.6
200.1,12.7
199.9,12.6
199.9,12.6
199.6,12.4
199.6,12.6
199.6,12.4
199.3,12.5
198.9,12.7
198.8,12.5
198.4,12.4
198.3,12.3
197.8,12.3
197.3,12.6
196.9,12.5
196.9,12.5
196.4,12.5
196.0,12.7
195.9,12.6
195.9,12.5
195.8,12.6
195.3,12.2
194.9,12.3
194.6,12.4
194.5,12.6
194.5,12.3
194.3,12.5
194.0,12.4
193.8,12.4
193.4,12.3
193.4,12.4
193.4,12.2
193.3,12.6
193.2,12.6
192.8,12.5
192.8,12.5
192.7,12.3
192.6,12.4
192.6,12.6
192.5,12.6
192.2,12.2
191.8,12.6
191.4,12.6
190.9,12.2
190.9,12.6
190.5,12.5
190.5,12.4
190.4,12.2
190.4,12.4
189.9,12.6
189.8,12.7
189.8,12.4
189.8,12.6
189.4,12.5
189.4,12.4
189.4,12.2
188.9,12.4
188.6,12.5
188.5,12.6
188.4,12.4
187.9,12.6
187.9,12.5
187.4,12.3
187.0,12.4
186.7,12.4
186.4,12.7
186.2,12.6
186.1,12.3
186.1,12.4
186.0,12.6
185.5,12.4
185.2,12.7
185.0,12.3
184.9,12.3
184.4,12.3
184.2,12.5
183.9,12.4
183.4,12.6
183.1,12.3
182.7,12.4
182.3,12.2
182.2,12.7
182.2,12.5
182.1,12.5
181.8,12.7
181.7,12.5
181.7,12.4
181.6,12.4
181.3,12.4
181.2,12.2
180.8,12.3
180.8,12.4
180.4,12.4
180.4,12.4
180.4,12.4
180.0,12.5
179.7,12.2
179.7,12.6
179.6,12.4
179.1,12.4
179.0,12.5
178.8,12.3
178.4,12.3
177.9,12.6
177.9,12.4
177.8,12.7
177.6,12.5
177.5,12.4
177.0,12.5
176.7,12.3
176.6,12.2
176.1,12.4
176.0,12.2
176.0,12.4
175.9,12.7
175.5,12.2
175.0,12.4
174.8,12.7
174.4,12.4
174.4,12.6
174.0,12.5
173.7,12.6
173.7,12.7
173.4,12.4
173.3,12.7
173.3,12.6
173.3,12.5
173.2,12.5
172.9,12.3
172.9,12.2
172.8,12.7
172.8,12.4
172.3,12.6
171.8,12.6
171.4,12.5
171.1,12.6
170.7,12.4
170.7,12.5
170.6,12.3
170.3,12.6
170.1,12.4
170.0,12.6
169.7,12.6
169.4,12.5
169.2,12.5
168.8,12.6
168.7,12.6
168.6,12.5
168.5,12.5
168.1,12.7
168.0,12.5
168.0,12.6
168.0,12.4
167.5,12.3
167.3,12.3
167.2,12.3
166.9,12.5
166.8,12.7
166.8,12.4
166.3,12.7
166.2,12.2
165.7,12.7
165.3,12.4
165.3,12.4
164.9,12.7
164.8,12.3
164.7,12.3
164.4,12.3
164.0,12.7
163.5,12.5
163.1,12.2
162.7,12.5
162.6,12.3
162.3,12.4
162.2,12.3
161.9,12.3
161.5,12.4
161.4,12.6
161.2,12.4
161.1,12.4
161.0,12.2
161.0,12.5
160.8,12.6
160.7,12.7
160.3,12.5
160.1,12.6
159.9,12.5
159.6,12.5
159.4,12.4
159.0,12.3
158.7,12.6
158.7,12.5
158.7,12.6
158.5,12.2
158.0,12.3
157.8,12.3
157.7,12.5
157.6,12.4
157.3,12.5
157.1,12.4
157.1,12.4
157.0,12.3
156.8,12.3
156.8,12.4
156.7,12.5
156.6,12.4
156.3,12.3
156.3,12.2
156.0,12.3
155.5,12.4
155.4,12.6
155.2,12.7
155.2,12.6
155.1,12.5
155.1,12.3
155.0,12.5
155.0,12.3
154.7,12.4
154.7,12.6
154.7,12.4
154.3,12.4
154.0,12.6
154.0,12.5
153.7,12.3
153.6,12.4
153.6,12.6
153.1,12.6
152.7,12.4
152.6,12.5
152.5,12.7
152.2,12.5
152.1,12.5
152.1,12.5
152.0,12.4
151.6,12.5
151.2,12.3
151.1,12.3
150.6,12.4
150.1,12.6
150.1,12.5
149.6,12.5
149.2,12.6
148.8,12.5
148.4,12.3
148.3,12.4
148.2,12.4
147.9,12.2
147.8,12.6
147.8,12.4
147.5,12.3
147.2,12.6
147.1,12.7
146.8,12.4
146.7,12.3
146.6,12.6
146.6,12.5
146.2,12.5
146.2,12.5
146.1,12.2
146.1,12.2
145.8,12.6
145.8,12.4
145.4,12.6
145.2,12.4
144.7,12.4
144.7,12.3
144.3,12.3
144.2,12.7
144.0,12.4
143.9,12.6
143.8,12.3
143.5,12.3
143.1,12.7
143.0,12.4
142.7,12.4
142.2,12.5
141.9,12.6
141.5,12.5
141.0,12.4
141.0,12.4
140.6,12.3
140.6,12.7
140.5,12.5
140.5,12.7
140.4,12.2
140.0,12.5
139.6,12.5
139.5,12.5
139.5,12.6
139.3,12.3
139.3,12.3
138.9,12.6
138.4,12.4
138.4,12.5
138.2,12.2
138.1,12.5
137.9,12.2
137.5,12.2
137.2,12.3
137.1,12.6
137.1,12.5
137.0,12.3
136.7,12.4
136.7,12.4
136.4,12.4
136.1,12.3
135.8,12.5
135.8,12.7
135.7,12.5
135.7,12.6
135.7,12.5
135.6,12.6
135.2,12.6
134.7,12.6
134.3,12.4
134.2,12.4
133.9,12.5
133.6,12.4
133.5,12.4
133.3,12.4
133.0,12.3
132.7,12.6
132.7,12.4
132.6,12.5
132.3,12.6
132.1,12.3
132.1,12.5
131.6,12.7
131.3,12.5
130.9,12.4
130.4,12.5
130.4,12.3
130.3,12.4
130.3,12.5
130.2,12.3
130.2,12.5
130.0,12.5
129.5,12.4
129.5,12.3
129.1,12.2
129.0,12.5
129.0,12.3
128.7,12.4
128.7,12.5
128.6,12.5
128.4,12.5
128.0,12.6
127.5,12.6
127.1,12.5
126.9,12.6
126.4,12.2
126.4,12.2
126.1,12.2
126.1,12.4
125.6,12.6
125.3,12.2
125.0,12.5
124.5,12.4
124.4,12.5
124.2,12.6
123.7,12.5
123.6,12.7
123.3,12.3
123.0,12.6
122.5,12.5
122.0,12.3
122.0,12.6
122.0,12.7
122.0,12.7
121.6,12.3
121.2,12.6
121.1,12.6
121.0,12.6
120.7,12.2
120.7,12.5
120.7,12.4
120.7,12.6
120.3,12.4
120.2,12.6
120.2,12.4
120.1,12.6
120.1,12.4
120.1,12.4
120.0,12.5
119.9,12.6
119.7,12.4
119.6,12.2
119.3,12.6
119.2,12.7
119.1,12.5
118.9,12.6
118.7,12.6
118.3,12.3
117.8,12.6
117.6,12.5
117.6,12.5
117.5,12.3
117.2,12.6
117.1,12.3
117.0,12.5
116.8,12.2
116.8,12.3
116.8,12.5
116.7,12.7
116.4,12.6
116.3,12.2
116.1,12.6
115.8,12.7
115.5,12.6
115.0,12.5
114.8,12.4
114.4,12.6
113.9,12.6
113.8,12.6
113.8,12.4
113.8,12.4
113.7,12.5
113.7,12.5
113.5,12.5
113.4,12.3
113.2,12.3
112.9,12.3
112.6,12.5
112.5,12.5
112.4,12.4
112.4,12.4
112.0,12.6
111.8,12.3
111.8,12.3
111.7,12.6
111.6,12.2
111.5,12.6
111.2,12.6
111.2,12.7
111.2,12.5
111.1,12.3
111.0,12.4
110.6,12.6
110.5,12.5
110.5,12.2
110.4,12.6
110.4,12.2
110.3,12.4
110.3,12.5
109.9,12.6
109.5,12.4
109.1,12.4
108.8,12.6
108.7,12.6
108.7,12.3
108.7,12.6
108.4,12.3
108.1,12.6
107.8,12.3
107.4,12.2
107.3,12.7
106.9,12.7
106.6,12.3
106.6,12.2
106.5,12.2
106.4,12.6
106.1,12.7
105.7,12.4
105.2,12.6
105.2,12.3
105.2,12.3
105.1,12.5
105.0,12.6
104.6,12.4
104.5,12.4
104.1,12.5
103.7,12.3
103.6,12.5
103.4,12.6
103.3,12.5
103.3,12.4
103.2,12.5
103.2,12.5
103.1,12.7
103.1,12.5
102.8,12.5
102.7,12.4
102.7,12.5
102.4,12.4
102.3,12.3
102.0,12.3
101.5,12.6
101.5,12.6
101.5,12.4
101.1,12.6
100.7,12.3
100.5,12.2
100.3,12.7
100.2,12.5
100.1,12.2
100.1,12.5
99.7,12.4
99.4,12.7
98.9,12.5
98.9,12.3
98.6,12.2
98.5,12.5
98.1,12.5
98.0,12.5
97.9,12.7
97.9,12.4
97.5,12.6
97.5,12.3
97.0,12.3
96.6,12.3
96.6,12.6
96.2,12.3
96.2,12.4
95.7,12.7
95.5,12.7
95.4,12.2
95.2,12.3
95.1,12.6
94.9,12.6
94.8,12.5
94.3,12.5
93.9,12.5
93.9,12.3
93.8,12.5
93.6,12.5
93.2,12.5
93.2,12.7
93.1,12.4
93.1,12.6
92.7,12.5
92.3,12.4
92.3,12.6
92.0,12.5
91.6,12.3
91.6,12.5
91.1,12.3
90.7,12.5
90.7,12.4
90.2,12.6
89.7,12.7
89.5,12.7
89.5,12.4
89.4,12.3
89.0,12.7
89.0,12.6
88.9,12.6
88.8,12.3
88.6,12.5
88.3,12.3
88.3,12.6
87.9,12.3
87.6,12.2
87.4,12.2
87.2,12.6
87.1,12.3
87.0,12.4
87.0,12.2
86.6,12.6
86.4,12.2
86.4,12.7
86.2,12.5
86.2,12.5
85.8,12.2
85.7,12.4
85.7,12.3
85.6,12.4
85.5,12.3
85.4,12.6
85.2,12.6
85.1,12.5
85.1,12.3
85.0,12.6
84.8,12.5
84.8,12.7
84.7,12.7
84.3,12.3
84.0,12.2
83.7,12.7
83.7,12.4
83.7,12.4
83.6,12.3
83.4,12.3
83.1,12.7
83.0,12.6
82.8,12.3
82.5,12.5
82.3,12.7
82.2,12.6
82.0,12.4
81.5,12.3
81.1,12.7
80.6,12.5
80.6,12.6
80.4,12.3
80.1,12.3
80.0,12.6
79.7,12.3
79.6,12.5
79.5,12.6
79.3,12.6
79.0,12.3
78.9,12.5
78.6,12.4
78.5,12.4
78.2,12.7
78.2,12.3
77.8,12.6
77.6,12.2
77.3,12.5
77.3,12.4
77.2,12.5
77.2,12.6
76.9,12.6
76.6,12.4
76.2,12.5
76.2,12.2
76.1,12.2
75.7,12.5
75.6,12.6
75.5,12.2
75.2,12.5
75.1,12.2
75.0,12.4
75.0,12.5
74.9,12.7
74.9,12.5
74.5,12.6
74.1,12.5
73.7,12.6
73.6,12.4
73.6,12.4
73.1,12.3
73.1,12.5
73.0,12.4
72.9,12.4
72.9,12.5
72.5,12.3
72.5,12.6
72.3,12.7
71.9,12.5
71.8,12.4
71.6,12.7
71.4,12.4
71.1,12.6
71.1,12.2
71.1,12.7
71.0,12.5
70.8,12.5
70.5,12.5
70.4,12.4
70.4,12.6
70.1,12.4
69.9,12.7
69.8,12.3
69.5,12.5
69.3,12.3
69.0,12.3
69.0,12.4
68.9,12.6
68.6,12.6
68.2,12.5
67.9,12.2
67.9,12.6
67.9,12.7
67.8,12.2
67.4,12.3
67.1,12.5
66.7,12.6
66.7,12.5
66.7,12.5
66.6,12.3
66.6,12.2
66.5,12.5
66.4,12.6
66.2,12.3
66.1,12.5
66.1,12.3
65.8,12.3
65.7,12.4
65.7,12.7
65.7,12.6
65.4,12.7
65.4,12.6
65.2,12.2
64.7,12.4
64.2,12.5
64.2,12.5
63.8,12.3
63.5,12.3
63.3,12.4
63.3,12.2
63.2,12.3
63.2,12.6
63.2,12.3
63.2,12.7
63.1,12.3
62.7,12.5
62.4,12.6
62.4,12.6
62.3,12.4
62.1,12.4
61.7,12.3
61.4,12.4
61.4,12.6
61.4,12.5
61.1,12.4
61.1,12.4
60.8,12.4
60.8,12.4
60.5,12.6
60.3,12.5
60.3,12.4
60.0,12.2
59.7,12.6
59.6,12.3
59.3,12.2
58.9,12.5
58.8,12.6
58.6,12.3
58.2,12.6
58.2,12.6
58.1,12.4
57.7,12.4
57.7,12.6
57.6,12.2
57.6,12.4
57.2,12.3
57.2,12.6
57.1,12.4
56.6,12.3
56.3,12.5
56.0,12.5
55.9,12.6
55.9,12.5
55.6,12.6
55.6,12.3
55.1,12.6
55.1,12.3
55.1,12.7
55.0,12.6
54.8,12.2
54.8,12.2
54.8,12.3
54.5,12.7
54.2,12.6
54.2,12.2
54.1,12.6
54.0,12.6
54.0,12.7
53.9,12.5
53.9,12.3
53.4,12.2
53.1,12.7
52.8,12.3
52.5,12.3
52.3,12.5
51.9,12.7
51.8,12.5
51.3,12.7
51.0,12.5
50.9,12.2
50.6,12.7
50.6,12.6
50.3,12.6
50.0,12.5
49.6,12.6
49.6,12.3
49.5,12.4
49.4,12.6
49.4,12.6
49.3,12.5
49.3,12.3
49.2,12.4
49.1,12.3
49.1,12.4
49.1,12.4
49.0,12.6
48.6,12.3
48.6,12.6
48.2,12.5
48.2,12.6
48.1,12.6
48.0,12.2
47.7,12.4
47.4,12.2
47.0,12.6
46.7,12.7
46.3,12.3
46.3,12.7
46.0,12.5
45.6,12.3
45.5,12.4
45.1,12.2
44.7,12.3
44.4,12.4
44.3,12.6
44.3,12.6
44.2,12.7
43.8,12.5
43.5,12.6
43.2,12.3
42.7,12.5
42.5,12.3
42.2,12.6
41.8,12.4
41.7,12.4
41.7,12.7
41.6,12.6
41.1,12.5
41.1,12.7
41.0,12.6
41.0,12.6
40.9,12.6
40.6,12.5
40.6,12.5
40.2,12.7
39.8,12.6
39.7,12.5
39.7,12.5
39.4,12.6
39.2,12.5
38.7,12.5
38.3,12.6
38.2,12.3
38.0,12.4
37.6,12.5
37.5,12.4
37.5,12.6
37.0,12.4
37.0,12.4
36.6,12.3
36.2,12.2
36.2,12.4
36.2,12.3
36.1,12.3
35.7,12.5
35.7,12.4
35.6,12.7
35.5,12.7
35.5,12.2
35.4,12.3
35.0,12.4
34.9,12.7
34.8,12.4
34.6,12.6
34.3,12.7
34.0,12.3
34.0,12.4
33.9,12.2
33.6,12.7
33.4,12.6
33.0,12.6
32.6,12.2
32.3,12.2
32.2,12.3
31.7,12.7
31.7,12.6
31.2,12.7
30.7,12.6
30.3,12.5
29.9,12.4
29.9,12.5
29.6,12.4
29.2,12.6
29.2,12.3
28.9,12.2
28.5,12.4
28.5,12.3
28.4,12.5
27.9,12.3
27.8,12.7
27.8,12.5
27.5,12.5
27.4,12.5
27.2,12.3
27.2,12.5
27.2,12.7
27.1,12.4
26.8,12.7
26.7,12.4
26.4,12.5
26.4,12.3
26.4,12.2
26.0,12.5
25.6,12.5
25.5,12.2
25.1,12.5
25.0,12.5
25.0,12.6
24.9,12.5
24.8,12.5
24.6,12.3
24.1,12.5
24.1,12.7
23.7,12.3
23.4,12.7
23.3,12.5
23.2,12.7
23.1,12.7
22.9,12.2
22.9,12.3
22.5,12.5
22.4,12.4
22.3,12.4
22.1,12.6
21.6,12.6
21.6,12.6
21.1,12.3
21.1,12.4
21.0,12.5
20.9,12.6
20.9,12.6
20.4,12.6
20.3,12.4
20.0,12.5
19.9,12.5
19.9,12.3
19.8,12.3
19.7,12.5
19.7,12.3
19.7,12.4
19.7,12.3
19.6,12.7
19.2,12.5
18.8,12.2
18.4,12.3
18.3,12.6
18.2,12.2
18.2,12.3
17.9,12.4
17.9,12.7
17.9,12.7
17.6,12.6
17.3,12.3
17.3,12.7
17.2,12.6
17.2,12.2
16.8,12.7
16.4,12.2
16.3,12.5
16.3,12.2
16.2,12.5
16.2,12.3
16.1,12.5
15.9,12.3
15.8,12.5
15.8,12.3
15.4,12.3
15.2,12.4
15.2,12.7
15.1,12.5
14.8,12.6
14.5,12.3
14.0,12.5
13.9,12.4
13.6,12.3
13.4,12.5
13.1,12.6
12.9,12.3
12.9,12.3
12.4,12.5
12.2,12.4
11.9,12.3
11.9,12.5
11.8,12.6
11.8,12.3
11.4,12.2
11.0,12.2
10.8,12.5
10.7,12.3
10.5,12.3
10.3,12.5
9.8,12.4
9.6,12.6
9.2,12.4
9.1,12.4
8.9,12.6
8.5,12.2
8.4,12.6
8.4,12.3
8.3,12.6
8.3,12.4
8.2,12.4
7.8,12.7
7.6,12.6
7.5,12.3
7.5,12.5
7.5,12.5
7.5,12.6
7.2,12.6
6.8,12.4
6.8,12.2
6.8,12.5
6.7,12.4
6.3,12.3
5.8,12.4
5.7,12.5
5.5,12.7
5.4,12.4
5.2,12.3
4.8,12.3
4.7,12.7
4.5,12.3
4.2,12.3
4.1,12.6
4.1,12.5
4.1,12.4
4.0,12.5
3.7,12.6
3.7,12.3
3.7,12.7
3.6,12.6
3.6,12.4
3.4,12.7
3.1,12.4
3.1,12.2
2.6,12.5
2.1,12.4
1.9,12.4
1.8,12.3
1.6,12.5
1.1,12.6
0.8,12.2
0.4,12.2
0.4,12.3
0.3,12.5
237.1,12.6
230.6,12.2
230.5,12.3
230.3,12.3
229.9,12.4
229.5,12.3
229.2,12.7
228.9,12.6
228.5,12.6
228.5,12.4
228.5,12.2
228.3,12.4
228.2,12.2
228.2,12.4
228.2,12.4
228.1,12.7
227.7,12.5
227.6,12.3
227.4,12.3
227.3,12.3
227.3,12.2
226.8,12.3
226.8,12.7
226.3,12.6
226.2,12.7
226.2,12.6
225.9,12.4
225.8,12.3
225.8,12.4
225.7,12.6
225.5,12.6
225.2,12.3
225.1,12.3
224.9,12.2
224.9,12.6
224.5,12.4
224.1,12.6
223.8,12.4
223.5,12.5
223.1,12.2
222.8,12.3
222.7,12.6
222.2,12.3
221.8,12.5
221.5,12.3
221.5,12.5
221.4,12.3
221.3,12.5
221.3,12.6
221.2,12.5
220.8,12.4
220.5,12.4
220.0,12.2
219.6,12.5
219.3,12.6
219.2,12.4
219.2,12.5
218.7,12.2
218.7,12.5
218.4,12.6
218.4,12.5
218.4,12.5
218.3,12.3
218.3,12.5
218.2,12.7
217.9,12.5
217.9,12.5
217.8,12.7
217.7,12.6
217.5,12.4
217.4,12.5
217.1,12.4
217.0,12.3
217.0,12.6
217.0,12.5
216.5,12.3
216.2,12.6
215.9,12.3
215.7,12.2
215.7,12.5
215.6,12.3
215.6,12.7
215.6,12.3
215.5,12.6
215.5,12.5
215.0,12.4
214.6,12.3
214.5,12.4
214.5,12.3
214.0,12.2
214.0,12.4
213.9,12.4
213.8,12.7
213.8,12.7
213.8,12.2
213.5,12.5
213.4,12.5
213.1,12.4
213.0,12.5
212.6,12.5
212.6,12.5
212.5,12.3
212.2,12.3
212.0,12.5
211.9,12.4
211.5,12.3
211.4,12.3
211.1,12.5
210.7,12.2
210.4,12.6
210.3,12.5
209.9,12.6
209.7,12.4
209.3,12.6
209.2,12.7
208.8,12.4
208.8,12.6
208.4,12.4
208.0,12.5
207.6,12.4
207.6,12.6
207.6,12.3
207.6,12.3
207.5,12.6
207.4,12.3
207.1,12.7
206.6,12.6
206.6,12.3
206.2,12.4
205.9,12.6
205.8,12.3
205.8,12.5
205.8,12.7
205.7,12.2
205.2,12.7
205.2,12.3
204.7,12.2
204.2,12.4
203.9,12.3
203.5,12.6
203.2,12.4
202.8,12.6
202.7,12.6
202.7,12.4
202.6,12.4
202.3,12.6
202.1,12.7
202.0,12.7
201.9,12.6
201.6,12.3
201.5,12.6
201.5,12.5
201.1,12.7
201.0,12.6
201.0,12.5
201.0,12.6
201.0,12.6
200.9,12.3
200.8,12.4
200.8,12.6
200.7,12.7
200.7,12.3
200.6,12.4
200.6,12.5
200.1,12.5
200.1,12.4
200.1,12.3
199.8,12.6
199.4,12.4
198.9,12.3
198.9,12.3
198.6,12.3
198.1,12.6
197.7,12.5
197.4,12.7
197.4,12.2
197.3,12.6
197.0,12.6
196.8,12.6
196.5,12.3
196.4,12.5
196.4,12.5
196.1,12.4
196.0,12.3
195.5,12.4
195.5,12.5
195.5,12.5
195.4,12.6
195.1,12.2
194.9,12.4
194.7,12.6
194.2,12.7
193.8,12.3
193.3,12.6
193.1,12.4
192.6,12.6
192.2,12.4
192.2,12.6
191.7,12.6
191.3,12.5
191.0,12.5
190.8,12.3
190.7,12.6
190.3,12.4
190.1,12.4
189.7,12.6
189.7,12.6
189.2,12.6
189.2,12.3
188.8,12.7
188.6,12.6
188.1,12.5
187.8,12.3
187.7,12.6
187.7,12.5
187.7,12.5
187.3,12.6
187.3,12.3
187.2,12.6
187.2,12.6
186.7,12.2
186.7,12.5
186.2,12.3
186.1,12.6
185.9,12.6
185.6,12.6
185.2,12.3
185.0,12.6
184.9,12.7
184.4,12.3
184.4,12.3
184.0,12.4
183.8,12.5
183.7,12.2
183.4,12.4
183.4,12.7
183.4,12.5
183.2,12.2
182.8,12.6
182.5,12.6
182.1,12.4
181.9,12.2
181.8,12.3
181.7,12.3
181.7,12.4
181.4,12.5
181.3,12.4
180.9,12.6
180.6,12.4
180.2,12.3
180.1,12.3
179.7,12.7
179.4,12.3
178.9,12.4
178.9,12.4
178.8,12.5
178.7,12.7
178.7,12.7
178.6,12.3
178.6,12.3
178.2,12.6
178.2,12.6
178.1,12.5
178.1,12.3
177.7,12.3
177.3,12.5
176.8,12.3
176.8,12.2
176.7,12.3
176.4,12.6
176.4,12.4
176.1,12.3
176.0,12.6
175.8,12.5
175.7,12.4
175.6,12.5
175.6,12.3
175.5,12.5
175.3,12.7
174.8,12.5
174.8,12.7
174.4,12.6
174.4,12.7
174.3,12.5
174.3,12.4
173.9,12.6
173.8,12.5
173.3,12.6
173.0,12.3
173.0,12.2
172.9,12.6
172.7,12.5
172.4,12.4
171.9,12.6
171.6,12.5
171.6,12.5
171.3,12.5
171.2,12.4
171.2,12.6
170.7,12.6
170.3,12.5
170.2,12.4
169.8,12.6
169.4,12.6
169.4,12.6
169.3,12.2
168.9,12.4
168.9,12.3
168.4,12.4
168.4,12.4
168.2,12.3
168.1,12.5
168.0,12.4
167.6,12.6
167.3,12.2
167.2,12.4
167.1,12.6
166.9,12.5
166.7,12.3
166.6,12.4
166.2,12.3
165.8,12.5
165.8,12.5
165.4,12.5
165.4,12.6
165.1,12.4
164.8,12.4
164.4,12.4
164.2,12.2
163.8,12.7
163.8,12.5
163.7,12.4
163.7,12.2
163.7,12.6
163.4,12.5
163.1,12.4
162.8,12.2
162.4,12.5
162.1,12.5
161.8,12.5
161.8,12.2
161.8,12.3
161.5,12.2
161.1,12.6
160.8,12.4
160.8,12.7
160.6,12.4
160.6,12.6
160.5,12.5
160.2,12.6
159.9,12.4
159.9,12.5
159.9,12.3
159.4,12.5
159.1,12.6
159.0,12.6
159.0,12.2
158.9,12.4
158.8,12.4
158.7,12.6
158.7,12.4
158.5,12.3
158.5,12.5
158.2,12.2
158.1,12.4
157.7,12.4
157.7,12.3
157.6,12.4
157.3,12.4
157.1,12.6
157.1,12.6
157.0,12.5
157.0,12.6
156.6,12.2
156.5,12.6
156.4,12.3
156.3,12.7
155.9,12.5
155.8,12.3
155.6,12.4
155.5,12.4
155.5,12.6
155.5,12.5
155.2,12.2
154.9,12.6
154.9,12.4
154.7,12.3
154.3,12.4
153.9,12.2
153.9,12.6
153.8,12.6
153.4,12.7
153.4,12.2
153.2,12.6
152.8,12.2
152.6,12.5
152.2,12.6
152.0,12.2
151.9,12.5
151.9,12.7
151.5,12.3
151.4,12.4
151.0,12.4
150.9,12.4
150.5,12.5
150.1,12.5
150.0,12.3
149.6,12.4
149.3,12.6
149.2,12.6
149.2,12.4
148.8,12.5
148.7,12.6
148.5,12.6
148.1,12.7
147.6,12.7
147.4,12.6
147.2,12.4
147.1,12.5
146.8,12.5
146.7,12.2
146.4,12.5
146.4,12.7
145.9,12.4
145.6,12.5
145.1,12.5
144.6,12.4
144.6,12.5
144.6,12.5
144.4,12.2
144.3,12.5
144.0,12.4
144.0,12.6
143.9,12.4
143.9,12.6
143.4,12.3
143.3,12.6
142.9,12.4
142.4,12.6
142.3,12.3
142.2,12.3
142.2,12.3
142.2,12.5
141.9,12.3
141.5,12.5
141.5,12.4
141.0,12.6
141.0,12.4
140.8,12.4
140.5,12.5
140.0,12.7
140.0,12.4
139.7,12.4
139.7,12.6
139.6,12.5
139.6,12.2
139.4,12.2
138.9,12.3
138.5,12.7
138.3,12.7
137.9,12.6
137.8,12.7
137.6,12.6
137.6,12.2
137.5,12.5
137.1,12.2
137.1,12.4
137.0,12.4
136.9,12.4
136.9,12.5
136.5,12.5
136.4,12.4
136.4,12.2
136.4,12.4
136.4,12.4
136.3,12.3
136.3,12.7
136.2,12.4
136.0,12.7
135.6,12.5
135.5,12.3
135.4,12.6
135.4,12.7
135.3,12.2
135.3,12.4
135.2,12.6
135.2,12.5
135.1,12.5
134.7,12.2
134.2,12.3
134.0,12.6
133.5,12.5
133.5,12.3
133.4,12.5
133.4,12.4
133.2,12.4
133.1,12.4
133.0,12.6
132.8,12.4
132.5,12.2
132.1,12.6
132.0,12.3
131.8,12.2
131.8,12.5
131.4,12.4
131.1,12.5
131.1,12.6
130.8,12.7
130.8,12.7
130.3,12.5
129.9,12.3
129.5,12.6
129.2,12.4
129.1,12.5
129.1,12.3
128.7,12.2
128.5,12.2
128.5,12.4
128.4,12.7
128.4,12.5
128.4,12.4
128.4,12.6
128.3,12.5
128.0,12.6
127.6,12.5
127.3,12.3
127.2,12.7
126.9,12.3
126.9,12.3
126.8,12.3
126.6,12.2
126.1,12.3
125.8,12.7
125.7,12.4
125.4,12.2
125.3,12.6
124.9,12.5
124.9,12.4
124.8,12.2
124.8,12.4
124.4,12.2
124.3,12.4
124.0,12.2
123.9,12.5
123.5,12.6
123.4,12.2
123.1,12.2
123.1,12.5
123.0,12.6
122.9,12.5
122.8,12.5
122.8,12.5
122.3,12.7
122.3,12.3
122.3,12.7
122.0,12.4
121.9,12.4
121.6,12.5
121.5,12.4
121.5,12.2
121.1,12.5
120.8,12.2
120.3,12.3
119.9,12.3
119.6,12.4
119.5,12.2
119.5,12.7
119.0,12.5
118.9,12.3
118.6,12.6
118.1,12.6
118.0,12.2
117.8,12.2
117.7,12.3
117.7,12.4
117.3,12.3
117.3,12.2
117.0,12.7
116.8,12.5
116.7,12.2
116.7,12.4
116.7,12.7
116.4,12.4
116.0,12.4
115.9,12.5
115.6,12.3
115.6,12.6
115.6,12.5
115.5,12.3
115.5,12.3
115.1,12.5
115.0,12.3
115.0,12.2
114.9,12.4
114.8,12.4
114.5,12.3
114.0,12.6
113.9,12.3
113.9,12.2
113.8,12.3
113.6,12.7
113.2,12.5
113.0,12.6
112.6,12.6
112.5,12.6
112.2,12.5
112.2,12.3
111.8,12.5
111.7,12.5
111.2,12.7
111.1,12.4
110.8,12.7
110.8,12.4
110.3,12.5
110.0,12.6
109.6,12.4
109.5,12.3
109.5,12.5
109.4,12.4
109.4,12.2
109.3,12.5
109.2,12.7
109.2,12.6
109.2,12.7
109.1,12.3
108.8,12.6
108.4,12.3
108.3,12.4
107.9,12.4
107.5,12.5
107.2,12.6
106.7,12.5
106.2,12.2
105.9,12.2
105.5,12.4
105.4,12.4
105.2,12.4
104.9,12.4
104.8,12.6
104.4,12.7
104.1,12.7
103.8,12.6
103.3,12.3
103.2,12.7
103.2,12.3
103.2,12.7
103.1,12.3
102.7,12.7
102.4,12.3
102.3,12.4
102.0,12.2
101.9,12.2
101.4,12.7
100.9,12.6
100.6,12.2
100.6,12.5
100.5,12.3
100.5,12.5
100.2,12.2
99.8,12.3
99.7,12.7
99.4,12.5
99.0,12.4
98.9,12.7
98.6,12.3
98.5,12.3
98.5,12.3
98.5,12.7
98.2,12.6
97.8,12.3
97.7,12.4
97.2,12.2
97.1,12.3
96.8,12.7
96.6,12.2
96.6,12.6
96.5,12.5
96.4,12.3
96.1,12.4
96.1,12.7
95.8,12.5
95.5,12.4
95.3,12.6
95.2,12.4
94.9,12.3
94.8,12.7
94.7,12.2
94.3,12.6
94.2,12.7
94.0,12.6
94.0,12.5
93.9,12.3
93.9,12.4
93.6,12.7
93.6,12.5
93.5,12.6
93.5,12.3
93.0,12.7
92.9,12.7
92.9,12.2
92.8,12.7
92.5,12.2
92.5,12.7
92.4,12.3
91.9,12.2
91.9,12.6
91.6,12.2
91.4,12.6
91.4,12.3
91.4,12.3
91.4,12.6
91.3,12.3
91.3,12.7
90.9,12.5
90.9,12.2
90.8,12.6
90.4,12.6
90.1,12.6
90.1,12.3
89.7,12.2
89.7,12.3
89.7,12.5
89.7,12.4
89.6,12.6
89.5,12.5
89.3,12.2
89.0,12.6
88.6,12.5
88.6,12.6
88.5,12.3
88.2,12.7
87.8,12.3
87.8,12.5
87.7,12.6
87.6,12.6
87.3,12.3
87.2,12.5
86.9,12.4
86.6,12.5
86.3,12.3
86.3,12.6
85.8,12.3
85.3,12.5
84.9,12.5
84.8,12.3
84.8,12.2
84.3,12.3
84.3,12.5
84.3,12.6
84.3,12.4
84.2,12.3
83.8,12.4
83.7,12.5
83.6,12.6
83.5,12.4
83.2,12.7
83.1,12.4
83.1,12.6
83.1,12.2
83.0,12.5
82.6,12.3
82.5,12.6
82.5,12.3
82.4,12.4
82.4,12.3
82.3,12.2
82.0,12.6
81.6,12.5
81.6,12.4
81.1,12.5
80.9,12.5
80.7,12.3
80.4,12.7
80.1,12.3
80.0,12.5
79.7,12.5
79.4,12.3
79.4,12.4
78.9,12.3
78.5,12.6
78.1,12.4
78.0,12.5
78.0,12.2
77.5,12.7
77.4,12.3
77.0,12.3
76.8,12.4
76.7,12.5
76.3,12.7
76.2,12.4
76.2,12.7
75.9,12.5
75.9,12.3
75.6,12.2
75.6,12.6
75.5,12.5
75.0,12.7
75.0,12.5
74.5,12.2
74.5,12.3
74.2,12.6
73.9,12.5
73.5,12.6
73.2,12.7
73.1,12.4
73.0,12.4
72.5,12.5
72.1,12.3
72.1,12.5
71.7,12.6
71.7,12.6
71.3,12.6
71.0,12.2
70.5,12.6
70.2,12.3
70.2,12.5
70.2,12.4
70.1,12.6
69.7,12.4
69.7,12.7
69.6,12.4
69.3,12.3
69.2,12.4
69.2,12.4
68.8,12.6
68.5,12.6
68.5,12.4
68.0,12.5
68.0,12.2
67.6,12.3
67.5,12.4
67.5,12.6
67.1,12.6
67.0,12.3
67.0,12.4
66.9,12.2
66.9,12.4
66.8,12.3
66.8,12.3
66.3,12.3
66.3,12.2
65.9,12.6
65.5,12.6
65.0,12.5
64.9,12.6
64.6,12.3
64.3,12.5
63.9,12.5
63.5,12.3
63.0,12.3
62.7,12.4
62.2,12.6
62.2,12.7
61.8,12.4
61.7,12.5
61.7,12.5
61.3,12.6
60.9,12.6
60.9,12.4
60.9,12.3
60.8,12.4
60.4,12.6
60.0,12.5
59.8,12.7
59.4,12.3
59.0,12.5
58.9,12.3
58.9,12.3
58.6,12.3
58.5,12.3
58.0,12.4
57.6,12.6
57.6,12.3
57.2,12.6
56.7,12.5
56.5,12.5
56.4,12.5
56.1,12.6
55.8,12.3
55.3,12.5
54.9,12.3
54.5,12.4
54.1,12.5
53.9,12.5
53.8,12.4
53.5,12.3
53.4,12.6
53.0,12.5
52.6,12.6
52.4,12.6
51.9,12.5
51.8,12.7
51.4,12.7
51.3,12.5
51.3,12.4
51.2,12.6
50.8,12.4
50.5,12.2
50.2,12.4
50.2,12.6
49.8,12.3
49.8,12.5
49.6,12.4
49.5,12.5
49.4,12.5
49.4,12.6
49.4,12.6
49.3,12.4
49.3,12.5
49.0,12.3
48.7,12.6
48.7,12.3
48.7,12.4
48.3,12.5
48.0,12.2
48.0,12.6
48.0,12.7
47.5,12.3
47.5,12.5
47.4,12.6
47.0,12.7
47.0,12.7
47.0,12.6
46.7,12.6
46.6,12.4
46.2,12.5
46.1,12.6
46.1,12.7
45.6,12.3
45.5,12.6
45.5,12.3
45.2,12.4
45.1,12.5
45.1,12.3
45.1,12.6
45.0,12.5
44.6,12.5
44.4,12.5
44.3,12.5
44.0,12.4
43.5,12.6
43.2,12.5
43.0,12.7
42.9,12.3
42.6,12.5
42.3,12.4
42.1,12.7
41.7,12.5
41.5,12.4
41.0,12.5
40.6,12.6
40.2,12.4
40.2,12.5
40.2,12.2
40.1,12.7
39.6,12.4
39.5,12.4
39.5,12.6
39.5,12.6
39.4,12.6
39.4,12.5
39.1,12.2
39.0,12.5
39.0,12.3
39.0,12.4
38.9,12.6
38.8,12.6
38.6,12.5
38.4,12.4
37.9,12.3
37.4,12.6
37.3,12.3
37.3,12.3
37.2,12.7
36.8,12.5
36.8,12.3
36.4,12.3
36.1,12.6
35.7,12.3
35.3,12.5
35.2,12.7
35.0,12.5
34.5,12.7
34.3,12.5
34.3,12.3
34.0,12.5
34.0,12.5
33.9,12.2
33.9,12.6
33.5,12.6
33.4,12.6
33.3,12.2
33.0,12.6
32.6,12.2
32.3,12.6
32.2,12.4
31.8,12.4
31.4,12.2
30.9,12.4
30.5,12.3
30.1,12.6
29.7,12.2
29.7,12.6
29.6,12.4
29.1,12.5
28.8,12.3
28.8,12.4
28.7,12.4
28.4,12.3
28.4,12.7
28.1,12.4
27.7,12.4
27.4,12.4
27.3,12.5
27.2,12.6
26.9,12.3
26.4,12.6
26.1,12.7
26.1,12.5
26.0,12.2
25.8,12.4
25.7,12.5
25.6,12.6
25.2,12.6
25.2,12.6
25.1,12.6
25.1,12.5
24.6,12.7
24.3,12.3
23.9,12.6
23.4,12.6
23.4,12.3
23.1,12.3
22.7,12.3
22.4,12.3
22.0,12.5
21.6,12.5
21.6,12.4
21.2,12.6
20.9,12.7
20.6,12.4
20.5,12.7
20.1,12.3
19.6,12.5
19.2,12.6
18.9,12.2
18.8,12.3
18.4,12.6
18.0,12.4
17.6,12.2
17.4,12.5
17.0,12.7
16.6,12.3
16.2,12.3
15.8,12.6
15.7,12.5
15.5,12.5
15.0,12.7
14.7,12.3
14.7,12.6
14.5,12.4
14.4,12.2
14.2,12.2
14.2,12.3
14.1,12.2
14.1,12.4
13.7,12.6
13.6,12.3
13.1,12.7
13.1,12.5
13.0,12.2
13.0,12.5
12.5,12.4
12.4,12.6
12.0,12.5
11.8,12.5
11.5,12.3
11.4,12.4
11.0,12.2
10.6,12.2
10.4,12.3
10.3,12.6
9.9,12.4
9.4,12.4
9.4,12.4
9.4,12.4
9.4,12.6
9.3,12.2
9.2,12.6
8.9,12.4
8.6,12.4
8.3,12.4
8.3,12.5
7.8,12.3
7.3,12.4
7.3,12.6
6.9,12.3
6.8,12.2
6.7,12.4
6.7,12.4
6.3,12.2
6.3,12.4
6.2,12.7
6.1,12.6
6.1,12.4
6.0,12.3
6.0,12.5
6.0,12.2
6.0,12.2
5.5,12.3
5.3,12.6
5.2,12.6
5.0,12.4
4.9,12.5
4.7,12.3
4.3,12.3
3.9,12.2
3.8,12.5
3.3,12.3
3.0,12.4
2.9,12.5
2.5,12.6
2.2,12.6
1.8,12.2
1.7,12.4
1.6,12.3
1.3,12.6
1.0,12.3
0.7,12.3
0.4,12.6
247.8,12.5
248.6,12.2
248.6,12.6
248.1,12.3
248.0,12.4
247.6,12.3
247.6,12.7
247.5,12.2
247.4,12.6
247.4,12.4
247.0,12.3
246.7,12.2
246.5,12.6
246.5,12.6
246.2,12.6
245.8,12.4
245.8,12.4
245.8,12.4
245.7,12.3
245.5,12.4
245.1,12.5
245.1,12.7
244.7,12.5
244.7,12.5
244.6,12.4
244.4,12.3
244.0,12.2
243.9,12.3
243.4,12.4
243.4,12.7
243.0,12.2
242.9,12.4
242.8,12.6
242.8,12.4
242.5,12.4
242.5,12.6
242.1,12.3
242.1,12.6
241.7,12.7
241.6,12.6
241.6,12.6
241.3,12.4
241.2,12.6
240.9,12.3
240.6,12.5
240.6,12.3
240.5,12.4
240.5,12.6
240.1,12.2
239.6,12.3
239.6,12.3
239.3,12.4
238.9,12.6
238.8,12.3
238.8,12.3
238.5,12.5
238.3,12.5
237.8,12.6
237.6,12.7
237.6,12.3
237.6,12.3
237.5,12.5
237.3,12.3
237.0,12.6
236.9,12.3
236.5,12.7
236.4,12.2
236.0,12.6
235.7,12.3
235.5,12.5
235.2,12.2
235.1,12.4
234.8,12.5
234.5,12.6
234.0,12.4
234.0,12.5
233.5,12.2
233.5,12.6
233.4,12.2
232.9,12.4
232.7,12.4
232.2,12.5
231.7,12.7
231.5,12.3
231.1,12.5
231.1,12.4
231.0,12.3
230.6,12.5
230.6,12.4
230.5,12.4
230.2,12.4
230.2,12.7
230.2,12.3
230.2,12.6
230.1,12.4
230.1,12.7
230.0,12.4
229.9,12.6
229.6,12.4
229.6,12.2
229.2,12.4
228.8,12.4
228.3,12.5
228.3,12.3
228.3,12.5
228.2,12.4
228.1,12.2
228.1,12.5
228.1,12.6
228.0,12.5
228.0,12.5
227.9,12.6
227.6,12.3
227.3,12.7
227.2,12.6
227.0,12.3
226.9,12.3
226.7,12.4
226.3,12.7
226.2,12.6
225.9,12.6
225.4,12.5
225.4,12.4
225.3,12.3
225.3,12.5
225.2,12.6
225.2,12.5
225.2,12.5
224.8,12.6
224.5,12.4
224.5,12.5
224.1,12.4
223.7,12.7
223.3,12.6
222.9,12.2
222.5,12.5
222.5,12.3
222.2,12.6
221.8,12.6
221.5,12.4
221.4,12.3
221.4,12.7
221.2,12.4
220.8,12.2
220.5,12.5
220.4,12.6
220.3,12.4
220.0,12.7
219.9,12.5
219.4,12.4
219.4,12.5
219.3,12.5
219.3,12.2
219.2,12.5
219.1,12.4
219.1,12.4
219.0,12.4
219.0,12.3
218.7,12.4
218.7,12.4
218.6,12.6
218.6,12.5
218.4,12.3
218.3,12.4
218.2,12.2
218.0,12.5
218.0,12.4
217.9,12.5
217.6,12.2
217.3,12.6
217.3,12.3
217.2,12.5
217.2,12.3
217.2,12.6
216.8,12.5
216.6,12.4
216.3,12.6
216.0,12.6
215.6,12.4
215.6,12.3
215.2,12.6
214.8,12.3
214.7,12.4
214.5,12.6
214.2,12.6
213.9,12.5
213.8,12.4
213.8,12.7
213.5,12.3
213.3,12.6
213.3,12.6
213.0,12.6
212.5,12.4
212.1,12.5
211.8,12.6
211.6,12.3
211.1,12.5
210.8,12.3
210.3,12.5
210.3,12.6
210.0,12.3
209.9,12.3
209.9,12.2
209.5,12.6
209.0,12.3
209.0,12.4
208.7,12.5
208.6,12.3
208.5,12.2
208.1,12.6
208.1,12.5
208.1,12.3
207.6,12.4
207.4,12.3
207.3,12.6
207.1,12.3
207.0,12.5
206.6,12.3
206.2,12.2
206.2,12.4
205.8,12.6
205.4,12.3
205.0,12.2
204.9,12.3
204.4,12.7
204.4,12.7
204.1,12.6
203.7,12.3
203.4,12.4
202.9,12.3
202.9,12.5
202.9,12.5
202.5,12.2
202.5,12.3
202.0,12.4
201.6,12.3
201.6,12.6
201.6,12.6
201.3,12.2
201.2,12.2
200.9,12.2
200.5,12.3
200.2,12.4
200.1,12.5
199.9,12.5
199.8,12.6
199.7,12.5
199.6,12.5
199.5,12.3
199.2,12.5
199.1,12.7
198.8,12.3
198.4,12.5
198.4,12.2
198.3,12.4
197.9,12.3
197.6,12.4
197.2,12.6
197.0,12.3
196.9,12.4
196.5,12.6
196.2,12.5
195.9,12.5
195.6,12.4
195.3,12.5
195.3,12.6
195.0,12.6
194.9,12.5
194.5,12.5
194.4,12.4
194.3,12.2
194.3,12.2
194.2,12.2
194.2,12.6
194.1,12.5
194.0,12.5
193.6,12.3
193.2,12.2
192.9,12.7
192.9,12.5
192.8,12.6
192.8,12.5
192.7,12.6
192.7,12.3
192.7,12.6
192.3,12.6
192.2,12.2
192.2,12.6
191.8,12.6
191.4,12.2
191.3,12.2
191.3,12.5
190.9,12.4
190.5,12.5
190.1,12.7
189.7,12.6
189.3,12.5
189.0,12.3
189.0,12.6
189.0,12.4
188.6,12.7
188.3,12.3
188.3,12.6
188.0,12.3
187.9,12.6
187.5,12.4
187.2,12.5
186.9,12.4
186.9,12.3
186.9,12.6
186.4,12.4
186.0,12.2
185.6,12.2
185.5,12.6
185.4,12.4
185.4,12.3
185.3,12.7
185.3,12.6
185.3,12.6
185.3,12.3
185.3,12.4
184.8,12.5
184.4,12.4
184.0,12.5
183.6,12.2
183.5,12.3
183.5,12.3
183.2,12.7
183.2,12.6
182.7,12.2
182.3,12.4
182.0,12.2
181.9,12.3
181.5,12.4
181.1,12.4
181.1,12.4
180.8,12.4
180.5,12.5
180.5,12.6
180.2,12.7
179.8,12.3
179.5,12.5
179.1,12.4
178.9,12.7
178.8,12.4
178.8,12.5
178.4,12.5
178.3,12.6
178.0,12.4
177.5,12.6
177.2,12.4
177.1,12.7
177.0,12.3
177.0,12.4
176.5,12.5
176.1,12.6
175.6,12.5
175.2,12.6
175.1,12.5
175.1,12.6
175.0,12.3
174.6,12.6
174.5,12.6
174.1,12.4
174.1,12.3
174.1,12.4
173.8,12.6
173.7,12.3
173.3,12.2
173.2,12.5
173.2,12.7
173.2,12.6
172.9,12.5
172.6,12.4
172.3,12.3
172.2,12.4
171.9,12.6
171.8,12.6
171.4,12.4
171.2,12.3
170.9,12.3
170.9,12.6
170.4,12.5
170.4,12.3
170.1,12.7
169.9,12.4
169.8,12.4
169.4,12.3
169.4,12.3
168.9,12.5
168.5,12.5
168.1,12.6
167.9,12.4
167.6,12.6
167.6,12.3
167.3,12.2
166.8,12.3
166.6,12.2
166.5,12.3
166.1,12.5
165.8,12.3
165.7,12.5
165.7,12.5
165.4,12.5
165.0,12.6
164.6,12.6
164.5,12.2
164.2,12.4
163.9,12.6
163.9,12.7
163.9,12.5
163.4,12.3
163.4,12.5
163.3,12.7
163.1,12.5
162.7,12.4
162.2,12.4
162.2,12.4
161.8,12.6
161.5,12.6
161.2,12.6
160.8,12.3
160.3,12.6
160.2,12.5
160.1,12.3
160.0,12.6
159.5,12.6
159.1,12.3
159.1,12.4
159.0,12.7
159.0,12.5
158.6,12.5
158.3,12.4
157.8,12.5
157.5,12.3
157.1,12.3
157.0,12.5
157.0,12.6
157.0,12.4
156.6,12.4
156.6,12.2
156.6,12.3
156.5,12.4
156.5,12.5
156.2,12.3
156.1,12.7
155.8,12.3
155.3,12.5
155.0,12.5
154.6,12.5
154.3,12.6
154.3,12.2
153.9,12.2
153.9,12.3
153.8,12.2
153.8,12.6
153.8,12.4
153.7,12.4
153.7,12.6
153.2,12.2
153.0,12.5
152.9,12.2
152.6,12.6
152.6,12.3
152.2,12.5
151.9,12.5
151.9,12.6
151.6,12.4
151.5,12.6
151.5,12.3
151.4,12.5
151.2,12.5
151.1,12.6
151.1,12.4
151.1,12.7
150.6,12.6
150.6,12.7
150.5,12.5
150.5,12.4
150.1,12.7
149.7,12.4
149.6,12.2
149.2,12.6
149.1,12.4
148.8,12.4
148.7,12.7
148.4,12.5
148.1,12.7
147.8,12.3
147.6,12.6
147.2,12.3
147.1,12.6
147.1,12.5
146.6,12.3
146.6,12.6
146.1,12.5
145.8,12.7
145.8,12.6
145.4,12.7
145.0,12.3
145.0,12.4
144.9,12.6
144.8,12.3
144.7,12.4
144.7,12.5
144.6,12.4
144.2,12.4
143.8,12.5
143.7,12.6
143.2,12.5
143.2,12.3
143.1,12.5
143.1,12.4
142.6,12.5
142.3,12.3
142.0,12.4
141.9,12.4
141.9,12.6
141.4,12.4
141.1,12.3
140.8,12.7
140.4,12.5
140.0,12.6
139.9,12.4
139.6,12.3
139.2,12.2
138.8,12.3
138.8,12.5
138.7,12.3
138.7,12.3
138.4,12.5
137.9,12.7
137.9,12.3
137.9,12.4
137.9,12.5
137.6,12.4
137.6,12.2
137.2,12.5
136.8,12.6
136.5,12.7
136.2,12.3
135.8,12.3
135.4,12.6
135.4,12.5
135.4,12.4
135.4,12.7
135.3,12.5
135.0,12.5
134.5,12.3
134.1,12.6
134.0,12.6
133.5,12.7
133.1,12.2
133.1,12.5
133.0,12.4
132.6,12.4
132.3,12.6
132.2,12.6
132.0,12.2
131.9,12.2
131.7,12.6
131.4,12.3
131.4,12.3
131.3,12.6
131.3,12.3
131.3,12.3
131.3,12.5
131.2,12.7
130.8,12.4
130.8,12.6
130.4,12.5
130.2,12.6
129.8,12.4
129.3,12.7
129.2,12.5
129.2,12.7
129.2,12.2
129.2,12.7
128.7,12.5
128.3,12.6
128.0,12.4
127.5,12.5
127.5,12.3
127.4,12.4
127.0,12.3
126.5,12.7
126.1,12.2
126.0,12.3
126.0,12.7
125.9,12.5
125.9,12.2
125.4,12.3
125.4,12.4
125.3,12.5
124.9,12.3
124.6,12.5
124.4,12.5
124.1,12.3
123.7,12.7
123.4,12.6
123.4,12.5
123.2,12.3
123.1,12.3
122.9,12.5
122.8,12.3
122.7,12.5
122.3,12.3
121.8,12.5
121.6,12.5
121.6,12.6
121.2,12.4
121.1,12.2
120.6,12.5
120.5,12.3
120.5,12.6
120.5,12.6
120.4,12.2
120.3,12.4
120.2,12.5
120.0,12.3
119.7,12.6
119.3,12.3
119.2,12.4
119.2,12.3
119.2,12.4
118.9,12.6
118.8,12.5
118.7,12.6
118.7,12.6
118.5,12.6
118.4,12.6
118.4,12.6
118.3,12.5
118.1,12.6
118.1,12.6
117.6,12.5
117.4,12.5
117.3,12.4
117.1,12.4
116.8,12.5
116.3,12.7
116.0,12.6
115.6,12.4
115.6,12.3
115.2,12.3
115.2,12.7
115.2,12.6
115.1,12.7
114.7,12.4
114.3,12.7
114.2,12.7
113.7,12.2
113.5,12.5
113.4,12.3
113.4,12.2
113.3,12.2
113.3,12.6
112.8,12.3
112.5,12.2
112.2,12.6
111.9,12.3
111.7,12.3
111.6,12.2
111.5,12.4
111.4,12.3
111.4,12.7
111.4,12.4
111.3,12.4
111.3,12.4
111.2,12.3
110.9,12.5
110.5,12.2
110.1,12.7
110.1,12.6
109.7,12.4
109.6,12.3
109.4,12.2
109.0,12.7
108.9,12.2
108.7,12.3
108.5,12.5
108.3,12.5
107.9,12.7
107.8,12.5
107.8,12.5
107.3,12.4
107.2,12.4
107.2,12.5
106.8,12.6
106.7,12.6
106.3,12.3
106.2,12.4
106.1,12.4
106.1,12.7
106.1,12.3
105.6,12.4
105.6,12.5
105.5,12.6
105.5,12.5
105.0,12.5
104.7,12.5
104.5,12.3
104.4,12.5
104.1,12.3
104.0,12.5
103.5,12.5
103.2,12.3
103.2,12.5
103.1,12.3
103.0,12.5
102.9,12.5
102.9,12.4
102.9,12.3
102.9,12.3
102.6,12.5
102.2,12.4
102.1,12.3
102.0,12.3
101.6,12.6
101.6,12.4
101.2,12.4
101.2,12.4
100.8,12.6
100.8,12.2
100.8,12.5
100.7,12.5
100.6,12.5
100.5,12.6
100.5,12.4
100.5,12.3
100.4,12.4
100.0,12.3
99.5,12.3
99.1,12.2
98.6,12.4
98.5,12.6
98.5,12.6
98.1,12.5
98.1,12.6
97.7,12.3
97.2,12.4
96.9,12.5
96.8,12.3
96.6,12.4
96.6,12.7
96.4,12.5
96.3,12.7
96.0,12.2
95.8,12.6
95.7,12.5
95.2,12.3
95.2,12.5
94.9,12.6
94.6,12.6
94.6,12.4
94.2,12.3
94.2,12.3
93.9,12.3
93.6,12.2
93.6,12.3
93.5,12.4
93.3,12.3
92.8,12.3
92.4,12.6
92.3,12.6
92.3,12.4
91.9,12.3
91.8,12.6
91.5,12.6
91.3,12.5
91.1,12.7
91.0,12.3
90.7,12.2
90.6,12.6
90.2,12.7
89.7,12.4
89.7,12.5
89.2,12.2
88.8,12.5
88.4,12.3
88.4,12.4
87.9,12.7
87.9,12.5
87.8,12.3
87.6,12.5
87.4,12.7
87.3,12.2
87.1,12.5
86.6,12.3
86.6,12.6
86.2,12.6
85.9,12.7
85.9,12.6
85.8,12.6
85.6,12.7
85.1,12.6
84.9,12.6
84.8,12.4
84.4,12.6
84.4,12.6
84.1,12.7
83.8,12.4
83.6,12.7
83.6,12.4
83.5,12.2
83.5,12.6
83.5,12.4
83.1,12.2
83.0,12.4
83.0,12.3
82.7,12.4
82.3,12.3
82.1,12.6
82.0,12.6
81.9,12.2
81.6,12.2
81.4,12.7
81.0,12.6
80.5,12.4
80.5,12.3
80.5,12.5
80.3,12.4
80.0,12.6
79.9,12.2
79.4,12.7
79.0,12.2
78.6,12.5
78.2,12.4
77.9,12.5
77.4,12.2
76.9,12.6
76.5,12.5
76.2,12.4
75.7,12.6
75.3,12.3
75.1,12.3
75.0,12.5
74.9,12.2
74.9,12.5
74.8,12.6
74.8,12.5
74.5,12.4
74.4,12.4
74.4,12.6
74.3,12.2
74.0,12.6
73.7,12.5
73.5,12.3
73.1,12.3
72.6,12.6
72.2,12.5
72.0,12.5
71.7,12.3
71.7,12.4
71.6,12.5
71.6,12.6
71.6,12.4
71.5,12.3
71.2,12.7
70.9,12.5
70.8,12.5
70.8,12.7
70.5,12.5
70.2,12.6
70.1,12.6
69.8,12.2
69.6,12.5
69.5,12.2
69.4,12.5
69.3,12.5
69.1,12.2
68.7,12.4
68.7,12.2
68.4,12.6
68.2,12.7
67.7,12.4
67.7,12.6
67.7,12.3
67.6,12.6
67.5,12.5
67.3,12.4
67.3,12.3
67.1,12.6
67.0,12.7
67.0,12.5
66.9,12.3
66.8,12.6
66.7,12.2
66.6,12.4
66.2,12.2
65.9,12.3
65.6,12.4
65.2,12.6
65.2,12.5
65.1,12.5
64.8,12.6
64.5,12.3
64.4,12.3
64.3,12.4
64.0,12.2
63.9,12.6
63.5,12.5
63.0,12.4
62.7,12.3
62.4,12.6
62.3,12.6
62.0,12.4
61.7,12.3
61.3,12.4
61.0,12.6
60.6,12.4
60.5,12.6
60.2,12.6
60.1,12.4
60.1,12.6
60.0,12.6
59.9,12.5
59.8,12.4
59.5,12.5
59.4,12.5
59.3,12.5
58.9,12.6
58.4,12.4
58.3,12.7
57.9,12.3
57.9,12.5
57.5,12.5
57.1,12.3
57.1,12.5
57.0,12.7
56.8,12.2
56.6,12.3
56.1,12.6
55.6,12.4
55.5,12.3
55.4,12.5
55.0,12.5
54.7,12.3
54.6,12.2
54.3,12.2
53.9,12.2
53.6,12.5
53.3,12.4
53.2,12.6
53.2,12.7
53.1,12.3
53.0,12.6
53.0,12.4
52.7,12.7
52.5,12.2
52.2,12.7
52.0,12.6
51.9,12.4
51.7,12.3
51.6,12.4
51.6,12.5
51.4,12.6
51.4,12.3
51.1,12.4
51.0,12.3
51.0,12.4
51.0,12.3
50.9,12.3
50.6,12.2
50.5,12.6
50.5,12.4
50.4,12.6
50.2,12.4
49.8,12.5
49.8,12.3
49.7,12.3
49.3,12.7
49.0,12.5
48.9,12.3
48.6,12.7
48.6,12.2
48.3,12.5
48.3,12.2
47.8,12.3
47.4,12.4
47.0,12.6
46.9,12.4
46.9,12.3
46.8,12.6
46.7,12.3
46.5,12.6
46.4,12.3
46.3,12.3
46.3,12.3
45.9,12.5
45.6,12.3
45.5,12.2
45.1,12.7
45.0,12.5
44.7,12.2
44.5,12.7
44.4,12.2
44.4,12.5
44.0,12.3
43.9,12.5
43.6,12.4
43.5,12.7
43.5,12.6
43.4,12.6
43.4,12.5
43.2,12.3
42.8,12.5
42.7,12.7
42.7,12.3
42.6,12.5
42.6,12.3
42.1,12.4
41.9,12.3
41.8,12.6
41.6,12.4
41.5,12.5
41.4,12.2
41.4,12.5
41.4,12.7
41.3,12.3
41.0,12.5
40.7,12.4
40.2,12.4
40.2,12.5
39.9,12.5
39.6,12.2
39.2,12.3
39.2,12.3
38.9,12.4
38.9,12.7
38.4,12.5
38.4,12.5
37.9,12.3
37.9,12.2
37.4,12.3
37.1,12.6
37.0,12.7
36.8,12.4
36.4,12.2
36.3,12.4
36.1,12.3
35.8,12.5
35.8,12.2
35.7,12.2
35.3,12.6
35.0,12.7
34.8,12.4
34.8,12.5
34.5,12.3
34.2,12.4
34.1,12.5
34.1,12.3
33.9,12.5
33.8,12.4
33.7,12.3
33.3,12.3
33.3,12.4
33.2,12.4
32.7,12.6
32.3,12.5
32.2,12.4
32.2,12.3
31.9,12.5
31.9,12.4
31.9,12.6
31.6,12.4
31.6,12.4
31.5,12.3
31.3,12.3
30.9,12.5
30.9,12.5
30.5,12.5
30.3,12.6
30.2,12.5
29.8,12.3
29.8,12.3
29.7,12.3
29.3,12.3
28.9,12.3
28.9,12.5
28.8,12.6
28.6,12.5
28.5,12.5
28.2,12.4
27.9,12.3
27.9,12.3
27.7,12.3
27.3,12.3
27.3,12.3
26.8,12.6
26.8,12.3
26.7,12.5
26.5,12.7
26.2,12.5
26.1,12.2
25.7,12.5
25.7,12.7
25.7,12.4
25.7,12.5
25.5,12.3
25.4,12.4
25.1,12.7
25.1,12.7
25.0,12.6
24.8,12.2
24.7,12.3
24.5,12.4
24.3,12.5
23.8,12.5
23.8,12.3
23.4,12.3
23.0,12.6
23.0,12.4
22.7,12.5
22.5,12.6
22.3,12.4
22.1,12.3
21.7,12.2
21.2,12.3
21.2,12.3
21.1,12.2
21.1,12.3
20.8,12.2
20.7,12.4
20.5,12.4
20.2,12.3
20.1,12.4
20.1,12.2
19.6,12.3
19.6,12.4
19.6,12.4
19.5,12.3
19.5,12.6
19.4,12.4
19.3,12.3
19.0,12.3
18.9,12.3
18.9,12.3
18.6,12.6
18.5,12.6
18.2,12.5
18.2,12.6
18.1,12.7
17.8,12.4
17.4,12.5
17.0,12.6
17.0,12.3
17.0,12.5
17.0,12.6
16.9,12.3
16.5,12.5
16.1,12.5
15.6,12.6
15.4,12.5
15.3,12.3
15.3,12.7
15.2,12.6
14.7,12.3
14.4,12.3
14.1,12.5
14.0,12.4
13.6,12.3
13.3,12.5
13.3,12.6
13.0,12.5
12.9,12.4
12.9,12.2
12.9,12.5
12.4,12.2
12.2,12.5
12.2,12.3
12.1,12.4
11.7,12.4
11.4,12.4
11.3,12.4
10.9,12.7
10.6,12.5
10.6,12.7
10.3,12.3
10.2,12.5
10.1,12.5
10.1,12.3
9.9,12.7
9.8,12.6
9.5,12.3
9.2,12.4
8.8,12.7
8.8,12.7
8.5,12.6
8.0,12.6
7.9,12.4
7.9,12.5
7.6,12.6
7.3,12.6
7.2,12.4
7.2,12.5
7.1,12.7
6.8,12.3
6.4,12.6
6.0,12.5
6.0,12.4
6.0,12.4
5.9,12.6
5.6,12.7
5.1,12.6
4.8,12.6
4.4,12.4
4.2,12.5
4.1,12.2
4.0,12.3
3.6,12.6
3.3,12.6
3.1,12.5
3.0,12.4
3.0,12.6
2.6,12.3
2.6,12.2
2.5,12.6
2.4,12.5
2.1,12.2
1.8,12.6
1.5,12.2
1.2,12.6
1.1,12.3
1.0,12.6
1.0,12.3
0.6,12.3
0.2,12.7
234.6,12.6
232.1,12.7
232.0,12.5
232.0,12.5
231.9,12.2
231.8,12.3
231.4,12.4
231.4,12.3
231.4,12.3
231.0,12.4
231.0,12.7
230.5,12.4
230.2,12.7
229.8,12.4
229.4,12.2
229.4,12.5
229.1,12.5
229.1,12.4
228.7,12.7
228.7,12.4
228.2,12.3
228.0,12.5
227.8,12.3
227.5,12.4
227.2,12.7
226.9,12.6
226.6,12.3
226.6,12.4
226.3,12.3
225.9,12.3
225.4,12.3
225.2,12.4
224.8,12.5
224.4,12.5
224.4,12.5
224.1,12.6
223.6,12.5
223.4,12.3
223.1,12.4
223.0,12.2
222.9,12.5
222.7,12.7
222.5,12.6
222.2,12.2
222.2,12.2
221.8,12.3
221.4,12.6
221.3,12.5
221.0,12.6
220.6,12.3
220.3,12.5
219.9,12.7
219.9,12.5
219.8,12.6
219.8,12.4
219.7,12.2
219.4,12.3
219.3,12.3
219.2,12.5
219.1,12.7
218.8,12.2
218.5,12.5
218.3,12.5
218.1,12.6
218.1,12.4
218.0,12.7
217.9,12.6
217.7,12.4
217.5,12.2
217.4,12.5
217.3,12.6
217.3,12.5
216.9,12.2
216.6,12.6
216.2,12.4
215.8,12.5
215.7,12.2
215.5,12.7
215.0,12.3
214.6,12.3
214.2,12.2
214.1,12.6
214.0,12.4
214.0,12.7
213.7,12.7
213.6,12.6
213.6,12.3
213.3,12.6
213.3,12.5
213.2,12.4
213.2,12.6
212.8,12.6
212.3,12.2
211.9,12.3
211.4,12.2
211.2,12.5
210.8,12.2
210.7,12.3
210.4,12.6
210.4,12.3
209.9,12.3
209.9,12.4
209.8,12.6
209.8,12.6
209.6,12.6
209.2,12.5
209.1,12.3
208.8,12.3
208.8,12.3
208.4,12.4
208.0,12.2
207.9,12.6
207.8,12.5
207.6,12.4
207.2,12.5
206.9,12.4
206.8,12.3
206.7,12.3
206.7,12.6
206.5,12.6
206.4,12.4
206.2,12.6
206.1,12.4
205.7,12.4
205.7,12.2
205.5,12.6
205.1,12.5
205.1,12.6
205.0,12.5
204.7,12.5
204.3,12.4
203.8,12.6
203.8,12.5
203.5,12.3
203.5,12.4
203.5,12.5
203.4,12.6
203.4,12.6
203.1,12.5
202.8,12.4
202.7,12.5
202.6,12.5
202.4,12.7
202.4,12.6
202.1,12.3
201.6,12.7
201.6,12.6
201.5,12.2
201.5,12.3
201.5,12.4
201.2,12.7
201.2,12.5
200.9,12.5
200.9,12.7
200.4,12.6
200.2,12.5
200.1,12.3
200.0,12.7
199.7,12.3
199.4,12.4
199.3,12.6
199.3,12.6
199.3,12.2
198.8,12.7
198.6,12.6
198.6,12.2
198.2,12.3
198.2,12.4
198.1,12.5
197.9,12.2
197.8,12.4
197.5,12.7
197.1,12.3
196.8,12.5
196.7,12.4
196.3,12.3
196.3,12.6
195.8,12.2
195.8,12.3
195.7,12.3
195.3,12.5
195.3,12.5
195.3,12.5
195.0,12.3
194.9,12.3
194.5,12.2
194.2,12.3
193.8,12.2
193.3,12.4
193.3,12.2
193.0,12.4
193.0,12.3
192.9,12.6
192.5,12.6
192.1,12.2
191.8,12.3
191.4,12.3
190.9,12.3
190.6,12.7
190.4,12.7
190.1,12.4
190.0,12.6
190.0,12.3
189.7,12.6
189.6,12.4
189.6,12.5
189.6,12.6
189.2,12.3
189.1,12.6
188.6,12.5
188.3,12.5
187.9,12.4
187.4,12.5
187.0,12.3
187.0,12.3
186.9,12.4
186.7,12.4
186.7,12.4
186.3,12.7
185.8,12.3
185.7,12.7
185.5,12.5
185.2,12.3
185.1,12.4
184.6,12.6
184.3,12.7
183.9,12.5
183.8,12.6
183.6,12.5
183.3,12.5
183.0,12.7
182.9,12.5
182.9,12.4
182.8,12.6
182.8,12.5
182.3,12.6
182.1,12.5
181.7,12.3
181.6,12.3
181.3,12.3
181.3,12.4
181.3,12.6
181.0,12.5
180.9,12.5
180.9,12.6
180.8,12.3
180.8,12.5
180.6,12.3
180.5,12.3
180.0,12.2
180.0,12.3
179.7,12.2
179.2,12.4
179.2,12.6
178.8,12.4
178.4,12.7
178.4,12.5
178.3,12.6
178.1,12.6
177.7,12.5
177.6,12.4
177.6,12.6
177.5,12.6
177.5,12.3
177.4,12.5
177.1,12.3
176.8,12.7
176.5,12.5
176.5,12.6
176.0,12.4
175.8,12.6
175.7,12.6
175.7,12.4
175.2,12.3
174.8,12.7
174.7,12.6
174.7,12.4
174.4,12.7
174.3,12.4
174.3,12.2
174.3,12.2
174.1,12.5
173.7,12.5
173.6,12.5
173.5,12.5
173.0,12.3
172.6,12.5
172.6,12.4
172.5,12.6
172.5,12.6
172.5,12.2
172.4,12.3
172.4,12.4
172.3,12.5
172.3,12.3
171.8,12.6
171.7,12.3
171.7,12.4
171.4,12.5
171.0,12.3
170.6,12.6
170.5,12.3
170.1,12.3
169.8,12.3
169.8,12.4
169.3,12.3
169.0,12.3
168.6,12.7
168.6,12.6
168.1,12.4
168.1,12.4
168.0,12.3
168.0,12.5
167.7,12.4
167.6,12.3
167.3,12.4
167.0,12.3
166.9,12.7
166.6,12.5
166.2,12.2
166.1,12.2
165.7,12.4
165.7,12.5
165.6,12.6
165.6,12.2
165.5,12.2
165.3,12.3
165.2,12.5
165.0,12.7
164.6,12.6
164.6,12.3
164.6,12.6
164.5,12.4
164.4,12.5
164.3,12.2
163.9,12.2
163.5,12.7
163.2,12.4
162.8,12.3
162.7,12.7
162.5,12.4
162.0,12.6
161.8,12.3
161.7,12.6
161.7,12.3
161.4,12.5
161.4,12.5
161.4,12.3
161.3,12.6
161.2,12.6
160.8,12.5
160.8,12.5
160.8,12.7
160.4,12.2
160.4,12.3
160.4,12.3
160.3,12.2
160.2,12.4
160.0,12.4
159.6,12.3
159.6,12.3
159.5,12.6
159.5,12.5
159.1,12.6
159.0,12.6
158.7,12.4
158.4,12.5
158.1,12.6
158.1,12.6
158.0,12.6
157.6,12.7
157.5,12.2
157.3,12.4
157.3,12.7
156.8,12.4
156.7,12.2
156.7,12.2
156.3,12.3
156.0,12.6
155.6,12.4
155.1,12.5
155.1,12.3
155.0,12.3
155.0,12.4
154.7,12.5
154.7,12.4
154.7,12.5
154.6,12.4
154.1,12.5
154.0,12.4
154.0,12.6
153.5,12.4
153.5,12.5
153.4,12.6
153.0,12.3
152.9,12.6
152.9,12.2
152.5,12.3
152.5,12.5
152.1,12.4
151.8,12.5
151.8,12.5
151.4,12.3
151.3,12.6
151.3,12.2
150.8,12.4
150.7,12.6
150.7,12.3
150.6,12.7
150.5,12.5
150.5,12.3
150.2,12.2
150.1,12.6
150.1,12.6
149.8,12.5
149.5,12.3
149.1,12.5
148.7,12.3
148.7,12.3
148.3,12.4
148.3,12.4
148.3,12.6
148.3,12.4
147.8,12.7
147.8,12.6
147.6,12.7
147.6,12.3
147.3,12.5
147.2,12.7
147.2,12.5
147.1,12.3
146.7,12.3
146.7,12.7
146.7,12.5
146.3,12.6
146.2,12.6
146.1,12.5
146.0,12.7
145.7,12.4
145.4,12.6
145.3,12.2
145.0,12.7
144.6,12.4
144.2,12.5
144.2,12.7
144.1,12.4
144.1,12.5
144.0,12.5
143.8,12.2
143.7,12.7
143.3,12.2
143.3,12.4
143.0,12.5
142.9,12.2
142.9,12.4
142.6,12.5
142.5,12.3
142.5,12.5
142.0,12.4
141.9,12.6
141.7,12.2
141.7,12.6
141.4,12.4
140.9,12.3
140.7,12.3
140.4,12.5
140.2,12.6
140.1,12.3
140.1,12.5
140.0,12.6
139.7,12.3
139.6,12.3
139.2,12.3
139.1,12.4
139.0,12.3
139.0,12.5
138.9,12.4
138.8,12.3
138.3,12.6
137.9,12.6
137.8,12.3
137.7,12.5
137.7,12.5
137.4,12.5
137.4,12.5
137.1,12.6
136.8,12.3
136.7,12.6
136.7,12.7
136.2,12.3
136.2,12.6
135.8,12.5
135.6,12.5
135.5,12.5
135.5,12.6
135.4,12.4
135.4,12.4
135.4,12.6
135.3,12.2
135.2,12.3
135.2,12.6
134.7,12.6
134.7,12.5
134.7,12.5
134.3,12.2
134.2,12.6
134.1,12.4
133.9,12.3
133.9,12.4
133.8,12.2
133.6,12.3
133.2,12.4
132.7,12.7
132.7,12.6
132.4,12.4
131.9,12.5
131.5,12.5
131.4,12.6
131.4,12.3
131.3,12.5
131.3,12.6
130.8,12.4
130.8,12.5
130.6,12.3
130.4,12.5
130.0,12.3
129.6,12.6
129.5,12.4
129.4,12.7
129.3,12.5
128.9,12.3
128.7,12.7
128.6,12.2
128.5,12.7
128.2,12.5
128.1,12.6
128.1,12.5
128.0,12.6
128.0,12.2
127.7,12.5
127.7,12.6
127.3,12.2
127.1,12.5
127.0,12.7
127.0,12.3
126.5,12.6
126.1,12.3
125.8,12.4
125.8,12.6
125.8,12.3
125.7,12.6
125.7,12.4
125.6,12.4
125.3,12.6
125.3,12.6
124.9,12.6
124.7,12.5
124.6,12.7
124.6,12.5
124.5,12.4
124.5,12.3
124.2,12.3
124.1,12.5
124.1,12.4
123.7,12.7
123.2,12.4
123.2,12.4
122.9,12.3
122.4,12.4
122.3,12.2
122.1,12.2
121.9,12.2
121.7,12.3
121.6,12.5
121.3,12.5
121.3,12.6
120.8,12.7
120.4,12.5
120.4,12.7
119.9,12.5
119.9,12.3
119.5,12.4
119.2,12.3
118.8,12.4
118.7,12.5
118.3,12.5
118.0,12.4
117.7,12.6
117.4,12.4
117.1,12.4
116.7,12.7
116.4,12.7
116.3,12.4
116.2,12.2
116.1,12.4
115.9,12.5
115.4,12.4
115.3,12.6
115.3,12.6
114.8,12.3
114.4,12.4
114.3,12.6
114.3,12.2
114.3,12.6
114.2,12.4
113.8,12.7
113.3,12.5
112.9,12.2
112.6,12.4
112.3,12.3
111.8,12.4
111.8,12.6
111.8,12.3
111.8,12.5
111.7,12.3
111.6,12.3
111.3,12.4
111.3,12.6
111.2,12.6
110.8,12.7
110.7,12.4
110.6,12.3
110.6,12.3
110.3,12.2
109.9,12.4
109.9,12.4
109.9,12.4
109.7,12.4
109.6,12.5
109.3,12.7
108.8,12.4
108.6,12.7
108.2,12.7
107.7,12.5
107.3,12.7
107.3,12.5
107.3,12.2
106.9,12.6
106.5,12.5
106.1,12.3
106.0,12.5
105.6,12.4
105.5,12.6
105.5,12.4
105.2,12.6
105.0,12.2
104.6,12.4
104.5,12.7
104.5,12.7
104.0,12.4
104.0,12.4
103.5,12.4
103.4,12.2
103.0,12.4
103.0,12.6
102.7,12.3
102.4,12.4
102.0,12.2
101.7,12.2
101.4,12.2
101.2,12.6
101.1,12.3
100.9,12.5
100.7,12.3
100.6,12.6
100.5,12.5
100.3,12.3
99.8,12.3
99.4,12.4
99.2,12.5
98.7,12.2
98.7,12.6
98.2,12.6
97.8,12.5
97.8,12.6
97.4,12.5
97.0,12.4
96.9,12.4
96.7,12.2
96.6,12.4
96.1,12.5
95.8,12.5
95.6,12.6
95.5,12.3
95.2,12.2
94.8,12.3
94.4,12.6
94.3,12.5
94.2,12.3
94.1,12.6
93.8,12.6
93.3,12.6
93.2,12.6
92.8,12.4
92.6,12.4
92.5,12.4
92.2,12.6
91.8,12.4
91.8,12.4
91.7,12.5
91.6,12.6
91.4,12.3
91.3,12.5
91.3,12.6
91.3,12.7
91.2,12.3
91.1,12.5
90.9,12.6
90.7,12.5
90.6,12.6
90.6,12.6
90.1,12.5
90.0,12.5
90.0,12.3
89.9,12.3
89.4,12.4
89.4,12.7
88.9,12.3
88.6,12.5
88.1,12.5
88.0,12.3
87.6,12.3
87.2,12.6
87.0,12.5
86.9,12.4
86.8,12.3
86.3,12.4
86.0,12.3
85.7,12.7
85.7,12.5
85.3,12.6
85.1,12.6
84.6,12.3
84.6,12.6
84.1,12.7
83.7,12.7
83.5,12.3
83.1,12.6
82.7,12.5
82.3,12.2
82.2,12.3
82.0,12.2
81.9,12.4
81.7,12.2
81.3,12.6
81.0,12.2
81.0,12.5
81.0,12.3
80.9,12.6
80.8,12.3
80.5,12.4
80.1,12.4
80.1,12.3
79.8,12.3
79.8,12.6
79.8,12.6
79.5,12.3
79.4,12.5
79.3,12.2
79.1,12.6
78.7,12.5
78.6,12.7
78.6,12.4
78.5,12.5
78.3,12.5
78.3,12.4
78.2,12.7
78.0,12.4
77.9,12.6
77.7,12.3
77.6,12.6
77.2,12.3
76.9,12.5
76.9,12.6
76.8,12.4
76.7,12.7
76.3,12.5
76.1,12.4
75.6,12.6
75.2,12.6
74.9,12.5
74.6,12.5
74.5,12.3
74.5,12.5
74.4,12.5
74.4,12.3
73.9,12.6
73.5,12.5
73.5,12.2
73.4,12.5
73.4,12.4
73.0,12.5
73.0,12.5
72.9,12.3
72.9,12.7
72.6,12.2
72.6,12.3
72.3,12.2
72.0,12.2
72.0,12.2
71.5,12.6
71.1,12.4
71.1,12.2
70.7,12.3
70.4,12.4
70.4,12.5
70.3,12.2
70.2,12.2
70.2,12.3
70.2,12.6
69.8,12.3
69.6,12.3
69.3,12.5
69.2,12.5
68.7,12.5
68.3,12.6
68.3,12.3
68.2,12.6
67.8,12.4
67.7,12.4
67.4,12.2
67.3,12.7
67.3,12.5
66.9,12.4
66.8,12.4
66.5,12.4
66.5,12.3
66.2,12.3
66.2,12.4
65.8,12.7
65.3,12.6
65.2,12.5
65.0,12.3
64.9,12.6
64.9,12.3
64.9,12.6
64.6,12.6
64.2,12.4
64.2,12.7
64.1,12.4
63.9,12.3
63.9,12.3
63.4,12.6
62.9,12.5
62.6,12.3
62.6,12.6
62.6,12.4
62.3,12.3
62.2,12.5
61.7,12.6
61.7,12.3
61.6,12.4
61.3,12.2
61.3,12.5
61.2,12.3
60.8,12.5
60.7,12.4
60.7,12.6
60.6,12.5
60.5,12.5
60.4,12.5
60.0,12.4
59.5,12.4
59.5,12.5
59.1,12.7
58.8,12.3
58.7,12.5
58.7,12.3
58.2,12.6
58.2,12.2
58.2,12.5
58.1,12.2
58.1,12.4
57.7,12.4
57.3,12.6
56.8,12.5
56.6,12.4
56.3,12.3
56.2,12.4
55.8,12.4
55.4,12.3
55.0,12.4
54.9,12.6
54.5,12.3
54.4,12.6
54.4,12.4
54.4,12.3
54.3,12.5
54.2,12.6
54.1,12.3
53.7,12.3
53.4,12.4
53.1,12.2
53.1,12.2
53.0,12.6
52.7,12.2
52.4,12.4
52.4,12.2
52.4,12.6
52.3,12.5
52.3,12.6
52.3,12.4
52.2,12.6
51.9,12.3
51.6,12.3
51.2,12.6
50.8,12.6
50.4,12.5
50.0,12.3
50.0,12.4
49.6,12.3
49.1,12.7
49.1,12.4
48.8,12.7
48.7,12.6
48.7,12.4
48.7,12.5
48.6,12.5
48.3,12.6
48.2,12.7
48.2,12.6
47.9,12.4
47.8,12.7
47.4,12.3
47.2,12.6
47.1,12.2
47.1,12.4
47.0,12.4
47.0,12.4
46.7,12.6
46.7,12.6
46.7,12.7
46.3,12.5
46.1,12.4
45.7,12.2
45.7,12.5
45.4,12.6
45.0,12.2
44.5,12.4
44.4,12.5
44.4,12.4
44.0,12.3
43.8,12.5
43.6,12.5
43.5,12.6
43.5,12.5
43.1,12.3
43.0,12.4
42.6,12.5
42.2,12.6
42.1,12.4
42.0,12.4
41.8,12.3
41.4,12.6
41.4,12.3
41.4,12.3
41.3,12.6
41.2,12.2
41.2,12.6
40.7,12.6
40.6,12.4
40.6,12.5
40.3,12.5
39.9,12.3
39.6,12.3
39.5,12.7
39.4,12.5
39.4,12.5
39.3,12.6
39.3,12.4
38.8,12.3
38.8,12.3
38.7,12.6
38.7,12.4
38.6,12.5
38.5,12.2
38.2,12.2
38.1,12.6
38.1,12.7
38.1,12.3
38.0,12.6
37.6,12.4
37.6,12.3
37.4,12.4
37.3,12.6
36.9,12.3
36.9,12.3
36.9,12.6
36.8,12.4
36.6,12.4
36.2,12.2
35.9,12.5
35.9,12.3
35.8,12.5
35.7,12.3
35.4,12.4
35.4,12.3
35.3,12.3
35.3,12.3
35.2,12.6
35.1,12.7
35.1,12.4
35.1,12.4
35.1,12.4
34.8,12.3
34.7,12.5
34.7,12.4
34.7,12.3
34.4,12.3
34.3,12.6
34.3,12.3
34.2,12.4
33.8,12.5
33.4,12.6
32.9,12.6
32.8,12.3
32.8,12.5
32.3,12.6
32.3,12.4
31.8,12.3
31.7,12.6
31.6,12.6
31.6,12.6
31.3,12.7
31.2,12.2
31.1,12.6
31.1,12.6
30.7,12.5
30.2,12.6
29.7,12.5
29.7,12.4
29.6,12.6
29.4,12.2
29.1,12.5
29.0,12.2
28.7,12.5
28.7,12.3
28.5,12.7
28.4,12.6
28.1,12.5
28.0,12.3
27.9,12.3
27.9,12.3
27.8,12.5
27.7,12.5
27.6,12.5
27.6,12.6
27.3,12.3
26.8,12.5
26.6,12.5
26.5,12.2
26.4,12.6
26.0,12.7
25.9,12.2
25.8,12.4
25.4,12.4
25.4,12.4
25.1,12.3
25.0,12.5
25.0,12.3
24.5,12.2
24.3,12.3
24.2,12.6
23.7,12.4
23.5,12.5
23.4,12.4
23.4,12.5
23.0,12.7
22.5,12.3
22.4,12.2
22.4,12.5
22.0,12.4
22.0,12.5
21.9,12.3
21.6,12.6
21.1,12.2
20.8,12.5
20.4,12.4
20.3,12.3
20.3,12.7
20.3,12.3
20.2,12.4
20.0,12.3
19.9,12.4
19.9,12.3
19.5,12.5
19.2,12.4
19.2,12.4
18.8,12.4
18.5,12.6
18.4,12.3
18.0,12.4
18.0,12.6
17.7,12.7
17.7,12.3
17.6,12.6
17.3,12.3
16.8,12.3
16.5,12.3
16.3,12.3
15.9,12.4
15.9,12.6
15.5,12.4
15.4,12.5
15.3,12.6
15.3,12.6
15.3,12.2
14.9,12.4
14.8,12.4
14.4,12.3
14.4,12.3
14.0,12.2
13.6,12.5
13.6,12.4
13.5,12.2
13.5,12.6
13.0,12.6
12.8,12.7
12.3,12.2
12.3,12.3
12.0,12.6
11.9,12.5
11.9,12.5
11.7,12.3
11.3,12.4
11.3,12.4
11.2,12.4
11.2,12.3
10.9,12.3
10.6,12.3
10.6,12.5
10.3,12.3
10.0,12.4
10.0,12.6
9.6,12.5
9.2,12.3
9.1,12.3
8.7,12.3
8.6,12.7
8.5,12.4
8.1,12.5
7.7,12.7
7.7,12.2
7.6,12.2
7.1,12.3
7.1,12.7
6.8,12.7
6.5,12.7
6.5,12.6
6.4,12.3
6.1,12.4
6.1,12.5
6.1,12.6
6.1,12.4
6.0,12.2
5.9,12.2
5.9,12.6
5.6,12.6
5.2,12.6
5.1,12.5
5.0,12.4
4.6,12.4
4.5,12.6
4.5,12.5
4.0,12.5
4.0,12.4
3.6,12.6
3.6,12.7
3.5,12.5
3.4,12.3
2.9,12.3
2.6,12.4
2.6,12.6
2.5,12.5
2.5,12.4
2.4,12.5
2.2,12.3
2.2,12.5
2.1,12.3
2.0,12.4
2.0,12.3
2.0,12.7
1.6,12.4
1.1,12.6
1.1,12.5
1.0,12.6
0.8,12.2
0.6,12.2
0.2,12.3
0.1,12.5
240.0,12.7
231.6,12.5
231.2,12.5
231.2,12.5
231.1,12.5
230.7,12.5
230.3,12.5
229.9,12.5
229.9,12.3
229.9,12.3
229.9,12.6
229.6,12.4
229.4,12.2
229.3,12.3
228.8,12.7
228.8,12.6
228.4,12.2
228.3,12.7
228.2,12.6
228.2,12.4
227.8,12.4
227.4,12.3
227.3,12.6
227.3,12.5
227.2,12.5
227.0,12.7
226.7,12.3
226.4,12.6
226.4,12.7
226.3,12.5
226.2,12.2
226.2,12.6
226.1,12.6
226.1,12.3
226.0,12.4
225.6,12.5
225.3,12.3
225.2,12.5
224.8,12.6
224.5,12.6
224.5,12.5
224.4,12.5
224.4,12.7
224.1,12.3
223.7,12.6
223.3,12.3
223.2,12.3
223.1,12.7
223.0,12.3
223.0,12.3
223.0,12.3
222.7,12.3
222.3,12.4
222.1,12.3
222.1,12.2
222.1,12.6
221.6,12.3
221.3,12.5
221.2,12.2
221.1,12.3
220.7,12.3
220.4,12.6
220.1,12.5
219.8,12.4
219.7,12.4
219.5,12.4
219.2,12.6
218.8,12.6
218.5,12.5
218.3,12.4
218.2,12.5
218.2,12.5
217.9,12.4
217.5,12.3
217.2,12.4
217.0,12.4
217.0,12.7
216.7,12.7
216.6,12.3
216.6,12.7
216.5,12.5
216.2,12.3
216.1,12.4
216.1,12.6
216.0,12.2
216.0,12.7
215.7,12.6
215.4,12.4
215.0,12.3
214.6,12.6
214.3,12.4
214.3,12.5
213.9,12.3
213.9,12.5
213.8,12.5
213.5,12.6
213.1,12.4
212.9,12.6
212.6,12.6
212.5,12.6
212.2,12.5
212.1,12.4
212.1,12.5
211.9,12.3
211.8,12.4
211.6,12.4
211.5,12.7
211.1,12.3
211.0,12.4
210.9,12.7
210.6,12.6
210.6,12.5
210.2,12.4
210.1,12.2
210.1,12.5
210.0,12.6
210.0,12.5
209.9,12.3
209.4,12.5
209.0,12.3
209.0,12.5
208.7,12.6
208.7,12.5
208.6,12.3
208.3,12.4
208.0,12.3
208.0,12.4
207.9,12.3
207.9,12.4
207.6,12.4
207.6,12.5
207.5,12.5
207.4,12.3
207.0,12.7
207.0,12.3
206.9,12.5
206.9,12.6
206.7,12.7
206.3,12.6
206.3,12.5
206.0,12.7
206.0,12.4
205.7,12.5
205.4,12.6
205.3,12.6
205.3,12.6
204.9,12.4
204.8,12.5
204.8,12.7
204.3,12.3
204.3,12.2
204.2,12.6
203.9,12.6
203.9,12.5
203.8,12.3
203.6,12.4
203.1,12.6
203.1,12.3
203.0,12.3
202.7,12.2
202.7,12.6
202.6,12.3
202.3,12.4
201.9,12.6
201.9,12.3
201.8,12.4
201.8,12.6
201.3,12.6
200.9,12.3
200.7,12.5
200.2,12.7
200.1,12.3
200.0,12.4
199.8,12.7
199.7,12.5
199.5,12.3
199.4,12.4
199.0,12.4
199.0,12.5
198.5,12.6
198.1,12.4
198.1,12.2
197.7,12.4
197.6,12.5
197.6,12.2
197.3,12.4
197.0,12.5
196.6,12.7
196.3,12.6
196.2,12.4
196.2,12.3
196.0,12.6
195.9,12.5
195.5,12.5
195.5,12.4
195.2,12.3
195.0,12.4
194.9,12.4
194.9,12.4
194.5,12.6
194.2,12.2
193.8,12.3
193.5,12.4
193.1,12.3
192.7,12.2
192.6,12.5
192.3,12.3
192.3,12.3
192.1,12.5
191.7,12.6
191.6,12.6
191.2,12.7
191.1,12.2
190.6,12.3
190.4,12.6
190.3,12.7
190.1,12.5
190.0,12.3
190.0,12.3
189.6,12.6
189.6,12.3
189.1,12.5
188.8,12.2
188.7,12.6
188.5,12.5
188.4,12.4
188.0,12.7
187.9,12.5
187.6,12.5
187.5,12.5
187.5,12.5
187.4,12.4
187.4,12.4
186.9,12.5
186.7,12.6
186.3,12.5
185.8,12.4
185.8,12.5
185.7,12.6
185.7,12.7
185.7,12.7
185.6,12.5
185.6,12.3
185.3,12.5
185.3,12.4
185.3,12.3
184.8,12.6
184.6,12.3
184.1,12.4
183.8,12.3
183.4,12.6
183.3,12.4
182.9,12.6
182.6,12.3
182.4,12.7
182.1,12.7
182.0,12.5
181.8,12.4
181.8,12.4
181.8,12.6
181.4,12.6
181.4,12.6
181.2,12.4
181.2,12.5
181.1,12.3
181.1,12.6
181.0,12.7
181.0,12.6
180.7,12.6
180.2,12.4
180.2,12.3
180.1,12.7
180.1,12.5
180.0,12.5
179.6,12.3
179.3,12.3
178.9,12.3
178.6,12.2
178.5,12.3
178.5,12.6
178.2,12.6
177.7,12.4
177.7,12.4
177.6,12.3
177.6,12.3
177.2,12.4
177.0,12.4
176.6,12.3
176.5,12.3
176.5,12.2
176.5,12.2
176.3,12.4
175.8,12.2
175.5,12.3
175.3,12.6
175.2,12.6
174.9,12.3
174.6,12.4
174.6,12.5
174.3,12.4
174.3,12.2
174.3,12.6
174.2,12.5
174.2,12.5
174.0,12.4
173.9,12.5
173.4,12.2
173.0,12.5
173.0,12.3
172.8,12.4
172.7,12.4
172.6,12.7
172.3,12.5
171.8,12.4
171.8,12.6
171.7,12.6
171.6,12.5
171.6,12.7
171.2,12.5
170.7,12.6
170.5,12.4
170.2,12.6
170.1,12.4
170.1,12.5
169.7,12.3
169.6,12.7
169.3,12.6
169.0,12.7
168.8,12.6
168.8,12.4
168.6,12.6
168.2,12.5
167.7,12.4
167.6,12.5
167.6,12.2
167.6,12.6
167.5,12.2
167.2,12.6
167.2,12.3
167.1,12.6
167.0,12.4
166.5,12.7
166.3,12.7
166.1,12.2
166.1,12.2
165.7,12.5
165.4,12.5
165.3,12.3
165.3,12.6
165.3,12.4
164.9,12.2
164.5,12.3
164.1,12.4
163.8,12.4
163.7,12.6
163.6,12.3
163.4,12.2
163.3,12.7
163.1,12.6
163.0,12.4
162.9,12.2
162.4,12.6
162.3,12.6
162.0,12.5
162.0,12.5
161.7,12.7
161.3,12.6
161.3,12.5
160.9,12.3
160.5,12.5
160.5,12.3
160.0,12.4
159.6,12.2
159.4,12.4
158.9,12.7
158.9,12.4
158.9,12.3
158.9,12.3
158.8,12.3
158.3,12.2
158.3,12.2
158.2,12.3
157.9,12.3
157.5,12.5
157.2,12.5
157.1,12.6
157.1,12.7
156.8,12.2
156.4,12.4
156.1,12.4
156.1,12.6
156.0,12.3
155.6,12.3
155.5,12.4
155.5,12.2
155.2,12.6
155.1,12.5
155.1,12.4
155.0,12.6
154.9,12.3
154.9,12.4
154.8,12.4
154.8,12.2
154.5,12.3
154.4,12.4
153.9,12.3
153.9,12.3
153.9,12.7
153.7,12.7
153.2,12.4
152.7,12.5
152.5,12.2
152.4,12.2
152.0,12.3
151.5,12.2
151.5,12.5
151.4,12.5
151.4,12.3
151.4,12.5
151.4,12.6
150.9,12.3
150.7,12.7
150.6,12.6
150.6,12.4
150.6,12.7
150.1,12.6
150.1,12.3
149.8,12.6
149.7,12.5
149.6,12.6
149.2,12.5
149.0,12.4
148.7,12.7
148.7,12.4
148.7,12.4
148.6,12.6
148.6,12.5
148.5,12.5
148.4,12.5
148.3,12.5
148.0,12.4
148.0,12.4
147.5,12.6
147.5,12.5
147.1,12.4
146.9,12.6
146.8,12.7
146.8,12.2
146.8,12.5
146.8,12.6
146.4,12.4
146.4,12.5
146.1,12.4
146.0,12.2
146.0,12.3
145.5,12.3
145.2,12.5
144.8,12.4
144.4,12.2
144.4,12.4
144.2,12.3
144.1,12.3
144.1,12.5
143.8,12.7
143.7,12.4
143.5,12.3
143.4,12.6
143.0,12.4
142.9,12.4
142.7,12.7
142.6,12.4
142.3,12.6
142.0,12.6
141.6,12.5
141.2,12.3
141.1,12.4
140.8,12.5
140.7,12.7
140.3,12.5
140.1,12.6
139.6,12.3
139.6,12.6
139.2,12.7
138.7,12.6
138.5,12.2
138.1,12.3
137.7,12.2
137.4,12.3
137.3,12.2
137.3,12.5
136.9,12.2
136.6,12.6
136.1,12.3
135.7,12.3
135.5,12.7
135.1,12.4
135.1,12.4
135.0,12.3
134.5,12.6
134.4,12.3
134.4,12.5
134.3,12.7
134.1,12.5
133.6,12.6
133.5,12.3
133.5,12.4
133.5,12.2
133.1,12.4
132.9,12.7
132.4,12.6
132.0,12.5
131.7,12.7
131.6,12.2
131.6,12.5
131.3,12.2
131.2,12.6
130.9,12.7
130.5,12.5
130.1,12.4
129.9,12.4
129.8,12.6
129.8,12.7
129.7,12.6
129.6,12.7
129.5,12.4
129.2,12.4
129.1,12.3
129.0,12.6
128.8,12.3
128.7,12.5
128.6,12.4
128.3,12.6
128.2,12.3
128.2,12.2
128.1,12.6
128.0,12.6
127.7,12.4
127.4,12.5
127.4,12.5
127.4,12.5
127.4,12.5
127.0,12.7
126.9,12.7
126.8,12.4
126.6,12.5
126.6,12.3
126.6,12.3
126.3,12.7
126.3,12.4
126.2,12.2
126.1,12.7
126.1,12.6
126.0,12.4
125.6,12.5
125.5,12.4
125.5,12.3
125.5,12.5
125.4,12.6
125.4,12.6
125.1,12.4
124.9,12.3
124.6,12.3
124.5,12.6
124.3,12.3
123.9,12.6
123.9,12.2
123.8,12.3
123.3,12.6
123.1,12.5
123.0,12.5
122.6,12.5
122.3,12.6
122.2,12.5
122.2,12.7
122.0,12.2
122.0,12.6
121.7,12.3
121.7,12.4
121.6,12.4
121.3,12.3
120.9,12.6
120.6,12.3
120.1,12.5
120.1,12.4
119.8,12.2
119.7,12.2
119.7,12.5
119.2,12.7
118.8,12.5
118.7,12.4
118.4,12.3
117.9,12.5
117.9,12.7
117.5,12.5
117.4,12.5
117.1,12.3
116.7,12.4
116.3,12.5
116.3,12.6
116.2,12.3
116.2,12.7
116.2,12.4
115.8,12.5
115.4,12.5
115.3,12.5
115.1,12.4
114.7,12.7
114.7,12.6
114.6,12.6
114.5,12.6
114.5,12.2
114.4,12.5
114.2,12.2
113.8,12.3
113.6,12.3
113.6,12.5
113.1,12.2
112.8,12.4
112.8,12.4
112.8,12.3
112.4,12.7
112.0,12.4
111.5,12.5
111.2,12.4
111.1,12.2
110.8,12.4
110.8,12.7
110.8,12.5
110.7,12.3
110.6,12.3
110.3,12.7
110.3,12.5
110.2,12.5
110.1,12.5
109.8,12.4
109.6,12.4
109.1,12.6
108.6,12.6
108.6,12.3
108.6,12.5
108.5,12.2
108.5,12.4
108.0,12.7
107.9,12.3
107.5,12.4
107.4,12.2
107.4,12.4
107.0,12.2
106.6,12.4
106.6,12.3
106.4,12.7
106.4,12.3
106.3,12.4
106.0,12.6
105.9,12.7
105.4,12.3
105.2,12.4
105.2,12.6
105.1,12.6
105.0,12.2
104.6,12.3
104.5,12.3
104.1,12.2
103.8,12.2
103.5,12.6
103.0,12.3
102.8,12.6
102.7,12.3
102.7,12.3
102.6,12.5
102.3,12.6
102.3,12.4
102.2,12.6
102.0,12.7
101.9,12.7
101.8,12.6
101.5,12.4
101.1,12.3
100.7,12.5
100.2,12.3
99.8,12.5
99.7,12.7
99.6,12.6
99.6,12.5
99.3,12.6
98.8,12.3
98.3,12.2
98.1,12.5
97.7,12.7
97.3,12.4
97.0,12.7
96.7,12.2
96.6,12.4
96.6,12.3
96.3,12.5
96.3,12.6
96.2,12.4
95.7,12.3
95.3,12.3
94.9,12.6
94.4,12.7
94.0,12.6
93.9,12.4
93.8,12.5
93.7,12.3
93.7,12.3
93.3,12.3
93.3,12.4
92.9,12.7
92.9,12.3
92.8,12.7
92.8,12.5
92.3,12.4
92.3,12.4
91.9,12.4
91.6,12.6
91.3,12.7
91.2,12.6
91.2,12.3
90.7,12.4
90.6,12.3
90.3,12.6
90.0,12.6
89.8,12.4
89.5,12.3
89.5,12.7
89.1,12.5
88.6,12.5
88.6,12.4
88.1,12.5
88.1,12.3
88.1,12.6
87.8,12.3
87.3,12.4
87.0,12.6
87.0,12.7
86.5,12.6
86.1,12.2
86.0,12.6
86.0,12.3
85.7,12.6
85.4,12.6
85.4,12.4
85.0,12.5
84.9,12.7
84.7,12.3
84.2,12.5
84.2,12.3
83.9,12.3
83.6,12.3
83.5,12.5
83.5,12.3
83.0,12.6
82.7,12.3
82.2,12.2
81.9,12.4
81.5,12.6
81.5,12.4
81.5,12.7
81.2,12.3
80.9,12.3
80.8,12.3
80.5,12.6
80.4,12.5
80.0,12.7
79.6,12.5
79.6,12.6
79.5,12.6
79.5,12.6
79.4,12.4
79.3,12.4
78.9,12.7
78.5,12.7
78.1,12.5
78.0,12.6
77.8,12.4
77.8,12.6
77.5,12.4
77.2,12.6
76.9,12.6
76.8,12.7
76.8,12.3
76.5,12.3
76.2,12.5
76.1,12.3
75.9,12.4
75.7,12.3
75.6,12.4
75.4,12.6
74.9,12.4
74.8,12.6
74.4,12.6
74.3,12.5
74.3,12.5
74.3,12.6
74.0,12.2
73.7,12.4
73.7,12.7
73.6,12.6
73.6,12.4
73.5,12.6
73.4,12.5
73.4,12.6
72.9,12.3
72.9,12.6
72.6,12.6
72.6,12.5
72.5,12.4
72.2,12.3
72.1,12.6
71.6,12.6
71.3,12.5
71.3,12.3
70.8,12.6
70.4,12.4
70.0,12.5
69.9,12.6
69.5,12.2
69.2,12.4
69.1,12.2
69.1,12.3
68.7,12.4
68.2,12.6
67.8,12.2
67.8,12.3
67.3,12.3
67.0,12.3
66.8,12.4
66.4,12.5
66.0,12.4
65.9,12.6
65.8,12.3
65.4,12.3
64.9,12.3
64.7,12.4
64.7,12.5
64.6,12.2
64.6,12.2
64.2,12.5
64.2,12.3
64.1,12.6
64.0,12.3
63.9,12.6
63.6,12.6
63.6,12.3
63.5,12.5
63.2,12.5
62.8,12.3
62.6,12.2
62.5,12.2
62.1,12.2
61.8,12.2
61.5,12.4
61.4,12.6
61.1,12.4
61.1,12.4
60.7,12.4
60.3,12.2
60.0,12.3
59.9,12.3
59.7,12.2
59.6,12.6
59.3,12.2
58.9,12.6
58.5,12.6
58.2,12.5
57.8,12.5
57.7,12.7
57.3,12.3
57.2,12.7
57.2,12.6
56.8,12.5
56.5,12.3
56.2,12.4
56.0,12.4
55.9,12.4
55.7,12.6
55.3,12.3
55.3,12.3
54.9,12.7
54.9,12.5
54.8,12.5
54.8,12.3
54.8,12.5
54.7,12.4
54.5,12.5
54.3,12.3
54.2,12.3
54.0,12.3
53.6,12.7
53.2,12.5
53.2,12.2
52.8,12.6
52.5,12.4
52.5,12.3
52.1,12.7
51.6,12.4
51.6,12.7
51.6,12.5
51.5,12.3
51.5,12.6
51.4,12.5
51.4,12.6
51.3,12.3
51.3,12.6
51.2,12.5
51.1,12.6
50.8,12.3
50.6,12.3
50.1,12.4
49.7,12.5
49.3,12.3
49.3,12.6
49.3,12.6
49.2,12.3
49.2,12.7
49.1,12.4
49.1,12.5
49.0,12.3
49.0,12.5
48.6,12.3
48.6,12.5
48.1,12.5
48.0,12.2
48.0,12.6
47.6,12.3
47.4,12.5
47.4,12.3
47.1,12.5
46.7,12.3
46.5,12.6
46.4,12.3
46.4,12.6
46.1,12.6
46.1,12.4
45.8,12.3
45.7,12.2
45.7,12.3
45.2,12.3
45.1,12.4
44.9,12.7
44.7,12.7
44.4,12.3
44.0,12.2
43.6,12.5
43.5,12.4
43.5,12.5
43.1,12.6
42.9,12.2
42.7,12.4
42.6,12.4
42.6,12.5
42.6,12.4
42.1,12.3
42.1,12.5
41.6,12.6
41.6,12.7
41.3,12.6
40.9,12.6
40.8,12.5
40.5,12.3
40.5,12.3
40.4,12.6
40.0,12.6
39.6,12.6
39.5,12.3
39.5,12.4
39.5,12.4
39.1,12.4
38.8,12.3
38.5,12.5
38.5,12.6
38.4,12.5
38.3,12.2
38.0,12.3
37.5,12.3
37.4,12.3
37.0,12.2
36.8,12.5
36.5,12.5
36.1,12.4
36.0,12.6
35.6,12.6
35.5,12.5
35.1,12.4
35.0,12.6
34.9,12.4
34.6,12.4
34.2,12.3
34.2,12.6
34.0,12.4
33.9,12.4
33.6,12.2
33.6,12.2
33.6,12.6
33.3,12.5
33.0,12.4
32.9,12.6
32.6,12.6
32.5,12.6
32.1,12.6
32.0,12.3
32.0,12.5
31.6,12.7
31.1,12.6
31.1,12.6
31.1,12.7
31.0,12.5
30.5,12.5
30.5,12.3
30.0,12.2
29.6,12.7
29.5,12.4
29.5,12.5
29.4,12.2
29.4,12.2
29.0,12.6
28.6,12.4
28.2,12.3
27.8,12.5
27.5,12.3
27.4,12.5
26.9,12.4
26.5,12.6
26.2,12.5
25.8,12.6
25.8,12.5
25.4,12.2
25.1,12.6
25.1,12.2
24.6,12.3
24.6,12.5
24.5,12.5
24.2,12.3
23.8,12.6
23.4,12.5
23.4,12.5
23.2,12.6
22.9,12.6
22.8,12.4
22.5,12.5
22.1,12.5
21.9,12.3
21.8,12.4
21.3,12.7
21.1,12.5
21.0,12.5
20.5,12.3
20.5,12.5
20.4,12.5
20.0,12.4
19.6,12.3
19.3,12.4
18.9,12.5
18.6,12.3
18.5,12.4
18.2,12.6
18.2,12.4
18.1,12.7
17.7,12.6
17.7,12.5
17.2,12.4
17.2,12.6
17.1,12.2
17.1,12.4
16.8,12.4
16.4,12.5
16.0,12.6
15.5,12.6
15.2,12.5
15.1,12.2
15.1,12.4
14.8,12.2
14.7,12.4
14.2,12.7
13.9,12.3
13.9,12.4
13.8,12.2
13.3,12.5
13.3,12.5
13.3,12.3
13.2,12.3
12.8,12.7
12.7,12.3
12.7,12.7
12.7,12.5
12.4,12.5
11.9,12.6
11.7,12.6
11.7,12.6
11.6,12.2
11.3,12.4
11.3,12.5
11.2,12.6
11.1,12.3
11.1,12.5
10.6,12.3
10.2,12.4
10.1,12.2
9.8,12.6
9.5,12.4
9.5,12.7
9.4,12.5
9.1,12.7
9.1,12.2
9.0,12.6
9.0,12.4
8.7,12.3
8.7,12.3
8.6,12.3
8.6,12.7
8.4,12.3
8.1,12.6
7.6,12.7
7.5,12.3
7.5,12.5
7.1,12.2
6.8,12.7
6.4,12.7
6.2,12.7
5.8,12.5
5.8,12.4
5.4,12.4
5.3,12.6
5.1,12.4
4.7,12.3
4.3,12.5
4.1,12.6
3.7,12.5
3.3,12.3
2.9,12.6
2.9,12.6
2.6,12.6
2.5,12.3
2.5,12.7
2.3,12.3
2.2,12.6
2.0,12.4
1.6,12.5
1.6,12.3
1.5,12.6
1.2,12.7
1.0,12.6
1.0,12.6
0.5,12.3
0.1,12.2
247.2,12.7
230.7,12.3
230.7,12.7
230.6,12.7
230.4,12.5
230.1,12.5
230.1,12.4
230.0,12.3
229.7,12.3
229.6,12.4
229.6,12.5
229.6,12.6
229.5,12.7
229.4,12.5
229.2,12.2
229.0,12.6
228.9,12.6
228.7,12.6
228.2,12.4
228.1,12.6
227.8,12.7
227.7,12.5
227.4,12.3
227.3,12.2
227.0,12.5
226.8,12.7
226.4,12.5
226.3,12.6
226.2,12.2
226.1,12.3
226.1,12.4
226.0,12.6
225.9,12.2
225.9,12.4
225.5,12.6
225.4,12.6
225.2,12.4
225.1,12.3
225.1,12.3
224.8,12.3
224.4,12.6
224.3,12.7
224.2,12.5
223.7,12.6
223.5,12.3
223.3,12.2
222.9,12.3
222.6,12.3
222.6,12.4
222.5,12.6
222.2,12.3
222.1,12.7
221.8,12.7
221.5,12.5
221.4,12.3
221.0,12.5
220.7,12.3
220.7,12.2
220.7,12.6
220.2,12.7
220.0,12.3
219.6,12.4
219.2,12.3
219.1,12.3
218.6,12.6
218.6,12.4
218.2,12.3
218.2,12.5
218.1,12.7
217.8,12.3
217.8,12.5
217.6,12.2
217.5,12.5
217.2,12.2
217.1,12.4
217.0,12.6
216.8,12.6
216.3,12.3
216.3,12.7
215.9,12.5
215.8,12.5
215.7,12.2
215.7,12.3
215.7,12.4
215.3,12.2
214.9,12.2
214.7,12.3
214.7,12.5
214.6,12.7
214.3,12.3
213.9,12.7
213.7,12.3
213.3,12.2
213.3,12.2
213.3,12.6
212.9,12.4
212.6,12.5
212.6,12.4
212.6,12.2
212.5,12.5
212.1,12.3
211.7,12.5
211.3,12.4
210.9,12.6
210.6,12.6
210.5,12.7
210.4,12.7
210.4,12.4
210.0,12.3
209.6,12.4
209.2,12.7
209.1,12.3
209.1,12.3
208.7,12.6
208.6,12.2
208.3,12.4
208.2,12.3
208.0,12.5
207.9,12.4
207.6,12.7
207.4,12.4
207.0,12.6
206.9,12.5
206.5,12.4
206.1,12.6
206.0,12.6
205.9,12.3
205.6,12.5
205.5,12.3
205.2,12.6
204.9,12.3
204.7,12.3
204.3,12.7
204.1,12.5
203.7,12.6
203.2,12.3
203.1,12.6
203.1,12.6
202.6,12.4
202.3,12.5
202.2,12.6
202.1,12.5
201.7,12.5
201.7,12.3
201.7,12.4
201.6,12.5
201.4,12.4
201.3,12.5
201.3,12.7
201.0,12.3
200.9,12.6
200.5,12.5
200.2,12.5
199.9,12.5
199.6,12.4
199.2,12.4
199.2,12.6
198.9,12.6
198.4,12.3
198.0,12.4
198.0,12.4
197.9,12.7
197.7,12.6
197.6,12.4
197.6,12.5
197.1,12.6
197.0,12.4
196.6,12.2
196.3,12.5
196.3,12.7
196.2,12.2
196.2,12.3
196.0,12.7
195.9,12.5
195.8,12.5
195.6,12.4
195.6,12.7
195.2,12.7
194.8,12.6
194.8,12.5
194.8,12.3
194.6,12.3
194.5,12.4
194.4,12.3
194.3,12.6
194.3,12.3
193.9,12.5
193.9,12.6
193.8,12.4
193.7,12.6
193.7,12.7
193.2,12.6
192.8,12.4
192.3,12.6
192.3,12.3
192.3,12.5
191.8,12.4
191.4,12.5
190.9,12.2
190.9,12.7
190.6,12.6
190.6,12.6
190.4,12.4
190.3,12.5
190.0,12.7
190.0,12.3
190.0,12.3
189.9,12.4
189.7,12.6
189.3,12.2
188.9,12.4
188.8,12.5
188.7,12.5
188.2,12.7
188.2,12.5
187.9,12.6
187.4,12.4
187.1,12.2
186.6,12.4
186.3,12.3
186.1,12.2
186.1,12.4
186.0,12.4
185.6,12.3
185.5,12.3
185.1,12.6
184.8,12.6
184.8,12.4
184.8,12.3
184.8,12.5
184.4,12.4
184.3,12.2
184.0,12.4
183.6,12.3
183.2,12.5
183.1,12.7
183.1,12.2
183.0,12.6
182.5,12.5
182.4,12.3
182.2,12.5
182.1,12.3
181.9,12.6
181.8,12.3
181.8,12.5
181.8,12.5
181.3,12.6
181.2,12.4
181.2,12.6
180.7,12.5
180.3,12.6
179.8,12.4
179.8,12.5
179.6,12.4
179.3,12.3
179.0,12.4
178.6,12.3
178.6,12.3
178.6,12.2
178.5,12.3
178.5,12.6
178.4,12.3
178.1,12.4
177.9,12.6
177.6,12.4
177.3,12.7
177.0,12.6
176.9,12.6
176.5,12.7
176.4,12.4
176.0,12.5
175.7,12.3
175.3,12.5
175.0,12.2
175.0,12.6
174.7,12.6
174.7,12.3
174.6,12.2
174.3,12.3
174.2,12.4
174.2,12.7
174.2,12.7
174.1,12.6
174.1,12.5
173.8,12.6
173.7,12.2
173.7,12.5
173.3,12.4
173.3,12.6
173.2,12.5
172.9,12.7
172.7,12.6
172.7,12.5
172.4,12.6
171.9,12.6
171.9,12.4
171.4,12.6
171.0,12.3
170.5,12.3
170.4,12.3
170.3,12.3
170.2,12.5
170.2,12.6
170.0,12.4
170.0,12.5
169.9,12.7
169.5,12.5
169.4,12.5
169.1,12.5
169.0,12.5
169.0,12.5
168.7,12.2
168.5,12.3
168.1,12.5
167.7,12.5
167.2,12.5
166.9,12.4
166.9,12.3
166.9,12.4
166.6,12.5
166.6,12.6
166.3,12.6
166.3,12.7
165.8,12.2
165.6,12.5
165.3,12.3
165.2,12.3
165.1,12.4
165.0,12.3
165.0,12.2
164.7,12.5
164.5,12.7
164.2,12.2
164.1,12.4
163.6,12.6
163.6,12.4
163.5,12.6
163.5,12.3
163.1,12.3
162.6,12.5
162.5,12.5
162.2,12.2
162.1,12.7
162.1,12.7
162.0,12.5
161.8,12.6
161.3,12.6
161.3,12.2
161.2,12.5
161.1,12.6
161.0,12.5
160.9,12.6
160.6,12.2
160.2,12.6
160.2,12.5
160.1,12.6
159.9,12.4
159.9,12.4
159.8,12.5
159.8,12.5
159.5,12.2
159.2,12.6
159.2,12.5
158.9,12.4
158.9,12.3
158.8,12.4
158.8,12.7
158.8,12.4
158.3,12.4
158.2,12.5
158.1,12.2
158.1,12.5
158.0,12.4
157.9,12.3
157.7,12.7
157.2,12.6
157.2,12.3
157.2,12.5
157.1,12.7
156.7,12.7
156.7,12.7
156.6,12.6
156.5,12.4
156.1,12.6
156.1,12.5
156.0,12.4
156.0,12.5
155.9,12.2
155.5,12.6
155.2,12.5
155.1,12.5
154.8,12.5
154.7,12.6
154.4,12.2
154.3,12.4
154.2,12.6
153.8,12.7
153.8,12.7
153.7,12.6
153.2,12.5
152.9,12.4
152.9,12.6
152.8,12.5
152.4,12.7
152.0,12.3
152.0,12.5
151.6,12.3
151.6,12.2
151.1,12.3
150.8,12.4
150.7,12.2
150.3,12.2
150.0,12.5
150.0,12.5
149.5,12.4
149.5,12.5
149.4,12.5
149.3,12.6
149.0,12.2
148.7,12.2
148.4,12.4
148.3,12.3
148.2,12.5
148.2,12.2
147.7,12.6
147.7,12.5
147.6,12.4
147.2,12.3
147.2,12.3
147.1,12.4
147.1,12.6
147.0,12.7
146.9,12.4
146.8,12.2
146.5,12.5
146.5,12.6
146.4,12.7
145.9,12.4
145.8,12.5
145.8,12.4
145.8,12.7
145.7,12.4
145.7,12.5
145.4,12.5
145.0,12.6
144.8,12.5
144.8,12.6
144.3,12.2
144.2,12.4
144.0,12.3
143.6,12.5
143.2,12.4
143.0,12.5
142.9,12.3
142.5,12.6
142.0,12.5
141.8,12.4
141.7,12.5
141.6,12.3
141.6,12.7
141.4,12.4
141.3,12.5
141.3,12.4
141.0,12.6
140.5,12.6
140.5,12.3
140.3,12.6
140.0,12.6
139.7,12.3
139.3,12.5
139.1,12.2
138.8,12.3
138.5,12.4
138.4,12.4
138.1,12.5
137.7,12.2
137.3,12.2
137.3,12.5
136.9,12.5
136.6,12.4
136.5,12.7
136.2,12.7
135.8,12.5
135.5,12.6
135.2,12.4
134.9,12.3
134.8,12.4
134.6,12.4
134.6,12.5
134.2,12.4
134.1,12.7
133.8,12.7
133.6,12.3
133.5,12.6
133.1,12.2
133.1,12.4
132.8,12.3
132.8,12.3
132.4,12.3
132.4,12.7
132.0,12.5
131.9,12.5
131.4,12.7
131.4,12.3
131.3,12.7
130.9,12.6
130.9,12.4
130.9,12.2
130.6,12.4
130.6,12.3
130.2,12.5
130.1,12.5
130.1,12.4
130.0,12.3
129.7,12.4
129.6,12.2
129.6,12.4
129.3,12.2
129.3,12.4
128.8,12.7
128.4,12.3
128.0,12.5
127.9,12.6
127.4,12.6
127.4,12.7
127.2,12.3
126.8,12.3
126.5,12.6
126.4,12.5
126.2,12.5
125.9,12.5
125.8,12.6
125.7,12.6
125.6,12.2
125.4,12.4
125.1,12.6
124.9,12.7
124.4,12.4
124.4,12.6
124.1,12.3
123.7,12.2
123.7,12.4
123.3,12.7
123.2,12.6
123.1,12.5
123.0,12.3
123.0,12.7
122.8,12.7
122.4,12.4
122.2,12.4
122.0,12.7
122.0,12.6
121.7,12.4
121.3,12.4
121.2,12.7
120.8,12.5
120.8,12.3
120.7,12.5
120.3,12.6
120.0,12.4
119.9,12.5
119.7,12.6
119.7,12.4
119.6,12.6
119.5,12.5
119.4,12.5
119.1,12.5
118.8,12.7
118.4,12.3
118.1,12.2
117.8,12.6
117.8,12.3
117.8,12.4
117.7,12.3
117.4,12.4
117.4,12.5
117.1,12.3
117.0,12.7
116.5,12.5
116.5,12.6
116.4,12.3
116.3,12.7
115.9,12.5
115.8,12.5
115.3,12.3
115.3,12.4
115.0,12.6
114.7,12.5
114.6,12.6
114.2,12.3
113.8,12.3
113.3,12.5
113.3,12.3
113.0,12.6
112.6,12.3
112.5,12.3
112.2,12.2
111.9,12.6
111.6,12.7
111.1,12.4
111.1,12.3
110.8,12.7
110.3,12.6
110.3,12.2
110.3,12.2
109.9,12.5
109.6,12.4
109.6,12.3
109.6,12.4
109.3,12.4
109.3,12.3
109.2,12.5
108.7,12.2
108.5,12.6
108.4,12.6
108.4,12.5
108.3,12.6
107.9,12.4
107.4,12.6
107.4,12.2
107.3,12.5
107.2,12.6
106.9,12.6
106.8,12.7
106.7,12.5
106.4,12.4
106.1,12.6
105.7,12.5
105.2,12.7
105.1,12.3
105.1,12.3
105.1,12.3
105.1,12.3
105.0,12.5
105.0,12.3
104.9,12.4
104.9,12.6
104.9,12.4
104.6,12.4
104.1,12.4
104.0,12.2
104.0,12.3
103.9,12.4
103.4,12.6
102.9,12.3
102.6,12.4
102.6,12.7
102.6,12.7
102.2,12.6
102.2,12.5
102.0,12.3
101.6,12.7
101.3,12.6
101.0,12.5
100.5,12.4
100.2,12.6
100.1,12.5
99.8,12.7
99.5,12.7
99.5,12.3
99.4,12.7
99.2,12.3
98.7,12.4
98.3,12.3
97.9,12.5
97.8,12.6
97.5,12.6
97.2,12.4
96.9,12.7
96.9,12.7
96.8,12.2
96.7,12.3
96.3,12.5
96.1,12.6
95.6,12.4
95.1,12.2
94.7,12.4
94.5,12.6
94.0,12.5
93.6,12.3
93.6,12.6
93.3,12.5
93.2,12.2
92.8,12.7
92.8,12.5
92.5,12.6
92.1,12.4
91.7,12.5
91.6,12.6
91.3,12.4
91.2,12.4
90.9,12.6
90.8,12.7
90.8,12.5
90.7,12.3
90.6,12.4
90.3,12.5
90.2,12.4
90.1,12.5
90.1,12.5
90.0,12.5
89.9,12.3
89.5,12.2
89.5,12.3
89.5,12.6
89.1,12.6
88.8,12.4
88.7,12.7
88.4,12.3
88.4,12.3
88.1,12.7
87.7,12.5
87.2,12.2
87.2,12.5
86.8,12.6
86.7,12.4
86.4,12.3
86.3,12.6
85.9,12.3
85.8,12.6
85.3,12.6
84.9,12.3
84.5,12.2
84.1,12.4
84.1,12.3
84.1,12.2
83.7,12.6
83.7,12.4
83.6,12.4
83.3,12.7
83.2,12.4
83.2,12.6
82.8,12.4
82.7,12.6
82.2,12.6
82.1,12.6
81.9,12.6
81.4,12.7
81.0,12.3
80.6,12.2
80.5,12.4
80.5,12.4
80.4,12.5
80.0,12.3
79.7,12.3
79.3,12.6
79.1,12.3
78.7,12.5
78.2,12.6
78.1,12.7
78.1,12.3
77.8,12.3
77.6,12.4
77.5,12.4
77.5,12.7
77.5,12.7
77.1,12.6
76.7,12.2
76.4,12.6
76.3,12.7
76.3,12.2
76.2,12.2
76.1,12.7
75.9,12.6
75.8,12.3
75.7,12.5
75.7,12.3
75.5,12.3
75.4,12.5
74.9,12.3
74.8,12.7
74.5,12.3
74.1,12.6
74.1,12.3
74.0,12.6
73.7,12.7
73.2,12.7
72.8,12.5
72.8,12.4
72.5,12.3
72.1,12.7
71.7,12.7
71.7,12.4
71.5,12.6
71.2,12.7
70.8,12.4
70.4,12.4
70.1,12.6
70.0,12.3
69.8,12.5
69.7,12.6
69.3,12.5
68.8,12.5
68.5,12.4
68.5,12.2
68.5,12.6
68.5,12.3
68.4,12.3
68.3,12.3
68.3,12.6
67.9,12.7
67.9,12.5
67.5,12.6
67.5,12.4
67.0,12.5
66.9,12.3
66.6,12.6
66.5,12.6
66.5,12.3
66.4,12.5
66.3,12.6
66.0,12.4
66.0,12.4
65.9,12.5
65.6,12.4
65.2,12.4
64.7,12.5
64.4,12.3
64.0,12.6
64.0,12.4
63.6,12.6
63.1,12.2
63.1,12.4
62.8,12.2
62.3,12.3
62.2,12.4
62.0,12.4
62.0,12.7
61.9,12.3
61.8,12.5
61.7,12.7
61.7,12.2
61.7,12.5
61.4,12.3
61.1,12.5
60.9,12.3
60.8,12.6
60.7,12.4
60.3,12.5
59.9,12.3
59.9,12.2
59.6,12.3
59.2,12.3
59.0,12.2
58.7,12.2
58.3,12.4
58.2,12.6
58.1,12.2
58.1,12.7
58.0,12.7
57.6,12.4
57.5,12.3
57.5,12.6
57.2,12.6
57.2,12.4
57.2,12.4
56.8,12.4
56.7,12.7
56.3,12.3
55.9,12.4
55.9,12.7
55.6,12.2
55.1,12.4
54.8,12.4
54.7,12.7
54.7,12.4
54.4,12.6
54.3,12.4
53.8,12.7
53.5,12.7
53.2,12.5
52.9,12.4
52.6,12.4
52.2,12.5
51.8,12.3
51.7,12.2
51.7,12.4
51.6,12.3
51.6,12.2
51.4,12.5
51.1,12.6
50.7,12.5
50.4,12.4
50.3,12.5
49.9,12.5
49.9,12.3
49.6,12.7
49.5,12.6
49.3,12.6
48.9,12.2
48.9,12.6
48.5,12.2
48.5,12.5
48.4,12.4
48.4,12.6
47.9,12.6
47.6,12.3
47.6,12.3
47.6,12.5
47.3,12.2
47.2,12.5
46.8,12.5
46.7,12.2
46.3,12.3
45.8,12.6
45.8,12.3
45.4,12.5
45.3,12.6
45.1,12.5
44.6,12.3
44.6,12.4
44.2,12.5
43.8,12.4
43.5,12.4
43.5,12.3
43.2,12.4
43.2,12.4
43.1,12.6
42.6,12.5
42.2,12.7
42.2,12.3
42.2,12.6
41.8,12.2
41.5,12.4
41.5,12.2
41.4,12.7
41.4,12.5
41.4,12.6
41.3,12.4
41.3,12.4
41.2,12.5
40.9,12.3
40.6,12.4
40.5,12.4
40.5,12.3
40.1,12.3
39.7,12.6
39.3,12.3
38.8,12.2
38.8,12.3
38.8,12.2
38.7,12.7
38.7,12.5
38.6,12.4
38.6,12.6
38.5,12.5
38.2,12.4
37.8,12.7
37.3,12.5
37.3,12.6
36.9,12.2
36.8,12.3
36.5,12.4
36.4,12.5
36.4,12.4
36.2,12.4
35.9,12.4
35.6,12.4
35.5,12.7
35.1,12.2
35.0,12.3
35.0,12.7
34.8,12.5
34.7,12.4
34.6,12.3
34.2,12.6
34.1,12.3
33.7,12.7
33.6,12.4
33.4,12.6
33.0,12.7
32.6,12.3
32.3,12.3
32.3,12.3
31.9,12.6
31.8,12.6
31.8,12.2
31.3,12.7
31.3,12.2
31.2,12.2
30.8,12.5
30.6,12.5
30.6,12.2
30.5,12.5
30.4,12.7
30.3,12.4
30.0,12.4
29.9,12.6
29.9,12.2
29.9,12.6
29.8,12.5
29.7,12.4
29.5,12.7
29.1,12.5
29.1,12.2
28.8,12.4
28.8,12.5
28.7,12.3
28.7,12.5
28.6,12.4
28.5,12.6
28.0,12.5
28.0,12.6
28.0,12.3
27.6,12.4
27.2,12.3
26.9,12.7
26.6,12.7
26.6,12.6
26.5,12.6
26.5,12.6
26.5,12.4
26.4,12.6
26.2,12.5
25.8,12.6
25.4,12.6
25.4,12.6
25.3,12.4
25.3,12.3
25.2,12.6
24.8,12.5
24.6,12.4
24.1,12.3
24.0,12.3
24.0,12.4
23.9,12.6
23.5,12.6
23.1,12.6
23.1,12.3
22.6,12.4
22.6,12.7
22.1,12.3
22.1,12.6
22.0,12.3
21.7,12.4
21.4,12.4
21.3,12.4
21.3,12.2
20.8,12.6
20.8,12.3
20.5,12.2
20.4,12.4
20.0,12.3
19.9,12.4
19.5,12.6
19.5,12.3
19.5,12.4
19.4,12.3
19.4,12.4
19.3,12.2
19.3,12.3
19.2,12.6
19.2,12.7
19.2,12.4
19.1,12.4
19.0,12.6
18.8,12.4
18.6,12.5
18.5,12.3
18.5,12.6
18.2,12.4
17.9,12.3
17.5,12.6
17.4,12.5
17.0,12.5
16.9,12.3
16.5,12.3
16.4,12.6
16.0,12.5
16.0,12.3
15.5,12.4
15.0,12.6
14.8,12.5
14.7,12.6
14.3,12.6
13.8,12.3
13.6,12.2
13.1,12.4
13.1,12.7
12.9,12.5
12.6,12.6
12.2,12.4
12.1,12.5
11.9,12.5
11.9,12.7
11.5,12.3
11.5,12.3
11.2,12.7
10.9,12.5
10.9,12.7
10.5,12.4
10.5,12.6
10.2,12.5
9.9,12.2
9.9,12.4
9.9,12.3
9.4,12.3
9.0,12.7
8.5,12.5
8.2,12.2
7.8,12.6
7.8,12.4
7.8,12.6
7.7,12.2
7.7,12.3
7.6,12.4
7.3,12.3
7.2,12.2
6.8,12.3
6.4,12.7
5.9,12.6
5.6,12.6
5.5,12.7
5.3,12.4
4.8,12.5
4.6,12.4
4.1,12.6
4.1,12.4
3.7,12.4
3.4,12.5
3.3,12.3
3.3,12.5
3.2,12.5
2.8,12.4
2.5,12.2
2.5,12.2
2.2,12.3
2.1,12.6
1.6,12.3
1.6,12.6
1.2,12.4
0.8,12.4
0.6,12.3
0.3,12.6
249.4,12.6
240.5,12.4
240.2,12.6
240.1,12.4
240.0,12.6
239.7,12.7
239.6,12.6
239.2,12.5
238.8,12.4
238.8,12.6
238.4,12.3
238.3,12.2
237.9,12.3
237.8,12.4
237.8,12.6
237.3,12.6
237.3,12.6
237.2,12.6
237.1,12.5
237.0,12.5
236.7,12.6
236.3,12.4
236.0,12.5
235.8,12.7
235.7,12.3
235.3,12.3
235.3,12.7
235.0,12.3
235.0,12.3
234.9,12.3
234.6,12.5
234.3,12.5
234.2,12.5
233.9,12.3
233.6,12.7
233.6,12.4
233.5,12.5
233.1,12.7
232.9,12.4
232.9,12.4
232.4,12.6
232.4,12.5
232.3,12.5
231.8,12.6
231.8,12.5
231.7,12.3
231.7,12.6
231.4,12.4
231.4,12.4
231.3,12.7
231.1,12.6
230.8,12.5
230.7,12.6
230.3,12.4
229.9,12.2
229.6,12.6
229.4,12.3
228.9,12.5
228.6,12.2
228.6,12.7
228.5,12.3
228.2,12.6
228.2,12.6
228.1,12.2
227.8,12.6
227.7,12.6
227.6,12.7
227.6,12.3
227.2,12.5
227.1,12.6
226.7,12.4
226.7,12.5
226.4,12.5
226.3,12.4
225.9,12.3
225.9,12.7
225.9,12.5
225.5,12.5
225.3,12.5
224.9,12.5
224.8,12.3
224.5,12.6
224.5,12.4
224.4,12.5
224.3,12.6
224.0,12.3
224.0,12.4
223.7,12.3
223.4,12.4
223.0,12.5
222.9,12.3
222.6,12.5
222.2,12.4
222.2,12.3
222.2,12.4
222.1,12.3
222.1,12.6
222.1,12.3
221.8,12.3
221.3,12.5
220.9,12.2
220.9,12.5
220.5,12.4
220.3,12.6
220.3,12.6
219.9,12.4
219.6,12.4
219.5,12.5
219.5,12.7
219.4,12.5
219.4,12.3
219.2,12.3
219.1,12.4
219.1,12.4
218.7,12.4
218.6,12.3
218.6,12.6
218.5,12.4
218.4,12.4
218.4,12.5
218.3,12.4
218.2,12.5
217.9,12.3
217.8,12.3
217.8,12.3
217.4,12.6
217.0,12.6
216.8,12.2
216.8,12.5
216.7,12.6
216.5,12.5
216.3,12.4
215.9,12.6
215.5,12.3
215.2,12.5
214.9,12.5
214.7,12.4
214.2,12.4
214.0,12.4
213.5,12.3
213.0,12.6
212.8,12.5
212.6,12.3
212.1,12.3
211.9,12.6
211.9,12.5
211.8,12.2
211.8,12.4
211.5,12.5
211.5,12.6
211.5,12.3
211.0,12.3
211.0,12.3
210.8,12.7
210.4,12.6
210.4,12.3
210.0,12.4
209.6,12.7
209.2,12.4
209.2,12.5
209.2,12.7
209.2,12.7
209.1,12.5
209.1,12.2
209.0,12.4
209.0,12.4
208.9,12.6
208.8,12.5
208.6,12.3
208.6,12.4
208.6,12.2
208.5,12.4
208.2,12.2
207.9,12.5
207.8,12.6
207.8,12.6
207.8,12.7
207.8,12.4
207.5,12.2
207.4,12.3
207.4,12.6
207.3,12.2
207.3,12.6
206.9,12.4
206.8,12.3
206.3,12.4
206.3,12.3
206.2,12.6
206.1,12.3
206.0,12.5
206.0,12.2
205.7,12.4
205.7,12.6
205.4,12.7
205.4,12.6
205.2,12.2
204.8,12.7
204.8,12.4
204.6,12.6
204.5,12.5
204.2,12.7
203.8,12.5
203.5,12.2
203.2,12.4
203.1,12.2
202.7,12.6
202.7,12.7
202.5,12.2
202.4,12.4
201.9,12.5
201.9,12.4
201.8,12.3
201.5,12.5
201.2,12.6
201.2,12.4
201.0,12.3
200.9,12.4
200.9,12.4
200.8,12.4
200.7,12.3
200.4,12.6
200.4,12.3
200.3,12.7
199.9,12.5
199.7,12.4
199.6,12.5
199.5,12.3
199.5,12.6
199.4,12.3
199.4,12.5
199.0,12.3
198.8,12.6
198.5,12.4
198.5,12.6
198.0,12.3
197.6,12.3
197.6,12.4
197.3,12.4
196.9,12.3
196.9,12.2
196.8,12.3
196.7,12.3
196.5,12.5
196.1,12.4
195.9,12.2
195.6,12.5
195.5,12.3
195.5,12.2
195.5,12.3
195.1,12.3
194.7,12.6
194.3,12.6
194.2,12.5
193.8,12.3
193.7,12.6
193.7,12.4
193.4,12.3
193.3,12.5
193.2,12.7
193.2,12.3
192.7,12.5
192.7,12.5
192.7,12.7
192.4,12.3
192.2,12.4
192.1,12.4
191.6,12.3
191.5,12.3
191.1,12.6
191.1,12.6
191.0,12.6
190.6,12.3
190.5,12.4
190.1,12.5
189.7,12.5
189.5,12.5
189.1,12.4
188.9,12.6
188.6,12.3
188.3,12.4
188.3,12.5
187.8,12.3
187.5,12.4
187.0,12.6
186.9,12.6
186.6,12.5
186.2,12.5
186.1,12.5
186.0,12.4
186.0,12.6
185.9,12.4
185.8,12.6
185.3,12.6
185.3,12.3
184.9,12.3
184.9,12.4
184.9,12.7
184.6,12.6
184.5,12.7
184.5,12.3
184.2,12.6
184.0,12.4
183.9,12.5
183.9,12.3
183.9,12.4
183.6,12.6
183.6,12.6
183.6,12.7
183.2,12.3
182.8,12.4
182.4,12.4
182.3,12.7
182.2,12.4
182.1,12.7
181.9,12.4
181.4,12.3
181.4,12.6
181.3,12.6
181.1,12.3
180.6,12.6
180.3,12.5
180.0,12.4
179.9,12.7
179.4,12.6
179.4,12.4
179.1,12.2
179.0,12.2
178.7,12.6
178.7,12.5
178.6,12.6
178.1,12.4
178.1,12.5
178.0,12.7
177.8,12.6
177.4,12.6
177.3,12.4
177.3,12.4
177.2,12.6
176.7,12.3
176.5,12.2
176.1,12.6
175.7,12.3
175.2,12.3
174.8,12.6
174.5,12.5
174.2,12.6
173.7,12.6
173.2,12.4
173.1,12.3
173.1,12.2
173.1,12.2
172.7,12.6
172.6,12.3
172.2,12.5
172.2,12.6
172.2,12.4
172.1,12.3
172.1,12.2
172.1,12.5
171.8,12.4
171.4,12.3
171.2,12.5
171.1,12.3
171.0,12.3
171.0,12.5
170.7,12.7
170.7,12.5
170.2,12.5
170.1,12.3
169.7,12.6
169.7,12.5
169.5,12.7
169.4,12.3
169.2,12.3
168.9,12.4
168.5,12.4
168.4,12.3
168.0,12.6
167.7,12.5
167.3,12.7
166.9,12.6
166.6,12.2
166.3,12.3
166.3,12.5
166.2,12.6
166.0,12.7
165.7,12.6
165.5,12.6
165.5,12.2
165.5,12.4
165.2,12.4
164.9,12.5
164.8,12.3
164.5,12.5
164.4,12.6
164.0,12.5
163.9,12.4
163.6,12.5
163.5,12.7
163.5,12.2
163.3,12.6
163.1,12.2
162.7,12.3
162.6,12.7
162.5,12.3
162.3,12.4
161.9,12.3
161.7,12.3
161.6,12.3
161.2,12.5
160.9,12.7
160.7,12.7
160.4,12.4
160.3,12.4
159.9,12.2
159.9,12.6
159.8,12.6
159.6,12.7
159.5,12.6
159.5,12.3
159.5,12.6
159.0,12.4
158.9,12.3
158.7,12.7
158.3,12.3
158.2,12.5
157.8,12.4
157.4,12.6
157.0,12.6
156.8,12.5
156.4,12.6
156.4,12.5
156.3,12.3
156.3,12.5
156.0,12.6
155.7,12.6
155.6,12.2
155.1,12.7
155.1,12.5
155.0,12.5
155.0,12.5
154.9,12.3
154.6,12.5
154.3,12.2
154.1,12.7
153.6,12.3
153.1,12.7
153.1,12.7
152.8,12.4
152.5,12.4
152.4,12.2
152.0,12.3
151.5,12.3
151.2,12.6
151.0,12.5
151.0,12.6
150.9,12.6
150.9,12.3
150.9,12.5
150.4,12.3
150.0,12.3
149.9,12.6
149.4,12.5
149.4,12.5
149.4,12.6
149.2,12.5
148.9,12.6
148.6,12.5
148.6,12.5
148.2,12.4
147.8,12.3
147.8,12.6
147.7,12.2
147.7,12.4
147.7,12.6
147.6,12.5
147.5,12.4
147.5,12.5
147.1,12.4
147.0,12.5
146.5,12.5
146.4,12.2
146.0,12.5
145.7,12.6
145.4,12.4
145.1,12.5
144.8,12.3
144.8,12.6
144.8,12.4
144.8,12.4
144.7,12.3
144.2,12.2
143.9,12.6
143.5,12.6
143.4,12.5
143.0,12.3
142.6,12.6
142.4,12.4
142.3,12.4
142.2,12.6
142.2,12.5
142.1,12.6
141.6,12.3
141.2,12.5
140.8,12.5
140.5,12.2
140.1,12.7
140.0,12.4
140.0,12.3
139.6,12.5
139.4,12.2
139.1,12.3
139.0,12.5
138.9,12.4
138.5,12.3
138.5,12.2
138.4,12.5
138.4,12.7
138.1,12.5
138.0,12.3
137.7,12.4
137.6,12.5
137.5,12.3
137.0,12.4
136.7,12.6
136.6,12.5
136.6,12.7
136.5,12.3
136.5,12.7
136.0,12.2
135.9,12.5
135.6,12.5
135.3,12.4
135.3,12.4
134.8,12.4
134.8,12.3
134.4,12.6
134.0,12.5
133.6,12.7
133.1,12.2
132.7,12.4
132.2,12.3
132.1,12.6
131.7,12.4
131.4,12.6
131.3,12.4
131.3,12.5
131.0,12.4
130.9,12.3
130.5,12.4
130.4,12.3
130.1,12.2
129.6,12.5
129.3,12.4
129.1,12.6
129.1,12.2
129.1,12.3
129.0,12.2
129.0,12.5
128.8,12.6
128.7,12.5
128.4,12.6
128.2,12.7
128.1,12.6
128.1,12.4
128.0,12.3
127.7,12.7
127.5,12.3
127.2,12.4
127.2,12.3
127.1,12.7
126.6,12.4
126.3,12.7
126.2,12.5
126.1,12.4
126.1,12.3
126.1,12.4
126.0,12.2
125.7,12.2
125.6,12.5
125.6,12.3
125.5,12.2
125.1,12.2
125.1,12.5
125.0,12.6
124.9,12.4
124.9,12.6
124.6,12.2
124.5,12.2
124.5,12.5
124.2,12.6
124.0,12.2
123.9,12.4
123.9,12.4
123.8,12.3
123.4,12.7
123.4,12.4
123.4,12.2
123.4,12.6
123.3,12.3
123.0,12.6
122.9,12.3
122.9,12.2
122.8,12.6
122.8,12.3
122.5,12.4
122.1,12.6
121.6,12.4
121.6,12.5
121.1,12.3
121.1,12.7
121.0,12.3
120.9,12.3
120.8,12.5
120.8,12.4
120.7,12.6
120.7,12.7
120.6,12.4
120.3,12.7
120.3,12.6
119.9,12.6
119.4,12.5
119.0,12.4
119.0,12.5
118.6,12.5
118.4,12.6
118.3,12.4
117.8,12.4
117.8,12.5
117.6,12.7
117.6,12.6
117.1,12.3
116.8,12.5
116.8,12.5
116.8,12.5
116.3,12.5
116.0,12.7
115.6,12.4
115.2,12.7
115.1,12.3
115.1,12.3
114.8,12.4
114.3,12.4
114.0,12.3
114.0,12.4
114.0,12.2
114.0,12.7
113.9,12.3
113.8,12.4
113.8,12.7
113.3,12.6
112.9,12.3
112.9,12.3
112.7,12.4
112.2,12.2
112.2,12.6
112.1,12.3
111.6,12.4
111.4,12.3
111.0,12.5
110.9,12.3
110.9,12.5
110.8,12.6
110.4,12.5
110.4,12.3
110.0,12.5
109.8,12.7
109.4,12.5
109.4,12.4
109.0,12.2
108.6,12.6
108.1,12.3
108.1,12.7
108.0,12.7
107.8,12.6
107.4,12.4
106.9,12.3
106.7,12.6
106.5,12.7
106.1,12.5
105.7,12.6
105.2,12.4
105.0,12.5
104.7,12.6
104.7,12.3
104.4,12.5
104.2,12.5
104.0,12.5
104.0,12.3
104.0,12.4
103.9,12.5
103.6,12.7
103.2,12.6
102.8,12.6
102.4,12.4
102.3,12.4
102.2,12.4
101.8,12.3
101.5,12.7
101.4,12.7
101.4,12.5
101.0,12.3
101.0,12.2
100.6,12.4
100.6,12.5
100.3,12.2
100.3,12.2
100.3,12.4
100.3,12.6
100.2,12.2
100.2,12.6
100.2,12.4
100.2,12.6
99.8,12.3
99.8,12.4
99.7,12.2
99.7,12.6
99.6,12.6
99.6,12.7
99.5,12.3
99.4,12.7
99.1,12.4
99.0,12.6
99.0,12.5
98.8,12.6
98.8,12.6
98.7,12.3
98.4,12.2
98.1,12.4
97.8,12.6
97.3,12.6
97.0,12.3
96.5,12.5
96.5,12.4
96.5,12.5
96.4,12.4
96.1,12.3
96.0,12.6
95.9,12.6
95.7,12.4
95.6,12.6
95.5,12.2
95.3,12.3
95.3,12.4
95.2,12.3
94.9,12.4
94.6,12.5
94.5,12.3
94.4,12.4
94.4,12.2
94.4,12.2
94.0,12.6
94.0,12.4
94.0,12.4
93.5,12.6
93.5,12.4
93.5,12.7
93.4,12.4
93.1,12.3
93.1,12.5
93.0,12.5
93.0,12.3
92.6,12.4
92.5,12.5
92.1,12.6
91.8,12.3
91.8,12.4
91.7,12.4
91.7,12.5
91.7,12.3
91.7,12.3
91.6,12.5
91.3,12.5
91.1,12.6
90.7,12.6
90.4,12.3
90.4,12.5
90.3,12.6
89.9,12.6
89.8,12.4
89.5,12.3
89.3,12.3
89.0,12.5
88.9,12.7
88.7,12.6
88.6,12.5
88.2,12.2
88.1,12.4
88.0,12.6
87.8,12.2
87.8,12.6
87.8,12.4
87.7,12.3
87.7,12.7
87.4,12.3
87.1,12.2
87.0,12.5
87.0,12.2
86.6,12.7
86.4,12.6
86.1,12.6
85.6,12.5
85.5,12.7
85.2,12.2
85.0,12.5
84.6,12.3
84.3,12.6
83.9,12.4
83.8,12.5
83.4,12.7
83.3,12.4
83.1,12.5
83.0,12.4
82.9,12.3
82.5,12.7
82.4,12.6
82.4,12.4
82.4,12.6
82.4,12.3
81.9,12.5
81.5,12.3
81.4,12.6
81.3,12.6
80.8,12.4
80.4,12.6
80.0,12.4
79.7,12.3
79.7,12.7
79.7,12.5
79.6,12.7
79.3,12.6
79.3,12.4
78.9,12.2
78.9,12.2
78.8,12.3
78.7,12.4
78.4,12.5
78.3,12.4
78.0,12.3
77.9,12.4
77.8,12.3
77.5,12.6
77.5,12.3
77.4,12.6
77.3,12.2
77.1,12.6
76.9,12.6
76.9,12.3
76.8,12.6
76.8,12.6
76.6,12.5
76.3,12.2
76.3,12.4
76.1,12.5
76.0,12.6
75.7,12.3
75.7,12.3
75.2,12.5
75.0,12.7
74.7,12.7
74.7,12.6
74.7,12.3
74.3,12.6
74.3,12.3
74.2,12.3
73.8,12.4
73.5,12.3
73.1,12.7
72.7,12.3
72.7,12.4
72.6,12.2
72.5,12.6
72.2,12.4
72.1,12.6
72.0,12.5
71.6,12.6
71.5,12.3
71.5,12.7
71.1,12.5
70.9,12.5
70.8,12.4
70.8,12.4
70.6,12.7
70.5,12.3
70.1,12.3
70.0,12.3
69.6,12.5
69.5,12.2
69.3,12.3
68.9,12.3
68.8,12.4
68.4,12.2
68.4,12.6
68.4,12.7
68.1,12.6
67.6,12.7
67.6,12.3
67.3,12.7
66.8,12.3
66.5,12.5
66.0,12.7
65.6,12.2
65.5,12.3
65.5,12.5
65.2,12.6
64.8,12.3
64.5,12.5
64.3,12.5
64.3,12.6
64.2,12.5
63.8,12.4
63.5,12.6
63.3,12.3
63.2,12.6
62.8,12.7
62.5,12.2
62.2,12.2
62.2,12.4
62.1,12.4
62.1,12.7
62.0,12.7
62.0,12.2
61.7,12.5
61.4,12.5
61.0,12.5
61.0,12.5
60.9,12.4
60.8,12.5
60.8,12.4
60.5,12.3
60.4,12.4
60.3,12.4
59.9,12.2
59.6,12.5
59.2,12.6
59.0,12.6
58.9,12.7
58.8,12.5
58.4,12.5
58.3,12.5
58.0,12.6
57.6,12.6
57.6,12.7
57.5,12.3
57.5,12.7
57.5,12.7
57.4,12.7
57.1,12.5
57.0,12.4
56.6,12.3
56.2,12.3
55.7,12.4
55.7,12.6
55.6,12.4
55.2,12.7
54.9,12.3
54.5,12.5
54.4,12.5
54.1,12.7
54.1,12.4
53.9,12.6
53.8,12.3
53.8,12.4
53.3,12.2
53.1,12.7
53.0,12.5
52.9,12.4
52.9,12.6
52.8,12.5
52.7,12.6
52.2,12.4
52.2,12.3
52.2,12.5
52.1,12.3
51.9,12.6
51.6,12.4
51.6,12.4
51.6,12.3
51.5,12.4
51.4,12.4
51.0,12.2
50.8,12.6
50.3,12.4
50.2,12.4
50.2,12.6
50.2,12.3
50.2,12.3
50.1,12.4
50.0,12.5
50.0,12.2
50.0,12.3
49.9,12.3
49.8,12.3
49.4,12.5
49.1,12.4
49.1,12.5
49.0,12.6
48.6,12.4
48.5,12.7
48.2,12.4
48.1,12.3
47.6,12.3
47.3,12.4
47.2,12.6
46.9,12.4
46.8,12.5
46.4,12.3
46.4,12.3
46.3,12.6
46.1,12.6
46.1,12.5
46.1,12.4
45.7,12.4
45.7,12.3
45.2,12.6
44.9,12.6
44.9,12.3
44.5,12.6
44.5,12.6
44.2,12.7
43.9,12.5
43.6,12.6
43.5,12.3
43.4,12.5
43.4,12.6
43.3,12.5
42.8,12.5
42.8,12.2
42.3,12.4
42.3,12.4
41.9,12.3
41.6,12.3
41.6,12.3
41.3,12.5
41.1,12.6
41.1,12.2
41.0,12.5
41.0,12.7
40.9,12.7
40.5,12.4
40.1,12.6
40.0,12.6
39.5,12.7
39.2,12.5
39.1,12.3
39.0,12.7
38.8,12.6
38.5,12.4
38.3,12.4
38.2,12.3
38.2,12.5
37.7,12.3
37.3,12.3
37.0,12.5
36.7,12.4
36.5,12.5
36.4,12.4
35.9,12.2
35.9,12.5
35.5,12.5
35.5,12.2
35.4,12.7
35.3,12.3
35.0,12.6
34.5,12.4
34.5,12.4
34.5,12.5
34.4,12.5
34.3,12.4
34.1,12.6
34.0,12.7
33.9,12.6
33.9,12.6
33.8,12.2
33.6,12.5
33.6,12.7
33.5,12.6
33.5,12.6
33.1,12.3
32.8,12.3
32.8,12.4
32.7,12.5
32.4,12.5
32.4,12.7
32.4,12.4
32.2,12.4
32.1,12.6
32.0,12.4
32.0,12.5
31.6,12.3
31.3,12.4
31.2,12.2
31.0,12.7
31.0,12.6
30.9,12.4
30.9,12.6
30.8,12.6
30.7,12.3
30.3,12.3
29.9,12.6
29.7,12.6
29.3,12.4
28.9,12.6
28.5,12.5
28.1,12.3
28.1,12.5
27.8,12.7
27.7,12.4
27.7,12.2
27.3,12.3
27.3,12.6
27.2,12.5
27.2,12.6
27.1,12.4
26.9,12.4
26.9,12.4
26.5,12.5
26.5,12.6
26.1,12.3
25.8,12.2
25.6,12.6
25.6,12.6
25.1,12.3
25.1,12.5
24.6,12.4
24.2,12.4
23.9,12.5
23.6,12.5
23.5,12.4
23.5,12.5
23.2,12.6
23.2,12.4
23.2,12.3
23.1,12.5
22.7,12.4
22.2,12.5
22.2,12.5
22.2,12.2
21.7,12.4
21.4,12.7
21.3,12.3
20.9,12.7
20.8,12.4
20.8,12.2
20.8,12.5
20.7,12.6
20.4,12.4
20.0,12.3
20.0,12.3
20.0,12.2
19.9,12.6
19.9,12.7
19.6,12.7
19.6,12.6
19.1,12.6
19.1,12.5
19.0,12.4
19.0,12.6
18.9,12.5
18.7,12.5
18.2,12.5
17.8,12.5
17.7,12.7
17.5,12.6
17.1,12.4
17.0,12.5
16.8,12.4
16.6,12.3
16.2,12.7
16.2,12.2
15.9,12.4
15.8,12.2
15.4,12.6
15.3,12.6
14.9,12.6
14.9,12.3
14.5,12.5
14.5,12.5
14.3,12.2
13.9,12.5
13.9,12.7
13.9,12.2
13.8,12.7
13.7,12.5
13.5,12.4
13.5,12.5
13.0,12.6
13.0,12.3
12.9,12.4
12.9,12.6
12.8,12.2
12.8,12.6
12.4,12.4
12.4,12.2
12.4,12.3
12.4,12.7
11.9,12.6
11.6,12.7
11.5,12.7
11.5,12.3
11.5,12.3
11.1,12.6
10.6,12.7
10.4,12.5
10.1,12.4
10.1,12.7
9.8,12.5
9.7,12.7
9.7,12.5
9.4,12.6
9.0,12.4
9.0,12.3
8.7,12.5
8.6,12.5
8.5,12.6
8.0,12.5
7.6,12.5
7.4,12.7
7.4,12.4
7.1,12.5
6.7,12.2
6.7,12.3
6.4,12.2
6.3,12.5
5.8,12.4
5.7,12.6
5.5,12.5
5.4,12.4
5.2,12.6
4.9,12.2
4.9,12.5
4.9,12.3
4.8,12.6
4.7,12.5
4.7,12.3
4.6,12.6
4.2,12.5
4.1,12.6
3.8,12.6
3.4,12.5
3.0,12.7
3.0,12.7
2.6,12.6
2.5,12.6
2.3,12.4
2.3,12.7
2.2,12.4
1.7,12.6
1.6,12.4
1.6,12.2
1.2,12.2
1.1,12.6
1.1,12.7
0.7,12.5
0.7,12.3
0.6,12.3
0.4,12.5
0.0,12.3
235.5,12.7
247.9,12.4
247.5,12.5
247.3,12.7
247.2,12.4
246.9,12.2
246.5,12.5
246.1,12.7
246.0,12.5
245.9,12.2
245.4,12.4
245.4,12.5
245.2,12.3
245.1,12.5
245.1,12.3
245.0,12.7
244.6,12.5
244.5,12.7
244.5,12.5
244.4,12.2
244.1,12.5
243.7,12.6
243.6,12.6
243.2,12.6
242.9,12.2
242.8,12.4
242.5,12.3
242.4,12.5
242.2,12.6
242.2,12.5
242.1,12.7
242.1,12.5
241.6,12.2
241.5,12.6
241.2,12.4
240.8,12.3
240.6,12.6
240.5,12.5
240.5,12.3
240.5,12.6
240.4,12.3
240.4,12.2
240.2,12.2
240.1,12.5
239.8,12.3
239.8,12.4
239.8,12.3
239.4,12.2
239.0,12.4
238.6,12.4
238.3,12.5
237.9,12.6
237.8,12.2
237.7,12.3
237.6,12.6
237.6,12.4
237.2,12.2
237.2,12.3
237.1,12.6
236.7,12.5
236.7,12.5
236.2,12.4
235.7,12.3
235.5,12.5
235.5,12.4
235.4,12.5
235.4,12.3
235.3,12.6
235.0,12.4
234.6,12.4
234.2,12.4
233.8,12.3
233.8,12.3
233.8,12.6
233.3,12.4
233.2,12.5
233.1,12.7
233.1,12.5
232.7,12.2
232.6,12.4
232.2,12.6
232.0,12.6
232.0,12.6
231.7,12.2
231.6,12.2
231.6,12.4
231.5,12.6
231.1,12.5
230.9,12.3
230.8,12.4
230.4,12.4
230.4,12.4
230.1,12.7
229.8,12.3
229.8,12.4
229.3,12.4
229.3,12.4
228.8,12.3
228.4,12.3
228.4,12.3
227.9,12.2
227.8,12.3
227.7,12.2
227.7,12.7
227.4,12.4
227.3,12.4
227.2,12.4
227.2,12.3
227.2,12.4
227.1,12.2
227.1,12.3
226.9,12.5
226.5,12.5
226.2,12.6
226.0,12.3
225.7,12.7
225.2,12.5
224.9,12.4
224.8,12.5
224.5,12.3
224.5,12.7
224.4,12.5
224.4,12.2
224.3,12.7
224.3,12.6
223.9,12.7
223.8,12.3
223.3,12.4
223.2,12.5
223.0,12.4
222.7,12.4
222.4,12.6
222.1,12.2
221.7,12.3
221.6,12.3
221.6,12.2
221.1,12.6
221.0,12.6
220.9,12.5
220.6,12.4
220.3,12.3
220.2,12.7
220.1,12.3
219.8,12.3
219.3,12.2
219.2,12.5
219.2,12.6
219.1,12.3
218.7,12.3
218.6,12.3
218.4,12.2
218.4,12.4
217.9,12.6
217.9,12.5
217.4,12.5
217.2,12.5
216.7,12.6
216.7,12.5
216.4,12.3
216.1,12.2
215.7,12.2
215.7,12.3
215.2,12.3
215.2,12.3
214.9,12.4
214.8,12.7
214.8,12.6
214.5,12.3
214.4,12.4
214.4,12.6
214.3,12.4
214.3,12.7
213.8,12.7
213.6,12.7
213.4,12.4
213.3,12.2
212.9,12.2
212.5,12.6
212.1,12.4
211.6,12.3
211.6,12.6
211.5,12.4
211.4,12.6
211.2,12.5
211.1,12.4
210.8,12.5
210.4,12.3
210.1,12.2
209.6,12.3
209.5,12.6
209.1,12.6
208.7,12.4
208.7,12.5
208.3,12.5
207.9,12.4
207.6,12.4
207.2,12.3
207.1,12.3
206.7,12.5
206.3,12.3
206.1,12.5
205.7,12.5
205.7,12.4
205.5,12.3
205.4,12.6
204.9,12.4
204.6,12.7
204.6,12.6
204.6,12.3
204.5,12.5
204.4,12.7
204.4,12.5
204.4,12.3
204.1,12.3
204.0,12.6
203.7,12.5
203.6,12.3
203.6,12.6
203.2,12.3
202.9,12.6
202.6,12.5
202.4,12.5
202.1,12.6
201.9,12.5
201.7,12.3
201.4,12.3
201.3,12.4
201.1,12.5
201.1,12.3
200.9,12.5
200.8,12.7
200.8,12.4
200.4,12.7
200.0,12.2
199.9,12.7
199.9,12.4
199.8,12.7
199.6,12.3
199.6,12.5
199.2,12.4
199.2,12.6
199.1,12.3
198.8,12.3
198.7,12.6
198.3,12.5
198.3,12.5
198.0,12.4
197.7,12.7
197.7,12.4
197.7,12.4
197.3,12.2
197.3,12.6
197.1,12.4
196.8,12.4
196.4,12.6
196.3,12.7
196.0,12.7
195.7,12.4
195.5,12.4
195.0,12.4
194.7,12.4
194.6,12.7
194.5,12.3
194.5,12.2
194.5,12.2
194.4,12.5
194.0,12.3
193.8,12.5
193.5,12.3
193.5,12.7
193.2,12.3
192.8,12.6
192.8,12.7
192.8,12.7
192.5,12.6
192.0,12.4
192.0,12.6
191.9,12.3
191.9,12.3
191.5,12.6
191.5,12.4
191.2,12.6
190.9,12.2
190.5,12.3
190.1,12.4
189.7,12.5
189.6,12.7
189.2,12.5
189.2,12.2
188.9,12.4
188.9,12.6
188.8,12.4
188.5,12.3
188.2,12.5
188.1,12.6
187.7,12.3
187.6,12.4
187.3,12.2
187.0,12.2
186.9,12.2
186.5,12.3
186.1,12.4
185.9,12.6
185.9,12.3
185.4,12.4
184.9,12.5
184.9,12.3
184.9,12.7
184.8,12.5
184.7,12.6
184.4,12.2
184.1,12.5
184.0,12.3
183.7,12.7
183.6,12.4
183.5,12.2
183.2,12.3
183.1,12.6
183.1,12.3
182.7,12.4
182.7,12.5
182.2,12.4
182.1,12.5
181.7,12.6
181.7,12.5
181.2,12.5
181.2,12.6
180.8,12.4
180.4,12.6
179.9,12.5
179.5,12.4
179.3,12.6
178.9,12.2
178.9,12.5
178.4,12.2
178.1,12.4
178.1,12.6
177.8,12.7
177.8,12.2
177.7,12.6
177.7,12.5
177.7,12.5
177.3,12.4
177.3,12.7
177.3,12.7
177.2,12.6
177.2,12.6
177.2,12.5
177.1,12.3
176.9,12.6
176.5,12.2
176.5,12.7
176.2,12.6
175.9,12.6
175.5,12.6
175.1,12.5
175.1,12.5
174.9,12.3
174.6,12.5
174.6,12.2
174.6,12.5
174.1,12.3
174.1,12.2
173.9,12.6
173.6,12.4
173.5,12.4
173.4,12.5
173.1,12.4
172.8,12.5
172.7,12.4
172.7,12.3
172.6,12.6
172.6,12.3
172.5,12.5
172.4,12.6
172.4,12.6
172.1,12.4
171.7,12.5
171.4,12.5
171.3,12.3
171.2,12.2
171.2,12.5
171.1,12.2
170.9,12.5
170.9,12.3
170.6,12.3
170.1,12.3
169.7,12.2
169.3,12.6
168.9,12.5
168.7,12.7
168.6,12.5
168.5,12.6
168.5,12.4
168.2,12.3
168.1,12.4
168.1,12.7
167.7,12.2
167.6,12.4
167.6,12.3
167.3,12.4
167.2,12.6
167.2,12.6
167.2,12.3
166.8,12.2
166.8,12.6
166.3,12.6
166.2,12.2
166.2,12.3
165.7,12.4
165.6,12.2
165.5,12.6
165.2,12.5
165.1,12.5
164.9,12.4
164.9,12.4
164.8,12.7
164.7,12.5
164.3,12.6
164.0,12.4
164.0,12.3
163.9,12.4
163.9,12.4
163.5,12.5
163.1,12.6
162.7,12.6
162.6,12.2
162.5,12.5
162.5,12.6
162.5,12.4
162.4,12.5
162.1,12.2
161.7,12.7
161.3,12.5
160.8,12.6
160.8,12.3
160.8,12.3
160.7,12.7
160.4,12.5
159.9,12.5
159.5,12.3
159.1,12.6
158.8,12.4
158.8,12.2
158.4,12.5
158.3,12.6
157.9,12.3
157.5,12.3
157.2,12.6
156.9,12.6
156.9,12.5
156.6,12.6
156.5,12.3
156.5,12.7
156.2,12.4
156.2,12.6
155.9,12.7
155.9,12.3
155.8,12.4
155.8,12.5
155.3,12.6
155.0,12.6
154.6,12.7
154.6,12.2
154.5,12.7
154.1,12.4
153.7,12.2
153.4,12.4
153.4,12.2
153.3,12.5
153.3,12.3
153.3,12.3
152.9,12.2
152.9,12.3
152.8,12.6
152.4,12.4
152.4,12.4
152.4,12.7
152.3,12.5
152.3,12.5
152.2,12.4
151.8,12.5
151.5,12.2
151.5,12.5
151.4,12.6
150.9,12.3
150.6,12.5
150.6,12.3
150.2,12.4
150.1,12.4
150.0,12.3
149.7,12.6
149.7,12.4
149.3,12.5
149.0,12.4
148.8,12.4
148.5,12.2
148.1,12.2
148.1,12.7
147.8,12.3
147.7,12.7
147.6,12.3
147.4,12.7
147.4,12.3
146.9,12.6
146.7,12.4
146.7,12.2
146.6,12.7
146.6,12.2
146.2,12.3
145.9,12.6
145.8,12.6
145.7,12.7
145.7,12.3
145.7,12.5
145.5,12.5
145.4,12.6
145.4,12.6
145.0,12.5
145.0,12.2
144.9,12.3
144.7,12.3
144.4,12.6
144.1,12.4
143.7,12.4
143.6,12.6
143.6,12.5
143.3,12.4
143.2,12.5
143.2,12.5
142.8,12.5
142.6,12.6
142.3,12.5
142.3,12.6
142.2,12.5
141.8,12.6
141.8,12.5
141.7,12.7
141.7,12.4
141.5,12.5
141.5,12.6
141.4,12.3
141.4,12.2
141.2,12.3
141.1,12.6
140.6,12.2
140.6,12.2
140.6,12.5
140.6,12.4
140.5,12.3
140.1,12.3
140.1,12.4
140.0,12.4
140.0,12.5
139.9,12.5
139.9,12.5
139.6,12.4
139.6,12.5
139.6,12.6
139.1,12.7
138.7,12.5
138.3,12.3
137.9,12.7
137.8,12.3
137.8,12.6
137.7,12.5
137.6,12.3
137.6,12.5
137.2,12.3
137.0,12.4
136.9,12.6
136.9,12.3
136.9,12.3
136.9,12.2
136.9,12.5
136.8,12.4
136.5,12.5
136.4,12.2
136.4,12.4
136.1,12.6
136.0,12.2
136.0,12.3
136.0,12.3
135.8,12.2
135.5,12.3
135.2,12.5
134.8,12.5
134.5,12.6
134.4,12.6
134.1,12.5
133.9,12.4
133.4,12.2
133.2,12.3
133.1,12.2
132.9,12.4
132.8,12.4
132.4,12.4
131.9,12.2
131.5,12.2
131.2,12.4
130.8,12.5
130.8,12.6
130.7,12.3
130.2,12.3
130.2,12.6
130.2,12.5
130.1,12.5
129.7,12.4
129.2,12.4
128.7,12.3
128.4,12.7
128.3,12.6
128.3,12.7
128.0,12.3
127.8,12.2
127.3,12.5
126.8,12.3
126.8,12.5
126.4,12.7
126.2,12.5
126.2,12.5
126.1,12.4
126.1,12.3
126.1,12.6
125.7,12.3
125.6,12.3
125.4,12.6
125.4,12.5
125.0,12.6
125.0,12.5
124.6,12.3
124.3,12.7
124.2,12.6
123.9,12.4
123.9,12.4
123.6,12.4
123.6,12.3
123.4,12.3
123.0,12.6
123.0,12.3
122.9,12.2
122.8,12.3
122.8,12.5
122.3,12.4
121.8,12.3
121.5,12.7
121.1,12.5
120.7,12.4
120.6,12.4
120.6,12.2
120.5,12.3
120.1,12.5
119.7,12.6
119.3,12.2
118.9,12.3
118.8,12.6
118.8,12.6
118.5,12.2
118.4,12.5
118.4,12.5
118.3,12.4
118.3,12.4
117.9,12.3
117.4,12.6
117.3,12.3
117.3,12.6
117.0,12.5
116.7,12.7
116.4,12.5
115.9,12.2
115.5,12.7
115.1,12.3
114.7,12.6
114.6,12.6
114.1,12.6
113.7,12.6
113.7,12.6
113.2,12.4
113.2,12.2
112.8,12.2
112.3,12.4
112.0,12.2
112.0,12.3
111.7,12.4
111.6,12.6
111.6,12.7
111.3,12.4
111.3,12.5
110.9,12.5
110.8,12.6
110.8,12.2
110.8,12.3
110.3,12.3
110.2,12.6
110.1,12.6
110.0,12.5
109.8,12.6
109.7,12.3
109.3,12.5
109.3,12.6
109.0,12.5
109.0,12.7
108.6,12.7
108.4,12.4
107.9,12.5
107.9,12.4
107.9,12.7
107.9,12.4
107.8,12.6
107.8,12.4
107.7,12.4
107.4,12.2
107.2,12.3
107.1,12.3
107.1,12.4
107.0,12.4
106.5,12.5
106.5,12.3
106.4,12.7
106.1,12.6
106.0,12.7
106.0,12.5
105.6,12.4
105.2,12.7
105.2,12.5
105.2,12.7
105.1,12.5
105.1,12.3
104.7,12.6
104.6,12.3
104.6,12.6
104.6,12.7
104.6,12.4
104.2,12.3
104.2,12.4
103.8,12.3
103.8,12.6
103.4,12.7
103.4,12.5
103.3,12.4
103.3,12.5
103.3,12.3
103.3,12.2
103.2,12.5
102.9,12.5
102.5,12.7
102.4,12.5
102.3,12.6
102.2,12.3
102.2,12.6
102.2,12.5
102.1,12.5
102.1,12.5
102.1,12.3
102.0,12.3
101.6,12.7
101.6,12.5
101.3,12.4
101.3,12.5
101.2,12.5
100.8,12.5
100.8,12.4
100.3,12.7
100.0,12.6
99.7,12.2
99.3,12.3
99.0,12.7
99.0,12.2
98.9,12.4
98.9,12.3
98.5,12.7
98.4,12.5
98.0,12.3
98.0,12.3
97.6,12.5
97.4,12.2
97.3,12.2
97.0,12.6
96.7,12.4
96.7,12.3
96.6,12.4
96.1,12.5
96.0,12.3
96.0,12.4
96.0,12.4
96.0,12.4
95.6,12.6
95.1,12.3
94.8,12.6
94.8,12.5
94.3,12.5
94.0,12.5
94.0,12.6
93.6,12.4
93.6,12.3
93.2,12.4
93.1,12.3
92.7,12.7
92.7,12.2
92.6,12.3
92.6,12.3
92.2,12.2
91.8,12.6
91.8,12.5
91.4,12.5
91.1,12.7
90.9,12.3
90.9,12.7
90.4,12.4
90.1,12.2
90.1,12.3
90.1,12.3
89.8,12.4
89.5,12.4
89.4,12.3
89.4,12.4
89.3,12.4
88.9,12.6
88.5,12.7
88.5,12.5
88.4,12.6
88.0,12.4
87.9,12.5
87.9,12.3
87.6,12.4
87.5,12.3
87.5,12.7
87.3,12.2
87.0,12.5
86.9,12.3
86.9,12.6
86.9,12.6
86.6,12.6
86.5,12.5
86.5,12.3
86.0,12.4
85.5,12.7
85.2,12.5
84.9,12.2
84.6,12.4
84.6,12.5
84.3,12.6
83.9,12.3
83.7,12.2
83.6,12.4
83.5,12.5
83.1,12.4
82.7,12.4
82.7,12.6
82.2,12.2
81.7,12.6
81.7,12.4
81.7,12.5
81.6,12.3
81.5,12.4
81.5,12.4
81.1,12.3
81.0,12.3
80.5,12.4
80.5,12.3
80.5,12.3
80.5,12.2
80.4,12.6
80.3,12.7
80.1,12.2
79.8,12.4
79.5,12.7
79.1,12.3
78.8,12.2
78.7,12.4
78.7,12.5
78.6,12.2
78.1,12.4
77.7,12.5
77.6,12.5
77.5,12.4
77.2,12.2
76.9,12.6
76.9,12.5
76.9,12.3
76.5,12.4
76.4,12.5
76.1,12.3
76.0,12.2
76.0,12.6
75.7,12.6
75.7,12.4
75.3,12.6
75.3,12.2
75.3,12.5
75.2,12.5
75.2,12.3
75.1,12.3
75.1,12.3
74.8,12.5
74.4,12.6
74.1,12.5
74.0,12.5
73.9,12.3
73.9,12.5
73.6,12.3
73.2,12.4
72.9,12.3
72.9,12.3
72.4,12.6
72.4,12.6
72.3,12.3
72.1,12.3
72.0,12.6
71.6,12.3
71.5,12.5
71.2,12.5
71.2,12.5
71.1,12.3
70.7,12.6
70.4,12.5
70.3,12.5
70.3,12.6
70.2,12.2
70.1,12.5
70.1,12.5
70.0,12.3
69.5,12.4
69.3,12.4
69.2,12.6
69.0,12.5
68.9,12.4
68.6,12.3
68.2,12.3
67.9,12.2
67.4,12.3
67.1,12.5
67.1,12.7
67.0,12.4
66.6,12.6
66.1,12.3
66.0,12.5
66.0,12.5
65.9,12.3
65.9,12.3
65.4,12.6
65.0,12.7
64.9,12.3
64.5,12.7
64.3,12.3
64.1,12.4
64.0,12.3
64.0,12.5
63.7,12.4
63.7,12.6
63.3,12.4
63.3,12.6
63.2,12.6
63.1,12.6
62.7,12.4
62.7,12.7
62.3,12.7
62.2,12.5
62.2,12.3
61.9,12.2
61.4,12.4
61.1,12.5
60.7,12.4
60.7,12.7
60.3,12.3
59.9,12.6
59.8,12.2
59.4,12.5
59.0,12.4
58.5,12.4
58.5,12.6
58.2,12.5
58.1,12.7
58.1,12.6
57.8,12.6
57.6,12.3
57.5,12.2
57.4,12.4
57.2,12.6
57.2,12.4
57.1,12.4
56.7,12.2
56.6,12.3
56.4,12.2
56.4,12.4
56.0,12.5
55.7,12.5
55.3,12.3
55.3,12.3
55.2,12.4
54.8,12.4
54.8,12.5
54.4,12.3
54.3,12.3
54.2,12.5
54.2,12.6
53.8,12.5
53.4,12.5
53.2,12.5
53.1,12.4
53.0,12.4
53.0,12.2
52.9,12.4
52.5,12.5
52.4,12.6
52.3,12.3
52.2,12.3
51.8,12.3
51.6,12.5
51.5,12.4
51.5,12.6
51.1,12.7
51.1,12.6
50.9,12.3
50.5,12.4
50.4,12.2
50.1,12.5
50.1,12.6
50.0,12.5
49.9,12.6
49.8,12.6
49.8,12.2
49.4,12.4
49.0,12.4
48.5,12.3
48.1,12.5
47.7,12.5
47.6,12.6
47.3,12.5
47.1,12.6
47.0,12.4
47.0,12.4
46.6,12.4
46.3,12.4
46.1,12.6
46.0,12.5
45.7,12.5
45.2,12.6
45.2,12.7
45.1,12.4
44.8,12.3
44.8,12.5
44.7,12.6
44.7,12.6
44.3,12.7
43.8,12.6
43.7,12.2
43.4,12.3
43.1,12.6
42.8,12.3
42.8,12.6
42.5,12.4
42.2,12.4
42.1,12.3
42.1,12.4
42.0,12.3
41.9,12.6
41.9,12.3
41.9,12.5
41.8,12.5
41.5,12.7
41.1,12.5
40.7,12.5
40.6,12.7
40.6,12.5
40.2,12.5
40.0,12.5
39.6,12.3
39.6,12.5
39.1,12.4
38.9,12.6
38.5,12.7
38.5,12.3
38.5,12.5
38.2,12.6
37.8,12.6
37.4,12.6
36.9,12.5
36.7,12.7
36.7,12.4
36.4,12.5
36.0,12.3
35.9,12.3
35.8,12.6
35.4,12.4
35.3,12.3
34.9,12.6
34.6,12.3
34.1,12.6
34.1,12.4
34.0,12.6
33.7,12.2
33.7,12.6
33.2,12.3
32.7,12.7
32.7,12.4
32.4,12.5
32.4,12.3
32.3,12.4
32.3,12.6
32.0,12.6
31.5,12.3
31.2,12.4
31.2,12.3
31.0,12.2
30.9,12.7
30.6,12.6
30.6,12.3
30.5,12.5
30.4,12.2
30.0,12.3
30.0,12.4
29.6,12.7
29.2,12.6
28.7,12.3
28.2,12.7
28.1,12.7
27.7,12.5
27.6,12.2
27.1,12.6
27.0,12.6
27.0,12.5
26.9,12.3
26.8,12.6
26.8,12.5
26.5,12.5
26.4,12.5
26.1,12.7
25.6,12.4
25.2,12.2
24.8,12.3
24.3,12.3
24.0,12.4
23.9,12.4
23.9,12.6
23.5,12.4
23.2,12.6
22.7,12.5
22.6,12.4
22.6,12.4
22.5,12.3
22.5,12.7
22.1,12.3
21.9,12.3
21.8,12.5
21.4,12.4
21.4,12.4
21.1,12.4
20.8,12.6
20.7,12.2
20.3,12.4
20.3,12.3
20.3,12.2
20.3,12.4
19.8,12.3
19.3,12.5
19.2,12.3
19.2,12.5
18.8,12.6
18.5,12.2
18.5,12.3
18.2,12.7
17.7,12.4
17.7,12.3
17.6,12.3
17.6,12.3
17.3,12.4
16.8,12.5
16.6,12.3
16.4,12.5
16.4,12.5
16.1,12.5
16.1,12.6
15.8,12.7
15.5,12.6
15.1,12.5
14.7,12.6
14.6,12.6
14.3,12.2
14.3,12.2
14.3,12.3
14.0,12.3
13.6,12.2
13.2,12.4
13.2,12.5
12.8,12.5
12.6,12.7
12.1,12.7
12.0,12.5
12.0,12.3
12.0,12.5
11.6,12.7
11.2,12.6
11.2,12.7
10.9,12.6
10.9,12.3
10.9,12.4
10.6,12.6
10.6,12.4
10.5,12.4
10.0,12.5
10.0,12.2
10.0,12.5
9.7,12.6
9.3,12.5
8.9,12.4
8.6,12.6
8.4,12.2
8.2,12.7
7.8,12.6
7.7,12.5
7.7,12.5
7.6,12.5
7.4,12.5
7.0,12.7
7.0,12.6
7.0,12.5
6.5,12.5
6.4,12.4
6.4,12.2
6.0,12.5
6.0,12.4
5.7,12.5
5.4,12.6
4.9,12.2
4.9,12.6
4.8,12.6
4.4,12.3
4.3,12.5
3.8,12.7
3.5,12.5
3.2,12.6
3.1,12.2
2.8,12.3
2.7,12.6
2.7,12.3
2.6,12.3
2.5,12.4
2.5,12.5
2.4,12.5
2.4,12.2
2.4,12.3
2.0,12.6
1.8,12.6
1.5,12.6
1.5,12.3
1.3,12.4
0.9,12.6
0.4,12.2
246.3,12.6
233.7,12.5
233.4,12.3
233.3,12.6
233.2,12.5
232.7,12.4
232.7,12.5
232.2,12.3
231.8,12.3
231.5,12.6
231.5,12.6
231.4,12.2
231.0,12.3
230.9,12.7
230.5,12.5
230.2,12.5
230.1,12.2
229.8,12.2
229.7,12.5
229.7,12.6
229.4,12.3
229.3,12.3
229.0,12.5
228.9,12.3
228.8,12.6
228.8,12.3
228.7,12.3
228.5,12.4
228.1,12.5
227.6,12.2
227.6,12.4
227.5,12.6
227.4,12.3
227.4,12.3
227.2,12.2
226.8,12.6
226.4,12.4
226.0,12.7
225.7,12.7
225.7,12.5
225.7,12.4
225.6,12.3
225.5,12.5
225.5,12.4
225.0,12.3
224.5,12.6
224.3,12.6
224.3,12.6
223.9,12.4
223.5,12.4
223.5,12.6
223.5,12.3
223.4,12.3
223.0,12.5
222.9,12.5
222.8,12.6
222.4,12.4
222.1,12.6
222.1,12.4
221.7,12.5
221.6,12.6
221.6,12.3
221.6,12.5
221.2,12.3
221.1,12.6
221.1,12.7
220.6,12.3
220.5,12.5
220.4,12.6
220.1,12.5
219.9,12.6
219.8,12.7
219.5,12.6
219.5,12.5
219.0,12.7
218.9,12.6
218.9,12.2
218.7,12.2
218.4,12.6
218.4,12.5
218.1,12.3
217.8,12.7
217.7,12.6
217.4,12.6
216.9,12.5
216.9,12.4
216.8,12.2
216.5,12.6
216.0,12.6
215.8,12.2
215.5,12.5
215.4,12.5
215.3,12.5
214.9,12.7
214.8,12.5
214.6,12.2
214.3,12.5
214.2,12.5
213.7,12.7
213.7,12.6
213.6,12.6
213.3,12.2
212.9,12.3
212.9,12.5
212.7,12.5
212.2,12.3
212.2,12.6
211.9,12.4
211.7,12.6
211.2,12.5
210.8,12.4
210.7,12.5
210.5,12.4
210.0,12.7
209.7,12.5
209.7,12.4
209.7,12.4
209.6,12.6
209.3,12.3
209.2,12.3
209.2,12.5
209.2,12.5
208.8,12.6
208.7,12.4
208.4,12.6
208.3,12.6
208.0,12.3
207.6,12.4
207.5,12.3
207.4,12.4
207.4,12.4
207.0,12.3
206.9,12.4
206.8,12.2
206.6,12.5
206.4,12.4
206.3,12.4
206.2,12.3
205.9,12.7
205.5,12.4
205.1,12.6
204.9,12.4
204.8,12.4
204.8,12.5
204.8,12.5
204.8,12.6
204.5,12.2
204.1,12.3
203.8,12.4
203.4,12.7
203.0,12.6
202.8,12.2
202.7,12.3
202.3,12.6
202.3,12.5
202.2,12.6
202.1,12.7
201.6,12.5
201.6,12.4
201.2,12.5
200.7,12.3
200.6,12.5
200.6,12.2
200.3,12.7
199.9,12.5
199.7,12.3
199.4,12.3
199.1,12.3
199.0,12.4
198.7,12.2
198.7,12.5
198.6,12.4
198.6,12.6
198.2,12.4
198.1,12.5
197.7,12.2
197.6,12.5
197.4,12.6
197.3,12.7
197.2,12.4
197.0,12.3
196.5,12.5
196.3,12.6
195.9,12.2
195.7,12.5
195.6,12.6
195.4,12.4
195.4,12.3
195.3,12.5
195.3,12.3
195.3,12.4
195.3,12.2
195.2,12.2
195.2,12.6
195.1,12.5
195.0,12.5
195.0,12.5
194.8,12.5
194.7,12.3
194.7,12.7
194.7,12.7
194.3,12.3
193.9,12.3
193.8,12.6
193.4,12.5
192.9,12.5
192.9,12.7
192.6,12.4
192.3,12.2
192.0,12.7
191.9,12.3
191.5,12.6
191.5,12.6
191.0,12.7
191.0,12.6
190.9,12.7
190.9,12.5
190.4,12.6
190.4,12.2
190.4,12.7
190.3,12.5
190.2,12.6
190.1,12.2
189.7,12.6
189.6,12.2
189.3,12.3
189.2,12.6
189.1,12.5
189.1,12.4
189.0,12.5
188.8,12.5
188.8,12.6
188.3,12.2
188.3,12.7
188.3,12.3
188.3,12.4
188.2,12.3
188.1,12.4
188.0,12.5
188.0,12.4
187.5,12.5
187.2,12.4
186.7,12.3
186.6,12.5
186.6,12.4
186.6,12.4
186.3,12.5
186.0,12.4
185.6,12.2
185.6,12.5
185.3,12.3
185.0,12.4
184.9,12.6
184.5,12.3
184.5,12.7
184.4,12.6
184.4,12.4
184.3,12.7
184.3,12.2
184.3,12.3
183.9,12.4
183.8,12.7
183.5,12.3
183.5,12.4
183.1,12.4
183.1,12.3
183.0,12.5
182.6,12.3
182.6,12.5
182.2,12.5
182.1,12.3
181.9,12.5
181.8,12.4
181.7,12.7
181.3,12.4
181.2,12.4
180.9,12.6
180.7,12.3
180.2,12.2
180.2,12.5
179.7,12.2
179.4,12.4
179.3,12.4
179.3,12.4
179.2,12.5
179.1,12.2
179.1,12.2
179.1,12.6
179.1,12.7
178.7,12.4
178.3,12.4
178.3,12.3
178.3,12.7
178.2,12.4
177.8,12.5
177.8,12.3
177.7,12.6
177.4,12.3
177.0,12.5
176.5,12.6
176.5,12.4
176.3,12.2
176.2,12.3
175.9,12.5
175.9,12.7
175.8,12.6
175.5,12.6
175.1,12.6
175.0,12.4
175.0,12.5
174.6,12.5
174.6,12.4
174.3,12.4
174.2,12.6
173.9,12.4
173.8,12.3
173.8,12.7
173.8,12.5
173.7,12.7
173.3,12.4
173.0,12.3
172.9,12.6
172.9,12.3
172.9,12.2
172.5,12.4
172.3,12.2
171.8,12.5
171.7,12.3
171.3,12.6
171.3,12.2
171.2,12.6
170.9,12.5
170.5,12.4
170.1,12.4
170.1,12.5
169.8,12.6
169.4,12.5
169.3,12.2
169.0,12.4
169.0,12.2
168.9,12.2
168.7,12.2
168.3,12.4
168.1,12.6
167.8,12.6
167.6,12.6
167.5,12.2
167.3,12.4
167.2,12.5
167.2,12.5
166.9,12.5
166.8,12.3
166.7,12.6
166.6,12.5
166.2,12.3
165.8,12.5
165.7,12.4
165.6,12.5
165.5,12.6
165.2,12.5
165.0,12.6
165.0,12.2
164.6,12.3
164.2,12.2
164.1,12.3
163.6,12.6
163.3,12.5
163.3,12.5
162.8,12.2
162.8,12.5
162.8,12.5
162.5,12.7
162.5,12.2
162.3,12.7
162.3,12.4
162.2,12.6
161.9,12.5
161.5,12.7
161.2,12.3
160.9,12.3
160.5,12.4
160.2,12.5
159.9,12.5
159.8,12.2
159.5,12.4
159.5,12.5
159.2,12.5
159.2,12.3
159.1,12.4
158.8,12.3
158.8,12.6
158.3,12.6
158.3,12.6
158.2,12.5
157.8,12.6
157.5,12.2
157.5,12.5
157.5,12.3
157.3,12.6
157.0,12.6
156.7,12.5
156.3,12.6
156.3,12.6
155.9,12.5
155.6,12.5
155.5,12.2
155.1,12.4
154.6,12.3
154.5,12.6
154.3,12.4
154.2,12.3
153.9,12.4
153.5,12.6
153.0,12.6
152.7,12.4
152.7,12.4
152.3,12.6
152.2,12.3
152.2,12.2
151.9,12.3
151.5,12.6
151.2,12.3
151.2,12.4
150.7,12.3
150.7,12.3
150.7,12.6
150.2,12.4
150.2,12.4
150.2,12.6
149.9,12.4
149.5,12.3
149.2,12.2
149.0,12.2
148.6,12.3
148.6,12.5
148.5,12.7
148.4,12.2
148.2,12.6
148.1,12.5
147.9,12.6
147.5,12.3
147.3,12.6
147.3,12.6
147.2,12.5
147.2,12.5
146.7,12.3
146.7,12.6
146.4,12.3
146.2,12.3
145.9,12.5
145.6,12.7
145.2,12.6
144.7,12.3
144.7,12.5
144.5,12.3
144.4,12.4
144.0,12.7
143.6,12.4
143.5,12.5
143.5,12.6
143.4,12.3
143.1,12.4
142.8,12.3
142.4,12.5
142.0,12.7
142.0,12.6
141.5,12.6
141.3,12.5
141.0,12.3
140.5,12.5
140.3,12.4
140.0,12.4
139.6,12.5
139.6,12.5
139.6,12.3
139.1,12.3
139.1,12.5
138.8,12.5
138.4,12.2
138.1,12.4
137.7,12.5
137.2,12.6
136.7,12.5
136.3,12.6
135.9,12.5
135.8,12.3
135.7,12.5
135.5,12.5
135.4,12.7
135.4,12.5
135.3,12.6
134.8,12.7
134.5,12.7
134.4,12.2
134.2,12.5
133.7,12.2
133.4,12.7
133.1,12.3
133.0,12.6
133.0,12.4
132.6,12.6
132.2,12.5
131.8,12.3
131.7,12.7
131.6,12.4
131.2,12.7
131.2,12.2
130.9,12.5
130.6,12.7
130.6,12.5
130.5,12.5
130.3,12.5
130.0,12.6
130.0,12.3
129.7,12.6
129.3,12.2
129.2,12.5
128.9,12.7
128.8,12.4
128.3,12.3
128.3,12.4
128.2,12.4
127.9,12.3
127.6,12.5
127.3,12.4
127.0,12.2
126.8,12.6
126.7,12.5
126.4,12.5
126.3,12.4
125.9,12.6
125.5,12.3
125.1,12.2
125.0,12.6
124.9,12.5
124.6,12.4
124.6,12.3
124.1,12.5
123.9,12.3
123.8,12.5
123.4,12.2
122.9,12.6
122.7,12.3
122.7,12.5
122.6,12.3
122.2,12.4
122.2,12.6
122.1,12.4
122.1,12.6
122.1,12.3
121.7,12.6
121.7,12.4
121.6,12.3
121.4,12.7
121.3,12.7
121.3,12.6
121.3,12.4
121.0,12.4
120.9,12.7
120.4,12.3
120.0,12.5
119.9,12.5
119.5,12.3
119.0,12.4
119.0,12.5
118.9,12.5
118.9,12.4
118.8,12.5
118.5,12.3
118.1,12.2
117.8,12.3
117.8,12.5
117.5,12.4
117.3,12.6
117.2,12.4
117.0,12.4
116.9,12.2
116.9,12.5
116.4,12.5
116.1,12.5
115.7,12.4
115.2,12.4
114.8,12.6
114.4,12.4
114.3,12.4
113.9,12.3
113.8,12.3
113.8,12.4
113.6,12.3
113.5,12.6
113.0,12.2
113.0,12.6
112.7,12.3
112.2,12.6
111.8,12.2
111.8,12.4
111.4,12.6
111.1,12.6
111.0,12.5
110.6,12.6
110.6,12.5
110.2,12.3
109.7,12.6
109.5,12.7
109.0,12.4
109.0,12.7
108.9,12.4
108.9,12.5
108.4,12.6
108.3,12.5
108.1,12.2
108.0,12.4
107.9,12.7
107.9,12.6
107.5,12.6
107.1,12.5
106.8,12.3
106.7,12.2
106.3,12.3
105.8,12.3
105.8,12.3
105.7,12.4
105.6,12.5
105.6,12.3
105.5,12.6
105.4,12.4
105.4,12.4
105.0,12.4
104.7,12.3
104.4,12.4
104.0,12.5
103.9,12.6
103.5,12.6
103.5,12.4
103.3,12.2
102.9,12.7
102.9,12.5
102.8,12.4
102.6,12.3
102.1,12.6
102.1,12.5
102.0,12.4
102.0,12.3
101.7,12.4
101.4,12.3
101.4,12.5
101.0,12.3
101.0,12.6
100.7,12.4
100.6,12.4
100.6,12.7
100.5,12.5
100.2,12.3
99.8,12.4
99.8,12.3
99.3,12.6
99.3,12.5
98.9,12.3
98.5,12.7
98.2,12.6
98.2,12.6
97.8,12.5
97.4,12.7
97.4,12.4
97.1,12.4
96.8,12.5
96.3,12.7
95.9,12.3
95.5,12.4
95.5,12.3
95.4,12.3
95.2,12.3
95.1,12.6
95.0,12.7
95.0,12.5
94.5,12.5
94.1,12.6
94.0,12.4
94.0,12.7
93.7,12.3
93.3,12.5
93.3,12.3
93.3,12.6
93.2,12.5
93.1,12.3
92.6,12.5
92.6,12.3
92.6,12.3
92.3,12.4
92.2,12.6
92.1,12.5
92.1,12.6
92.1,12.5
92.0,12.3
91.9,12.2
91.9,12.3
91.7,12.3
91.6,12.6
91.1,12.4
90.7,12.7
90.6,12.5
90.6,12.5
90.5,12.4
90.5,12.3
90.4,12.2
90.3,12.3
90.1,12.6
89.9,12.4
89.4,12.5
89.0,12.6
88.5,12.4
88.5,12.4
88.2,12.5
87.9,12.4
87.8,12.6
87.8,12.6
87.3,12.7
87.3,12.4
86.9,12.4
86.5,12.6
86.5,12.3
86.2,12.3
85.8,12.6
85.4,12.5
85.3,12.4
85.3,12.3
85.2,12.4
85.2,12.6
84.8,12.6
84.8,12.3
84.4,12.7
84.1,12.6
84.0,12.6
83.8,12.5
83.4,12.3
83.0,12.3
82.9,12.3
82.9,12.6
82.5,12.3
82.4,12.7
82.4,12.2
82.4,12.4
82.3,12.6
82.0,12.5
81.9,12.3
81.8,12.6
81.7,12.6
81.7,12.4
81.3,12.3
81.2,12.5
81.2,12.4
80.7,12.7
80.6,12.2
80.6,12.3
80.3,12.6
80.0,12.7
79.8,12.3
79.8,12.6
79.7,12.5
79.7,12.2
79.4,12.3
79.1,12.7
79.0,12.4
79.0,12.2
78.7,12.4
78.7,12.6
78.6,12.2
78.5,12.5
78.1,12.3
78.0,12.7
77.6,12.4
77.1,12.5
77.0,12.6
77.0,12.5
76.6,12.3
76.2,12.3
76.2,12.5
76.2,12.5
76.1,12.4
75.9,12.3
75.8,12.3
75.8,12.5
75.8,12.4
75.7,12.6
75.3,12.2
74.8,12.2
74.5,12.5
74.3,12.5
74.2,12.7
74.2,12.4
74.2,12.3
73.9,12.2
73.4,12.3
72.9,12.6
72.9,12.7
72.6,12.4
72.5,12.3
72.4,12.3
71.9,12.5
71.8,12.6
71.4,12.3
71.1,12.5
71.0,12.2
71.0,12.4
70.9,12.4
70.5,12.6
70.2,12.3
70.0,12.3
70.0,12.6
70.0,12.4
69.6,12.2
69.6,12.3
69.3,12.3
69.3,12.2
69.0,12.4
68.8,12.4
68.5,12.5
68.5,12.5
68.4,12.5
67.9,12.3
67.7,12.6
67.6,12.4
67.6,12.6
67.1,12.3
66.7,12.3
66.3,12.7
66.2,12.6
65.8,12.6
65.7,12.5
65.7,12.7
65.4,12.5
65.3,12.4
65.1,12.5
65.1,12.6
65.0,12.4
64.9,12.2
64.6,12.5
64.6,12.5
64.6,12.7
64.5,12.7
64.4,12.6
64.2,12.2
63.9,12.4
63.8,12.5
63.7,12.7
63.5,12.6
63.3,12.5
63.2,12.6
62.8,12.3
62.7,12.4
62.7,12.7
62.4,12.5
62.1,12.5
62.0,12.3
61.8,12.2
61.7,12.5
61.6,12.5
61.2,12.6
60.9,12.6
60.5,12.4
60.2,12.2
60.2,12.3
60.1,12.4
60.1,12.4
60.0,12.6
60.0,12.3
59.9,12.3
59.9,12.2
59.4,12.3
59.3,12.2
58.9,12.5
58.8,12.2
58.5,12.4
58.2,12.2
57.9,12.5
57.8,12.5
57.8,12.4
57.8,12.3
57.8,12.6
57.3,12.6
57.0,12.2
56.6,12.6
56.1,12.7
56.1,12.4
55.7,12.4
55.3,12.2
55.2,12.6
55.1,12.5
54.7,12.6
54.3,12.3
54.3,12.4
54.2,12.4
53.9,12.5
53.6,12.5
53.5,12.6
53.1,12.5
52.7,12.5
52.3,12.3
52.0,12.3
52.0,12.5
52.0,12.5
52.0,12.4
52.0,12.6
51.5,12.7
51.5,12.4
51.1,12.3
50.9,12.3
50.7,12.4
50.3,12.2
49.9,12.5
49.5,12.6
49.5,12.7
49.4,12.2
49.0,12.7
49.0,12.4
48.8,12.4
48.4,12.5
48.0,12.4
47.7,12.5
47.3,12.4
47.2,12.6
47.1,12.4
46.7,12.4
46.4,12.3
46.1,12.5
46.0,12.2
45.9,12.2
45.8,12.4
45.6,12.4
45.5,12.4
45.2,12.4
44.8,12.4
44.8,12.3
44.8,12.7
44.3,12.7
44.3,12.6
44.3,12.3
44.1,12.6
44.0,12.5
44.0,12.5
43.9,12.3
43.4,12.3
43.1,12.2
43.1,12.7
42.7,12.4
42.3,12.5
42.2,12.5
42.2,12.4
41.8,12.2
41.8,12.6
41.8,12.6
41.8,12.7
41.7,12.6
41.2,12.3
41.2,12.5
41.1,12.5
41.0,12.3
41.0,12.4
40.9,12.4
40.9,12.4
40.9,12.4
40.7,12.4
40.7,12.4
40.3,12.5
39.9,12.3
39.8,12.7
39.8,12.6
39.7,12.2
39.4,12.3
39.0,12.4
39.0,12.7
38.7,12.5
38.3,12.5
38.2,12.6
38.2,12.3
38.1,12.4
37.9,12.2
37.6,12.7
37.5,12.4
37.3,12.7
37.2,12.7
37.1,12.6
37.0,12.2
37.0,12.4
37.0,12.3
36.9,12.6
36.8,12.6
36.8,12.6
36.6,12.3
36.5,12.3
36.4,12.6
36.4,12.4
36.4,12.2
36.2,12.7
35.8,12.4
35.8,12.3
35.7,12.2
35.6,12.3
35.5,12.5
35.2,12.6
35.2,12.6
34.9,12.5
34.9,12.6
34.8,12.7
34.8,12.7
34.7,12.5
34.7,12.5
34.6,12.6
34.4,12.4
34.4,12.3
34.0,12.4
33.9,12.3
33.9,12.4
33.9,12.3
33.9,12.4
33.8,12.3
33.7,12.3
33.6,12.6
33.2,12.3
32.9,12.6
32.5,12.6
32.5,12.5
32.5,12.5
32.2,12.4
32.2,12.2
32.1,12.7
32.0,12.5
31.9,12.2
31.9,12.5
31.4,12.4
31.4,12.5
31.4,12.4
31.3,12.6
30.9,12.7
30.5,12.5
30.1,12.3
29.7,12.4
29.3,12.7
29.0,12.5
28.6,12.5
28.3,12.3
28.3,12.3
27.8,12.4
27.7,12.4
27.7,12.5
27.6,12.5
27.4,12.3
27.0,12.2
26.9,12.3
26.6,12.6
26.3,12.7
26.3,12.3
26.2,12.3
25.8,12.7
25.4,12.4
25.4,12.2
25.3,12.2
25.1,12.5
25.1,12.7
25.0,12.4
24.7,12.6
24.3,12.4
24.2,12.5
23.9,12.4
23.8,12.6
23.8,12.6
23.5,12.5
23.2,12.5
23.1,12.2
22.7,12.4
22.2,12.7
21.8,12.7
21.3,12.5
21.3,12.5
20.8,12.7
20.8,12.4
20.5,12.6
20.2,12.2
19.7,12.5
19.6,12.2
19.6,12.7
19.3,12.5
18.8,12.6
18.7,12.7
18.7,12.5
18.6,12.6
18.1,12.3
17.8,12.2
17.5,12.4
17.4,12.6
17.3,12.5
17.3,12.5
16.9,12.4
16.6,12.7
16.1,12.6
15.8,12.3
15.7,12.6
15.7,12.3
15.3,12.6
15.3,12.3
14.8,12.3
14.8,12.6
14.8,12.4
14.7,12.7
14.2,12.2
14.2,12.5
14.1,12.2
14.1,12.2
13.8,12.6
13.6,12.2
13.3,12.3
13.0,12.5
13.0,12.4
12.8,12.2
12.5,12.3
12.5,12.5
12.1,12.6
12.1,12.5
12.0,12.7
12.0,12.5
11.5,12.4
11.2,12.2
10.9,12.2
10.4,12.4
10.4,12.3
10.3,12.3
9.8,12.7
9.4,12.6
9.3,12.6
9.0,12.7
8.6,12.5
8.6,12.5
8.2,12.3
8.1,12.3
8.1,12.4
7.8,12.3
7.8,12.5
7.8,12.6
7.7,12.4
7.7,12.3
7.6,12.5
7.6,12.4
7.2,12.4
6.8,12.5
6.8,12.4
6.3,12.7
5.9,12.7
5.9,12.4
5.8,12.6
5.3,12.3
5.0,12.5
4.8,12.3
4.7,12.3
4.2,12.7
4.2,12.6
3.8,12.2
3.5,12.7
3.3,12.3
3.1,12.3
3.0,12.6
2.9,12.5
2.9,12.4
2.8,12.7
2.7,12.7
2.3,12.3
2.0,12.3
2.0,12.4
2.0,12.4
1.7,12.3
1.7,12.6
1.7,12.6
1.4,12.3
1.2,12.6
0.8,12.5
0.8,12.5
0.4,12.3
0.3,12.2
235.5,12.6
249.6,12.7
249.5,12.5
249.5,12.5
249.5,12.2
249.4,12.4
249.0,12.7
248.9,12.6
248.6,12.7
248.2,12.6
247.8,12.5
247.7,12.6
247.7,12.6
247.4,12.3
247.4,12.5
247.1,12.6
246.7,12.6
246.3,12.5
246.2,12.6
245.8,12.7
245.4,12.3
245.3,12.3
245.3,12.6
245.2,12.4
245.1,12.7
244.9,12.6
244.5,12.6
244.5,12.6
244.2,12.3
243.9,12.3
243.6,12.3
243.3,12.4
242.8,12.3
242.8,12.3
242.8,12.6
242.7,12.6
242.7,12.3
242.6,12.6
242.5,12.5
242.4,12.5
242.3,12.4
242.1,12.5
241.8,12.6
241.8,12.6
241.3,12.3
240.9,12.6
240.8,12.4
240.8,12.7
240.3,12.4
240.3,12.7
239.9,12.4
239.4,12.3
239.0,12.6
238.5,12.4
238.1,12.5
237.7,12.4
237.3,12.4
237.2,12.7
237.1,12.4
236.8,12.5
236.7,12.4
236.3,12.4
236.3,12.3
236.0,12.2
235.9,12.5
235.5,12.3
235.4,12.3
235.4,12.6
235.1,12.6
235.0,12.5
234.8,12.4
234.4,12.3
234.3,12.4
234.2,12.4
233.9,12.4
233.7,12.2
233.6,12.6
233.6,12.2
233.5,12.5
233.3,12.6
233.0,12.7
233.0,12.6
232.5,12.4
232.5,12.5
232.2,12.3
232.2,12.7
231.9,12.7
231.8,12.3
231.5,12.5
231.3,12.6
231.2,12.5
230.7,12.6
230.7,12.3
230.6,12.3
230.5,12.2
230.4,12.6
230.3,12.5
229.9,12.3
229.6,12.3
229.6,12.3
229.3,12.3
228.9,12.5
228.5,12.5
228.4,12.5
228.4,12.7
228.4,12.4
228.1,12.6
227.8,12.6
227.5,12.6
227.3,12.2
227.2,12.5
226.8,12.7
226.8,12.4
226.7,12.7
226.7,12.3
226.6,12.6
226.3,12.6
226.0,12.4
226.0,12.5
226.0,12.4
225.9,12.4
225.6,12.2
225.5,12.5
225.0,12.6
225.0,12.5
224.7,12.3
224.5,12.5
224.5,12.7
224.4,12.3
224.1,12.4
223.7,12.7
223.6,12.4
223.6,12.3
223.5,12.3
223.0,12.5
222.7,12.5
222.6,12.5
222.2,12.3
221.9,12.4
221.9,12.4
221.9,12.6
221.8,12.5
221.7,12.3
221.5,12.3
221.4,12.4
220.9,12.5
220.9,12.5
220.9,12.3
220.9,12.4
220.9,12.2
220.8,12.7
220.8,12.4
220.8,12.3
220.3,12.3
220.3,12.5
219.8,12.3
219.6,12.4
219.5,12.5
219.0,12.6
219.0,12.5
218.9,12.6
218.4,12.5
218.4,12.4
218.1,12.2
217.7,12.6
217.6,12.5
217.6,12.4
217.3,12.7
217.2,12.3
217.2,12.5
216.8,12.6
216.5,12.5
216.5,12.6
216.0,12.6
215.6,12.5
215.1,12.4
215.1,12.4
215.1,12.5
215.0,12.7
215.0,12.6
214.9,12.4
214.8,12.6
214.5,12.4
214.5,12.4
214.5,12.5
214.4,12.5
214.0,12.6
213.6,12.7
213.5,12.3
213.4,12.5
213.3,12.4
213.3,12.4
213.0,12.3
213.0,12.3
212.9,12.4
212.7,12.2
212.7,12.5
212.7,12.7
212.2,12.6
212.2,12.4
212.2,12.5
212.1,12.7
212.1,12.7
211.9,12.5
211.8,12.4
211.8,12.4
211.5,12.5
211.2,12.3
211.1,12.5
211.1,12.3
210.8,12.3
210.4,12.7
210.3,12.4
210.3,12.2
210.3,12.6
209.9,12.7
209.6,12.6
209.1,12.4
208.8,12.5
208.7,12.7
208.6,12.5
208.3,12.2
208.3,12.5
208.0,12.7
208.0,12.5
207.6,12.2
207.6,12.4
207.6,12.6
207.3,12.3
207.3,12.5
207.3,12.3
207.3,12.2
206.9,12.4
206.4,12.7
206.1,12.6
206.0,12.4
206.0,12.3
205.9,12.4
205.6,12.7
205.2,12.2
205.2,12.6
204.9,12.4
204.5,12.5
204.4,12.3
204.4,12.2
204.3,12.7
204.3,12.5
204.0,12.2
203.5,12.4
203.4,12.4
203.3,12.6
202.9,12.2
202.8,12.6
202.7,12.6
202.3,12.4
201.9,12.6
201.7,12.6
201.6,12.6
201.2,12.5
201.1,12.3
201.1,12.4
200.6,12.4
200.6,12.7
200.3,12.6
200.2,12.5
200.2,12.4
199.9,12.6
199.9,12.5
199.8,12.5
199.8,12.2
199.8,12.5
199.8,12.5
199.7,12.3
199.5,12.4
199.2,12.6
199.2,12.6
198.9,12.4
198.9,12.6
198.4,12.7
198.0,12.5
197.9,12.4
197.9,12.6
197.9,12.5
197.4,12.7
197.0,12.4
196.5,12.7
196.5,12.7
196.5,12.2
196.2,12.6
196.2,12.3
196.1,12.3
195.8,12.4
195.8,12.5
195.7,12.2
195.4,12.5
195.3,12.5
195.3,12.4
194.9,12.4
194.9,12.3
194.9,12.3
194.8,12.4
194.7,12.5
194.4,12.6
194.4,12.5
194.1,12.6
193.8,12.2
193.5,12.4
193.4,12.3
193.4,12.6
193.4,12.7
192.9,12.7
192.9,12.4
192.6,12.3
192.6,12.3
192.5,12.2
192.3,12.3
192.2,12.3
191.9,12.6
191.8,12.5
191.4,12.7
191.1,12.4
191.0,12.3
190.6,12.2
190.6,12.6
190.5,12.6
190.3,12.5
190.2,12.2
189.7,12.6
189.2,12.3
189.1,12.3
189.0,12.5
188.7,12.5
188.2,12.3
187.9,12.5
187.8,12.5
187.7,12.3
187.6,12.3
187.6,12.3
187.5,12.4
187.2,12.5
187.1,12.6
186.8,12.3
186.5,12.4
186.2,12.6
185.9,12.5
185.4,12.6
185.3,12.3
185.1,12.7
184.9,12.6
184.8,12.6
184.6,12.4
184.5,12.2
184.1,12.3
183.6,12.6
183.6,12.3
183.6,12.5
183.1,12.4
182.8,12.2
182.6,12.6
182.3,12.3
182.1,12.5
181.7,12.3
181.3,12.5
181.3,12.4
181.0,12.5
180.6,12.2
180.3,12.2
179.9,12.6
179.9,12.3
179.5,12.4
179.5,12.7
179.4,12.3
179.0,12.3
178.5,12.3
178.5,12.5
178.4,12.7
178.4,12.5
178.3,12.2
177.9,12.7
177.6,12.4
177.6,12.3
177.2,12.4
176.9,12.3
176.5,12.5
176.5,12.3
176.3,12.2
176.1,12.4
175.7,12.7
175.6,12.4
175.3,12.7
175.3,12.3
175.2,12.5
174.7,12.5
174.4,12.4
174.4,12.4
174.3,12.3
173.8,12.6
173.5,12.6
173.5,12.5
173.3,12.5
173.2,12.6
172.8,12.2
172.7,12.5
172.7,12.4
172.7,12.6
172.2,12.4
171.7,12.7
171.7,12.3
171.2,12.3
171.1,12.3
170.7,12.7
170.6,12.6
170.4,12.4
170.3,12.4
170.0,12.3
169.6,12.4
169.5,12.2
169.0,12.6
168.7,12.5
168.5,12.5
168.4,12.5
168.1,12.7
168.1,12.3
167.8,12.3
167.6,12.5
167.6,12.7
167.5,12.4
167.5,12.7
167.2,12.5
166.9,12.5
166.8,12.5
166.8,12.7
166.4,12.5
166.0,12.4
166.0,12.4
166.0,12.6
165.9,12.7
165.8,12.3
165.8,12.2
165.8,12.4
165.8,12.7
165.7,12.5
165.7,12.7
165.4,12.7
165.3,12.6
165.3,12.7
165.3,12.6
165.1,12.3
164.8,12.3
164.8,12.5
164.7,12.5
164.5,12.5
164.1,12.2
164.1,12.6
163.8,12.4
163.8,12.4
163.3,12.5
163.3,12.3
162.9,12.2
162.8,12.4
162.5,12.6
162.4,12.3
162.0,12.6
161.9,12.5
161.8,12.6
161.8,12.4
161.5,12.4
161.5,12.4
161.2,12.3
160.8,12.3
160.7,12.6
160.6,12.5
160.6,12.2
160.6,12.3
160.6,12.5
160.1,12.6
160.1,12.4
160.0,12.6
159.7,12.4
159.2,12.3
159.2,12.2
159.1,12.3
158.7,12.2
158.6,12.6
158.2,12.6
158.1,12.4
158.1,12.4
157.8,12.4
157.5,12.5
157.5,12.6
157.5,12.5
157.4,12.5
156.9,12.3
156.5,12.4
156.4,12.6
156.3,12.6
156.3,12.5
155.8,12.5
155.4,12.6
155.3,12.2
155.3,12.7
155.2,12.4
155.2,12.3
155.1,12.2
154.9,12.5
154.7,12.3
154.6,12.5
154.1,12.2
153.7,12.7
153.7,12.3
153.6,12.2
153.5,12.6
153.5,12.3
153.1,12.4
152.8,12.3
152.5,12.4
152.5,12.2
152.5,12.3
152.4,12.3
152.4,12.5
152.3,12.5
152.0,12.3
151.6,12.5
151.3,12.6
151.0,12.5
150.9,12.2
150.9,12.5
150.9,12.5
150.5,12.7
150.2,12.3
150.2,12.5
150.2,12.4
150.2,12.4
149.9,12.5
149.7,12.4
149.6,12.6
149.5,12.5
149.2,12.6
148.7,12.5
148.6,12.5
148.5,12.5
148.3,12.4
148.1,12.3
148.0,12.7
147.9,12.3
147.8,12.4
147.7,12.5
147.7,12.6
147.6,12.5
147.3,12.3
147.0,12.2
146.7,12.4
146.2,12.4
146.2,12.5
146.1,12.4
145.9,12.3
145.8,12.5
145.7,12.6
145.6,12.6
145.3,12.6
144.9,12.4
144.7,12.3
144.2,12.6
144.0,12.6
143.9,12.4
143.5,12.3
143.4,12.5
143.2,12.4
142.8,12.5
142.8,12.6
142.7,12.4
142.2,12.5
141.7,12.3
141.7,12.6
141.7,12.3
141.4,12.6
141.1,12.6
140.8,12.6
140.7,12.3
140.6,12.3
140.6,12.6
140.5,12.5
140.1,12.5
139.7,12.7
139.5,12.3
139.4,12.4
139.0,12.3
138.9,12.6
138.5,12.6
138.2,12.5
137.8,12.2
137.7,12.4
137.7,12.5
137.3,12.3
136.9,12.7
136.9,12.5
136.8,12.5
136.3,12.3
135.9,12.6
135.6,12.4
135.4,12.4
135.3,12.7
135.3,12.7
134.9,12.7
134.4,12.4
134.3,12.5
134.1,12.4
133.8,12.6
133.4,12.5
133.3,12.3
133.3,12.2
133.3,12.4
133.3,12.4
132.8,12.4
132.8,12.3
132.4,12.5
131.9,12.6
131.8,12.6
131.6,12.3
131.3,12.4
130.9,12.7
130.4,12.3
130.0,12.2
129.6,12.5
129.3,12.3
128.9,12.5
128.6,12.7
128.2,12.2
127.8,12.3
127.6,12.4
127.1,12.6
127.1,12.3
126.8,12.4
126.8,12.7
126.7,12.2
126.6,12.6
126.2,12.3
126.1,12.6
126.0,12.2
125.6,12.2
125.5,12.4
125.5,12.4
125.3,12.6
124.8,12.5
124.8,12.4
124.5,12.3
124.2,12.4
124.1,12.2
124.1,12.5
123.7,12.3
123.7,12.2
123.6,12.5
123.2,12.6
123.2,12.2
122.9,12.5
122.8,12.6
122.5,12.7
122.2,12.4
121.9,12.5
121.9,12.4
121.8,12.5
121.8,12.5
121.8,12.2
121.3,12.3
121.3,12.5
121.1,12.3
120.7,12.5
120.7,12.2
120.7,12.5
120.4,12.6
120.0,12.3
120.0,12.5
119.9,12.6
119.8,12.4
119.5,12.6
119.4,12.3
119.4,12.6
119.0,12.5
118.7,12.6
118.4,12.6
118.0,12.3
118.0,12.6
117.6,12.2
117.3,12.2
117.3,12.4
116.8,12.4
116.8,12.5
116.7,12.3
116.5,12.4
116.2,12.5
115.8,12.7
115.8,12.5
115.8,12.3
115.7,12.5
115.4,12.7
115.0,12.3
115.0,12.4
115.0,12.4
114.7,12.3
114.6,12.6
114.6,12.4
114.3,12.3
114.2,12.5
114.1,12.3
113.8,12.6
113.6,12.7
113.3,12.5
113.2,12.6
112.8,12.5
112.8,12.2
112.7,12.3
112.7,12.5
112.7,12.5
112.6,12.4
112.6,12.2
112.5,12.4
112.5,12.6
112.0,12.4
112.0,12.3
111.7,12.2
111.6,12.6
111.1,12.6
111.1,12.4
110.9,12.3
110.4,12.5
110.4,12.5
109.9,12.6
109.8,12.6
109.4,12.3
109.3,12.5
109.2,12.6
109.2,12.6
108.9,12.2
108.5,12.5
108.0,12.3
107.6,12.4
107.6,12.4
107.5,12.6
107.1,12.7
106.7,12.4
106.2,12.7
105.9,12.6
105.9,12.6
105.8,12.6
105.4,12.2
105.1,12.6
105.1,12.5
105.1,12.5
105.1,12.6
104.7,12.7
104.7,12.6
104.7,12.4
104.4,12.4
104.4,12.7
104.3,12.4
103.9,12.3
103.6,12.7
103.3,12.4
102.8,12.4
102.8,12.4
102.5,12.2
102.5,12.6
102.2,12.5
102.1,12.6
102.0,12.5
101.8,12.3
101.4,12.3
101.4,12.4
100.9,12.2
100.9,12.3
100.4,12.3
100.3,12.5
100.0,12.3
99.9,12.5
99.4,12.5
99.4,12.5
99.0,12.3
98.6,12.3
98.2,12.4
98.2,12.4
97.8,12.2
97.7,12.6
97.7,12.7
97.6,12.4
97.3,12.4
97.2,12.5
97.0,12.4
96.9,12.5
96.9,12.2
96.6,12.4
96.5,12.7
96.5,12.3
96.4,12.4
96.3,12.7
95.9,12.5
95.9,12.4
95.8,12.7
95.4,12.3
95.3,12.5
94.9,12.7
94.8,12.2
94.8,12.4
94.4,12.5
94.3,12.4
94.0,12.4
93.6,12.6
93.5,12.7
93.4,12.5
93.1,12.4
92.8,12.5
92.5,12.7
92.1,12.3
91.8,12.3
91.7,12.3
91.6,12.2
91.4,12.7
91.4,12.6
91.0,12.6
91.0,12.3
90.7,12.4
90.7,12.4
90.6,12.4
90.2,12.6
89.9,12.6
89.7,12.2
89.2,12.6
89.2,12.3
89.1,12.7
89.0,12.3
88.7,12.7
88.3,12.4
87.9,12.2
87.5,12.3
87.4,12.7
87.1,12.2
87.0,12.4
86.9,12.3
86.6,12.7
86.5,12.4
86.1,12.2
86.1,12.5
85.8,12.2
85.7,12.7
85.4,12.3
85.3,12.7
85.2,12.4
85.1,12.4
85.1,12.2
84.7,12.7
84.4,12.6
84.0,12.4
84.0,12.3
84.0,12.3
83.6,12.3
83.6,12.6
83.6,12.7
83.1,12.6
82.8,12.5
82.8,12.4
82.5,12.2
82.4,12.3
82.2,12.6
82.2,12.5
82.1,12.7
81.8,12.7
81.4,12.4
81.3,12.4
81.3,12.4
81.0,12.4
80.8,12.2
80.3,12.6
80.3,12.6
80.2,12.5
79.9,12.2
79.4,12.6
79.1,12.2
78.7,12.5
78.7,12.6
78.3,12.6
78.3,12.3
78.0,12.3
78.0,12.2
77.6,12.5
77.5,12.3
77.5,12.2
77.2,12.4
77.1,12.7
77.0,12.5
76.6,12.3
76.1,12.7
75.6,12.5
75.4,12.6
75.3,12.6
75.0,12.3
75.0,12.7
74.9,12.5
74.4,12.4
74.3,12.6
74.3,12.5
74.0,12.2
73.8,12.4
73.7,12.7
73.6,12.6
73.6,12.3
73.6,12.3
73.3,12.4
73.0,12.5
72.8,12.4
72.7,12.2
72.2,12.5
72.0,12.4
71.9,12.5
71.4,12.4
71.2,12.3
70.7,12.5
70.7,12.4
70.3,12.3
70.3,12.5
70.2,12.4
70.2,12.4
70.1,12.6
69.7,12.6
69.2,12.4
68.8,12.3
68.3,12.7
68.1,12.5
67.7,12.3
67.6,12.2
67.2,12.5
67.1,12.6
66.9,12.5
66.9,12.3
66.5,12.5
66.5,12.6
66.3,12.3
66.2,12.2
66.2,12.2
65.8,12.4
65.5,12.6
65.2,12.6
64.8,12.3
64.5,12.4
64.1,12.4
63.6,12.4
63.6,12.4
63.6,12.3
63.5,12.4
63.0,12.3
63.0,12.5
62.7,12.7
62.6,12.6
62.5,12.4
62.0,12.2
61.6,12.6
61.1,12.6
61.1,12.4
61.0,12.6
60.8,12.3
60.5,12.4
60.4,12.4
59.9,12.2
59.5,12.7
59.4,12.4
59.4,12.5
59.0,12.4
58.7,12.3
58.6,12.2
58.5,12.3
58.5,12.4
58.5,12.2
58.1,12.3
57.7,12.3
57.4,12.3
57.1,12.4
56.6,12.2
56.2,12.6
56.2,12.5
55.8,12.3
55.7,12.5
55.7,12.2
55.4,12.3
55.0,12.7
54.7,12.7
54.6,12.4
54.5,12.4
54.1,12.4
53.6,12.4
53.3,12.3
53.0,12.7
52.6,12.2
52.3,12.6
52.3,12.3
52.0,12.4
51.9,12.6
51.6,12.4
51.6,12.7
51.5,12.3
51.5,12.6
51.2,12.2
50.7,12.2
50.6,12.5
50.5,12.5
50.2,12.3
50.2,12.3
50.1,12.4
49.7,12.7
49.7,12.4
49.6,12.6
49.5,12.4
49.5,12.2
49.1,12.7
49.1,12.5
48.6,12.4
48.6,12.2
48.6,12.4
48.3,12.3
48.2,12.6
48.1,12.6
48.1,12.5
47.6,12.4
47.6,12.4
47.5,12.7
47.4,12.4
47.4,12.6
47.0,12.3
46.9,12.6
46.9,12.3
46.8,12.3
46.8,12.7
46.3,12.5
46.0,12.4
45.8,12.4
45.4,12.4
45.0,12.5
44.6,12.6
44.2,12.4
44.2,12.5
44.1,12.3
44.1,12.4
44.0,12.3
43.9,12.3
43.6,12.4
43.6,12.5
43.5,12.7
43.2,12.7
43.0,12.3
42.9,12.4
42.6,12.6
42.4,12.6
42.0,12.3
41.8,12.6
41.7,12.5
41.5,12.4
41.2,12.7
41.2,12.3
41.2,12.3
41.1,12.4
41.1,12.6
41.0,12.3
40.8,12.3
40.3,12.5
40.3,12.5
39.9,12.2
39.8,12.3
39.5,12.2
39.2,12.2
38.7,12.5
38.7,12.4
38.7,12.6
38.7,12.3
38.4,12.7
38.3,12.6
38.2,12.3
37.8,12.7
37.7,12.6
37.5,12.4
37.5,12.7
37.4,12.3
37.4,12.3
37.3,12.3
37.3,12.2
37.0,12.3
36.6,12.4
36.1,12.6
35.8,12.3
35.4,12.6
35.1,12.4
35.1,12.7
35.0,12.5
34.9,12.4
34.9,12.2
34.5,12.5
34.0,12.6
34.0,12.7
33.6,12.3
33.6,12.5
33.1,12.3
33.0,12.3
32.6,12.4
32.2,12.6
32.1,12.5
31.9,12.6
31.8,12.4
31.6,12.5
31.3,12.5
31.3,12.5
31.0,12.6
30.8,12.4
30.7,12.5
30.7,12.4
30.6,12.4
30.5,12.6
30.5,12.6
30.4,12.2
30.4,12.6
30.0,12.3
30.0,12.3
29.9,12.4
29.6,12.5
29.6,12.5
29.5,12.4
29.5,12.2
29.2,12.6
29.1,12.4
29.0,12.4
28.8,12.5
28.4,12.5
28.0,12.4
28.0,12.6
27.5,12.3
27.1,12.3
26.7,12.2
26.4,12.6
26.1,12.6
25.6,12.4
25.4,12.4
25.2,12.4
25.2,12.2
25.1,12.7
25.1,12.5
24.9,12.5
24.8,12.3
24.8,12.2
24.5,12.3
24.4,12.4
24.0,12.3
23.5,12.4
23.4,12.5
23.4,12.2
23.4,12.6
23.0,12.6
22.8,12.7
22.8,12.3
22.7,12.5
22.3,12.3
22.0,12.4
21.7,12.6
21.7,12.4
21.4,12.5
20.9,12.6
20.5,12.7
20.3,12.6
20.2,12.4
20.1,12.7
19.9,12.5
19.4,12.5
19.0,12.4
18.8,12.3
18.8,12.2
18.3,12.5
17.9,12.5
17.4,12.5
17.2,12.2
16.9,12.6
16.4,12.4
16.3,12.6
16.1,12.7
16.1,12.5
15.7,12.3
15.5,12.7
15.4,12.4
15.3,12.3
15.1,12.4
14.6,12.4
14.5,12.6
14.5,12.5
14.0,12.5
13.8,12.4
13.4,12.6
13.0,12.6
12.5,12.5
12.1,12.7
11.8,12.4
11.8,12.2
11.4,12.4
11.1,12.3
11.1,12.7
10.7,12.3
10.7,12.3
10.7,12.4
10.6,12.4
10.3,12.3
10.3,12.6
10.2,12.5
10.2,12.3
9.7,12.3
9.3,12.5
9.3,12.5
9.1,12.3
9.0,12.6
8.7,12.4
8.4,12.4
8.0,12.6
7.7,12.5
7.7,12.7
7.3,12.3
7.2,12.7
7.2,12.3
6.8,12.7
6.7,12.3
6.6,12.3
6.4,12.5
6.3,12.5
6.3,12.2
6.2,12.3
6.0,12.6
6.0,12.4
5.9,12.4
5.9,12.6
5.4,12.3
5.1,12.4
5.1,12.3
5.0,12.3
4.7,12.3
4.3,12.7
4.2,12.6
4.2,12.7
3.7,12.4
3.3,12.4
3.3,12.6
2.9,12.3
2.9,12.5
2.8,12.7
2.7,12.3
2.7,12.7
2.5,12.4
2.0,12.6
1.8,12.5
1.7,12.6
1.3,12.2
1.2,12.6
1.2,12.6
1.1,12.6
0.7,12.4
0.6,12.3
0.3,12.7
0.2,12.4
0.1,12.2
0.1,12.2
233.2,12.6
233.8,12.7
233.7,12.4
233.6,12.5
233.6,12.6
233.3,12.6
232.9,12.5
232.4,12.7
232.1,12.3
232.0,12.4
232.0,12.4
231.9,12.6
231.8,12.4
231.5,12.5
231.3,12.6
230.9,12.5
230.9,12.2
230.4,12.6
230.4,12.3
230.3,12.4
230.0,12.5
229.7,12.7
229.3,12.3
229.3,12.2
229.0,12.5
229.0,12.6
228.7,12.5
228.2,12.5
228.2,12.6
228.2,12.6
227.9,12.7
227.8,12.5
227.8,12.4
227.7,12.6
227.5,12.3
227.0,12.2
226.9,12.7
226.9,12.3
226.8,12.4
226.8,12.3
226.4,12.5
226.3,12.4
226.3,12.3
226.0,12.3
225.6,12.6
225.6,12.4
225.5,12.5
225.4,12.5
225.1,12.5
224.9,12.5
224.9,12.5
224.5,12.7
224.1,12.7
223.7,12.5
223.3,12.2
223.1,12.5
222.8,12.6
222.8,12.5
222.4,12.5
222.1,12.5
222.1,12.3
221.6,12.6
221.6,12.5
221.6,12.2
221.5,12.4
221.1,12.4
221.1,12.6
220.7,12.6
220.7,12.3
220.4,12.5
220.1,12.6
219.8,12.5
219.3,12.6
219.0,12.6
218.8,12.4
218.3,12.5
218.1,12.6
218.0,12.7
217.9,12.3
217.4,12.6
217.3,12.4
217.3,12.6
217.3,12.2
217.2,12.3
217.2,12.5
216.8,12.3
216.8,12.6
216.5,12.2
216.5,12.6
216.2,12.5
216.0,12.4
215.6,12.3
215.6,12.2
215.2,12.3
214.9,12.6
214.5,12.2
214.5,12.4
214.5,12.7
214.3,12.7
214.0,12.5
213.6,12.7
213.6,12.4
213.5,12.6
213.1,12.5
213.1,12.5
212.8,12.4
212.4,12.6
212.4,12.7
212.3,12.2
212.1,12.7
211.7,12.4
211.7,12.5
211.7,12.4
211.7,12.7
211.7,12.7
211.5,12.7
211.4,12.4
211.4,12.4
211.3,12.4
211.1,12.6
211.0,12.5
210.7,12.3
210.4,12.3
210.0,12.5
209.9,12.3
209.5,12.4
209.0,12.2
209.0,12.6
208.9,12.2
208.9,12.4
208.8,12.7
208.8,12.6
208.8,12.6
208.3,12.5
208.3,12.3
208.2,12.2
207.8,12.6
207.6,12.6
207.2,12.5
206.9,12.4
206.4,12.6
206.1,12.3
205.6,12.3
205.2,12.7
204.9,12.5
204.6,12.2
204.2,12.5
204.1,12.3
203.8,12.4
203.4,12.3
203.4,12.5
203.3,12.6
203.1,12.3
203.1,12.7
203.0,12.3
202.9,12.3
202.7,12.6
202.3,12.4
202.3,12.3
201.9,12.6
201.4,12.3
201.4,12.7
201.3,12.3
201.0,12.4
200.6,12.3
200.3,12.2
200.2,12.5
199.8,12.4
199.4,12.4
199.1,12.7
199.1,12.3
199.0,12.5
198.7,12.7
198.4,12.6
198.4,12.6
198.4,12.5
198.4,12.5
198.3,12.6
197.9,12.6
197.9,12.5
197.9,12.4
197.9,12.4
197.7,12.6
197.2,12.6
196.7,12.7
196.7,12.7
196.4,12.7
196.3,12.7
196.3,12.3
196.0,12.6
195.6,12.6
195.3,12.6
194.9,12.6
194.5,12.5
194.3,12.6
194.2,12.6
194.2,12.3
193.7,12.2
193.6,12.3
193.2,12.4
193.2,12.4
193.2,12.2
193.1,12.4
192.6,12.6
192.5,12.7
192.1,12.5
191.8,12.3
191.4,12.5
190.9,12.3
190.7,12.3
190.6,12.7
190.6,12.6
190.5,12.6
190.2,12.7
189.9,12.6
189.5,12.4
189.5,12.6
189.4,12.5
189.2,12.2
188.7,12.5
188.7,12.2
188.6,12.4
188.5,12.4
188.4,12.5
188.0,12.6
187.7,12.2
187.6,12.4
187.6,12.5
187.1,12.4
186.7,12.6
186.4,12.2
186.3,12.6
186.2,12.7
185.8,12.5
185.4,12.7
185.1,12.3
184.6,12.4
184.2,12.6
183.7,12.6
183.3,12.4
182.9,12.4
182.8,12.4
182.6,12.6
182.5,12.5
182.1,12.2
181.6,12.3
181.1,12.3
181.1,12.6
180.6,12.3
180.6,12.4
180.6,12.5
180.5,12.6
180.4,12.3
180.4,12.5
180.3,12.6
180.1,12.3
179.7,12.3
179.4,12.5
179.3,12.2
179.3,12.5
179.0,12.4
179.0,12.5
178.7,12.6
178.7,12.6
178.6,12.4
178.6,12.6
178.5,12.5
178.4,12.4
178.2,12.3
178.1,12.7
177.6,12.6
177.2,12.2
177.2,12.3
176.9,12.3
176.9,12.5
176.8,12.6
176.8,12.3
176.3,12.3
176.3,12.6
176.3,12.4
176.2,12.3
175.8,12.4
175.4,12.6
175.4,12.5
175.1,12.3
175.1,12.4
175.1,12.7
175.0,12.6
174.7,12.7
174.7,12.3
174.5,12.7
174.5,12.7
174.2,12.6
173.9,12.2
173.8,12.4
173.8,12.4
173.4,12.6
173.3,12.2
173.1,12.2
173.0,12.4
172.6,12.7
172.6,12.3
172.6,12.7
172.5,12.2
172.2,12.4
172.1,12.6
172.0,12.6
171.7,12.3
171.5,12.3
171.0,12.3
170.7,12.4
170.5,12.7
170.2,12.6
170.2,12.2
169.9,12.6
169.8,12.7
169.8,12.4
169.4,12.5
169.1,12.5
168.8,12.3
168.4,12.3
168.2,12.4
167.8,12.6
167.7,12.3
167.3,12.4
167.0,12.7
167.0,12.6
166.9,12.4
166.9,12.4
166.6,12.6
166.6,12.7
166.5,12.5
166.3,12.6
166.0,12.5
165.5,12.3
165.3,12.6
165.2,12.2
164.7,12.3
164.7,12.5
164.6,12.4
164.6,12.4
164.6,12.4
164.5,12.6
164.2,12.3
163.9,12.6
163.7,12.5
163.4,12.3
163.3,12.6
162.9,12.6
162.6,12.3
162.5,12.5
162.2,12.6
161.9,12.5
161.6,12.2
161.1,12.6
161.0,12.5
160.9,12.7
160.7,12.5
160.6,12.4
160.5,12.6
160.1,12.5
160.0,12.4
159.7,12.3
159.7,12.7
159.4,12.5
159.4,12.4
159.3,12.5
159.1,12.5
158.6,12.3
158.4,12.3
158.3,12.7
157.8,12.5
157.4,12.6
157.3,12.2
157.3,12.3
157.0,12.4
156.5,12.3
156.1,12.2
155.6,12.3
155.3,12.3
154.8,12.5
154.8,12.4
154.8,12.4
154.3,12.2
154.0,12.5
154.0,12.5
153.9,12.5
153.4,12.4
153.2,12.6
153.1,12.2
152.9,12.5
152.8,12.4
152.6,12.2
152.1,12.3
151.8,12.6
151.7,12.4
151.7,12.2
151.4,12.7
151.4,12.3
150.9,12.6
150.6,12.5
150.4,12.2
150.0,12.7
149.9,12.4
149.9,12.5
149.9,12.3
149.8,12.5
149.8,12.3
149.7,12.3
149.3,12.2
149.1,12.4
148.8,12.6
148.5,12.3
148.4,12.4
148.4,12.5
148.0,12.5
147.7,12.5
147.2,12.4
146.7,12.7
146.4,12.6
146.1,12.3
145.8,12.4
145.5,12.6
145.5,12.5
145.4,12.5
145.0,12.7
144.9,12.6
144.9,12.3
144.6,12.7
144.6,12.5
144.2,12.7
143.7,12.6
143.3,12.3
143.1,12.6
142.7,12.6
142.4,12.6
142.4,12.5
142.2,12.4
142.1,12.5
141.6,12.3
141.6,12.7
141.5,12.6
141.3,12.4
141.2,12.5
141.1,12.4
141.1,12.7
140.9,12.7
140.9,12.7
140.9,12.7
140.5,12.6
140.3,12.5
140.3,12.4
140.2,12.6
140.1,12.6
139.8,12.4
139.4,12.4
139.2,12.6
139.1,12.6
138.9,12.4
138.9,12.5
138.6,12.7
138.2,12.4
138.2,12.6
138.2,12.6
138.1,12.5
138.1,12.7
138.0,12.2
137.9,12.5
137.9,12.5
137.8,12.4
137.4,12.5
137.2,12.3
137.2,12.4
136.8,12.3
136.5,12.4
136.5,12.3
136.1,12.6
136.1,12.4
135.7,12.3
135.3,12.6
135.0,12.5
134.9,12.6
134.5,12.3
134.5,12.4
134.4,12.4
134.4,12.5
134.0,12.5
134.0,12.4
133.6,12.4
133.3,12.5
132.8,12.3
132.7,12.5
132.7,12.4
132.6,12.5
132.2,12.3
131.8,12.7
131.7,12.3
131.6,12.5
131.6,12.6
131.6,12.4
131.5,12.3
131.2,12.7
131.0,12.7
130.9,12.3
130.9,12.3
130.6,12.2
130.2,12.5
129.7,12.3
129.6,12.4
129.6,12.7
129.2,12.3
129.2,12.4
129.1,12.5
128.7,12.3
128.6,12.5
128.6,12.4
128.2,12.3
128.0,12.6
127.6,12.2
127.5,12.3
127.0,12.5
127.0,12.4
126.9,12.6
126.8,12.5
126.8,12.2
126.5,12.5
126.2,12.3
126.2,12.5
125.7,12.6
125.4,12.3
125.4,12.2
124.9,12.3
124.5,12.3
124.1,12.3
124.1,12.3
123.7,12.3
123.4,12.2
123.4,12.4
123.4,12.3
123.3,12.3
123.2,12.6
122.9,12.3
122.9,12.4
122.7,12.5
122.7,12.6
122.6,12.6
122.2,12.4
122.2,12.7
121.9,12.3
121.5,12.6
121.3,12.4
120.9,12.6
120.8,12.5
120.8,12.4
120.8,12.6
120.3,12.3
120.2,12.3
120.2,12.7
120.2,12.5
120.1,12.5
120.0,12.2
120.0,12.3
120.0,12.3
119.9,12.6
119.5,12.5
119.0,12.3
118.7,12.2
118.3,12.3
118.0,12.5
117.8,12.3
117.5,12.2
117.5,12.7
117.2,12.3
117.1,12.4
117.1,12.5
117.0,12.5
116.8,12.4
116.7,12.7
116.3,12.5
116.3,12.7
115.8,12.6
115.7,12.5
115.7,12.5
115.7,12.3
115.2,12.4
115.2,12.4
115.2,12.5
115.1,12.5
115.0,12.4
114.6,12.4
114.2,12.2
114.2,12.2
114.1,12.3
114.0,12.5
114.0,12.3
113.8,12.3
113.4,12.4
113.3,12.6
113.3,12.3
113.2,12.5
112.8,12.4
112.7,12.2
112.2,12.4
112.0,12.7
111.9,12.4
111.9,12.5
111.8,12.6
111.5,12.2
111.5,12.3
111.5,12.3
111.2,12.3
111.2,12.5
111.1,12.7
111.1,12.4
111.0,12.5
111.0,12.3
110.6,12.4
110.5,12.3
110.0,12.2
110.0,12.5
109.6,12.4
109.1,12.7
108.8,12.4
108.8,12.5
108.7,12.2
108.2,12.3
107.9,12.6
107.9,12.3
107.4,12.3
107.4,12.4
107.3,12.3
107.0,12.5
106.6,12.4
106.3,12.6
105.8,12.6
105.8,12.6
105.4,12.3
104.9,12.5
104.7,12.7
104.4,12.4
104.4,12.6
104.3,12.3
104.3,12.6
104.2,12.4
103.8,12.4
103.4,12.6
103.3,12.4
103.3,12.4
103.2,12.6
103.2,12.6
103.1,12.6
103.1,12.6
103.1,12.6
102.6,12.3
102.4,12.3
101.9,12.4
101.5,12.6
101.5,12.5
101.4,12.5
101.4,12.2
101.0,12.5
100.6,12.3
100.5,12.3
100.2,12.3
100.2,12.7
99.7,12.3
99.6,12.6
99.3,12.7
99.0,12.5
98.9,12.5
98.9,12.5
98.6,12.7
98.2,12.6
98.1,12.7
97.6,12.3
97.6,12.6
97.5,12.5
97.4,12.3
97.4,12.7
97.3,12.5
97.0,12.6
96.8,12.3
96.3,12.6
95.9,12.6
95.9,12.4
95.5,12.7
95.2,12.7
95.2,12.7
95.1,12.7
94.7,12.3
94.3,12.6
94.2,12.3
94.0,12.6
93.6,12.4
93.4,12.4
93.2,12.3
92.7,12.6
92.7,12.3
92.7,12.5
92.4,12.5
92.1,12.5
92.1,12.5
92.0,12.3
91.6,12.4
91.6,12.3
91.5,12.5
91.1,12.3
90.8,12.4
90.7,12.5
90.7,12.6
90.3,12.2
89.8,12.3
89.7,12.2
89.7,12.5
89.6,12.6
89.4,12.3
89.4,12.2
89.1,12.5
89.0,12.5
88.9,12.5
88.9,12.2
88.6,12.6
88.3,12.3
87.9,12.3
87.5,12.4
87.5,12.5
87.4,12.7
87.4,12.3
87.3,12.5
86.9,12.4
86.6,12.6
86.3,12.3
86.0,12.7
85.8,12.5
85.5,12.3
85.2,12.7
85.1,12.5
84.7,12.6
84.2,12.7
84.2,12.4
84.1,12.3
83.7,12.6
83.4,12.7
83.0,12.5
83.0,12.7
82.8,12.7
82.5,12.7
82.2,12.4
81.8,12.5
81.7,12.5
81.7,12.7
81.4,12.6
81.4,12.4
81.3,12.5
81.3,12.4
81.2,12.4
80.9,12.4
80.6,12.5
80.2,12.3
79.7,12.2
79.7,12.3
79.2,12.4
78.8,12.4
78.4,12.7
78.3,12.4
78.3,12.4
77.9,12.7
77.7,12.3
77.6,12.7
77.4,12.4
77.3,12.3
77.3,12.5
76.9,12.6
76.6,12.4
76.3,12.7
76.0,12.5
75.9,12.6
75.9,12.7
75.4,12.7
75.1,12.4
75.0,12.5
74.6,12.6
74.2,12.6
74.2,12.6
74.0,12.3
73.7,12.3
73.7,12.2
73.6,12.3
73.6,12.3
73.5,12.2
73.5,12.5
73.1,12.3
72.9,12.3
72.5,12.3
72.2,12.4
72.1,12.5
72.1,12.4
71.8,12.3
71.8,12.7
71.5,12.2
71.5,12.4
71.4,12.3
71.0,12.7
70.5,12.4
70.5,12.7
70.2,12.4
69.7,12.7
69.7,12.5
69.4,12.4
69.3,12.5
69.1,12.5
68.7,12.6
68.2,12.5
68.2,12.4
67.7,12.7
67.3,12.3
66.8,12.4
66.4,12.4
66.4,12.4
66.0,12.3
65.7,12.4
65.3,12.5
65.1,12.3
65.1,12.4
64.9,12.6
64.8,12.2
64.8,12.5
64.8,12.2
64.5,12.5
64.5,12.5
64.4,12.7
64.0,12.5
63.6,12.5
63.3,12.5
62.8,12.3
62.6,12.5
62.4,12.3
62.4,12.4
61.9,12.3
61.5,12.6
61.4,12.5
61.2,12.6
61.1,12.4
61.0,12.4
61.0,12.6
60.5,12.4
60.1,12.3
59.9,12.6
59.9,12.4
59.5,12.5
59.3,12.6
59.3,12.5
58.9,12.5
58.9,12.4
58.9,12.3
58.8,12.2
58.7,12.6
58.2,12.6
57.9,12.2
57.6,12.6
57.6,12.3
57.1,12.7
57.1,12.6
57.0,12.3
56.9,12.3
56.9,12.7
56.8,12.4
56.8,12.3
56.5,12.4
56.5,12.3
56.0,12.2
55.8,12.3
55.4,12.2
55.3,12.4
54.9,12.5
54.6,12.3
54.5,12.3
54.5,12.4
54.4,12.6
54.3,12.4
53.9,12.5
53.4,12.6
53.1,12.5
52.8,12.6
52.7,12.4
52.4,12.3
52.1,12.7
51.9,12.4
51.8,12.7
51.8,12.4
51.4,12.2
51.3,12.5
51.3,12.2
51.3,12.6
51.0,12.6
50.5,12.6
50.5,12.7
50.4,12.2
50.4,12.7
50.0,12.5
50.0,12.3
49.6,12.6
49.5,12.7
49.1,12.6
49.0,12.6
48.7,12.3
48.4,12.7
48.3,12.3
48.0,12.6
48.0,12.5
47.5,12.6
47.4,12.7
47.2,12.4
47.2,12.6
47.1,12.4
47.0,12.2
47.0,12.5
46.9,12.2
46.9,12.4
46.5,12.3
46.3,12.3
46.2,12.5
45.9,12.6
45.6,12.6
45.2,12.7
45.1,12.5
45.0,12.5
44.9,12.6
44.6,12.6
44.5,12.6
44.5,12.6
44.4,12.4
44.4,12.2
44.3,12.7
44.2,12.7
44.1,12.5
44.1,12.5
43.9,12.5
43.8,12.6
43.8,12.7
43.3,12.5
43.0,12.2
42.6,12.7
42.2,12.6
42.1,12.2
41.7,12.5
41.7,12.4
41.6,12.3
41.6,12.7
41.5,12.4
41.3,12.7
41.3,12.6
40.8,12.4
40.5,12.4
40.4,12.4
40.3,12.5
40.3,12.6
40.0,12.4
39.5,12.4
39.5,12.7
39.4,12.4
39.3,12.4
38.9,12.5
38.6,12.4
38.5,12.5
38.1,12.3
38.1,12.4
37.6,12.4
37.6,12.2
37.6,12.3
37.2,12.6
36.7,12.5
36.3,12.5
36.2,12.4
35.8,12.5
35.7,12.5
35.6,12.5
35.2,12.4
35.2,12.3
34.7,12.2
34.5,12.5
34.5,12.6
34.0,12.4
33.8,12.3
33.4,12.3
33.1,12.6
32.6,12.4
32.6,12.2
32.4,12.5
32.3,12.3
32.0,12.4
31.6,12.7
31.6,12.5
31.5,12.3
31.5,12.2
31.2,12.3
30.7,12.3
30.3,12.7
30.2,12.6
29.9,12.4
29.9,12.6
29.5,12.4
29.4,12.3
29.4,12.6
29.1,12.6
28.6,12.7
28.2,12.5
28.1,12.2
27.9,12.4
27.6,12.5
27.5,12.5
27.1,12.7
26.8,12.2
26.5,12.2
26.2,12.4
26.1,12.4
26.1,12.3
26.1,12.5
25.7,12.6
25.4,12.4
25.0,12.7
24.8,12.3
24.4,12.3
24.2,12.3
24.1,12.5
23.7,12.4
23.2,12.5
23.2,12.5
23.2,12.7
23.2,12.5
23.1,12.4
22.7,12.2
22.4,12.6
22.4,12.3
21.9,12.5
21.4,12.2
21.4,12.5
21.1,12.3
20.7,12.7
20.7,12.5
20.7,12.2
20.3,12.2
20.2,12.3
20.1,12.3
19.7,12.6
19.4,12.5
19.1,12.5
19.1,12.4
18.7,12.5
18.6,12.6
18.6,12.5
18.5,12.2
18.2,12.5
18.2,12.6
18.0,12.5
17.5,12.7
17.4,12.2
17.4,12.2
17.2,12.4
17.2,12.4
16.7,12.5
16.6,12.5
16.6,12.5
16.6,12.7
16.3,12.3
16.3,12.7
15.8,12.6
15.4,12.4
15.0,12.6
14.7,12.3
14.6,12.2
14.2,12.4
14.2,12.6
13.9,12.3
13.8,12.7
13.8,12.3
13.8,12.7
13.7,12.4
13.7,12.6
13.6,12.4
13.3,12.6
12.8,12.7
12.8,12.2
12.4,12.2
12.4,12.3
12.3,12.2
12.3,12.5
11.9,12.7
11.5,12.7
11.5,12.6
11.2,12.5
10.9,12.5
10.8,12.6
10.3,12.5
10.0,12.5
9.9,12.3
9.6,12.6
9.5,12.4
9.1,12.5
9.1,12.5
8.7,12.6
8.3,12.4
8.2,12.3
7.8,12.2
7.7,12.6
7.4,12.4
6.9,12.6
6.7,12.7
6.6,12.2
6.6,12.6
6.5,12.2
6.5,12.4
6.5,12.4
6.1,12.7
6.1,12.2
6.0,12.3
5.9,12.2
5.7,12.3
5.7,12.4
5.2,12.5
5.2,12.4
4.7,12.3
4.6,12.5
4.6,12.5
4.6,12.7
4.5,12.5
4.2,12.7
3.8,12.4
3.8,12.6
3.7,12.4
3.7,12.6
3.6,12.4
3.6,12.3
3.2,12.5
3.0,12.3
2.6,12.3
2.2,12.7
1.8,12.6
1.3,12.6
1.0,12.4
0.9,12.5
0.9,12.6
0.9,12.5
0.8,12.7
0.3,12.2
244.2,12.5
231.6,12.6
231.5,12.4
231.3,12.4
230.8,12.6
230.8,12.6
230.4,12.2
230.4,12.5
230.0,12.2
229.5,12.5
229.5,12.3
229.0,12.6
228.6,12.4
228.5,12.2
228.2,12.2
227.7,12.2
227.7,12.7
227.7,12.4
227.7,12.5
227.4,12.6
227.0,12.5
227.0,12.2
226.6,12.4
226.2,12.2
225.8,12.3
225.8,12.6
225.7,12.5
225.7,12.6
225.2,12.7
225.2,12.2
224.9,12.4
224.8,12.2
224.7,12.4
224.4,12.4
224.0,12.4
224.0,12.6
223.6,12.5
223.3,12.6
223.3,12.6
223.3,12.2
222.8,12.4
222.6,12.4
222.6,12.6
222.5,12.7
222.1,12.3
222.1,12.5
221.6,12.4
221.6,12.7
221.5,12.4
221.5,12.4
221.5,12.7
221.4,12.5
221.0,12.6
220.9,12.5
220.9,12.3
220.5,12.4
220.2,12.4
220.1,12.6
220.1,12.3
219.7,12.4
219.2,12.7
219.2,12.4
219.1,12.6
218.8,12.5
218.7,12.3
218.6,12.7
218.5,12.7
218.5,12.7
218.5,12.7
218.4,12.5
218.3,12.6
217.9,12.5
217.8,12.3
217.8,12.4
217.4,12.6
217.1,12.3
216.9,12.4
216.4,12.3
216.3,12.4
216.3,12.4
215.9,12.2
215.5,12.2
215.4,12.7
215.4,12.5
215.1,12.3
214.8,12.5
214.7,12.4
214.3,12.6
213.9,12.6
213.6,12.2
213.6,12.6
213.2,12.6
212.8,12.5
212.4,12.3
212.4,12.7
212.0,12.7
211.6,12.4
211.5,12.4
211.3,12.6
211.2,12.2
211.2,12.4
211.2,12.4
210.8,12.5
210.7,12.6
210.6,12.2
210.6,12.5
210.1,12.4
210.1,12.7
210.0,12.6
209.5,12.7
209.1,12.6
209.0,12.3
209.0,12.7
208.9,12.5
208.5,12.5
208.3,12.2
207.8,12.4
207.5,12.5
207.5,12.7
207.1,12.3
207.0,12.4
206.6,12.5
206.6,12.2
206.5,12.4
206.2,12.5
206.1,12.3
205.9,12.6
205.8,12.3
205.5,12.6
205.1,12.7
205.1,12.5
205.0,12.6
204.8,12.2
204.3,12.4
204.2,12.5
204.2,12.3
203.9,12.6
203.9,12.5
203.7,12.5
203.4,12.3
203.3,12.6
203.0,12.4
203.0,12.3
203.0,12.5
202.5,12.3
202.5,12.6
202.4,12.3
202.1,12.3
201.7,12.5
201.7,12.4
201.3,12.5
201.2,12.3
201.0,12.5
200.9,12.3
200.5,12.6
200.5,12.2
200.0,12.4
199.9,12.4
199.9,12.6
199.9,12.7
199.8,12.5
199.5,12.6
199.4,12.4
198.9,12.6
198.8,12.4
198.8,12.7
198.7,12.4
198.7,12.2
198.6,12.7
198.4,12.5
198.0,12.3
198.0,12.6
198.0,12.3
197.9,12.6
197.9,12.5
197.6,12.3
197.1,12.5
197.0,12.3
196.8,12.6
196.7,12.4
196.4,12.3
196.0,12.6
195.6,12.6
195.3,12.3
195.3,12.4
195.0,12.3
194.7,12.6
194.2,12.3
193.9,12.3
193.6,12.6
193.1,12.6
193.0,12.5
193.0,12.3
192.9,12.6
192.5,12.4
192.4,12.6
192.4,12.3
191.9,12.2
191.5,12.4
191.5,12.6
191.1,12.6
190.8,12.5
190.8,12.4
190.5,12.4
190.4,12.7
190.1,12.6
190.0,12.6
190.0,12.5
189.7,12.2
189.6,12.2
189.4,12.6
188.9,12.6
188.9,12.6
188.9,12.3
188.7,12.2
188.6,12.3
188.1,12.6
187.7,12.3
187.4,12.4
187.4,12.5
187.3,12.2
187.2,12.6
186.9,12.7
186.9,12.4
186.5,12.2
186.0,12.3
185.6,12.3
185.2,12.6
185.2,12.4
184.9,12.6
184.4,12.3
184.0,12.6
183.9,12.3
183.9,12.3
183.7,12.3
183.4,12.3
183.3,12.3
183.3,12.3
183.2,12.5
182.9,12.6
182.6,12.6
182.1,12.5
181.8,12.4
181.7,12.2
181.3,12.4
181.2,12.3
181.2,12.5
180.9,12.4
180.8,12.2
180.5,12.6
180.1,12.7
180.1,12.2
179.6,12.4
179.5,12.6
179.1,12.4
178.9,12.7
178.6,12.2
178.2,12.3
178.0,12.3
177.6,12.4
177.5,12.3
177.5,12.3
177.4,12.7
177.4,12.3
177.3,12.7
177.0,12.6
176.7,12.4
176.6,12.5
176.2,12.3
176.2,12.3
176.2,12.6
176.2,12.4
175.9,12.4
175.6,12.6
175.6,12.7
175.1,12.5
174.7,12.3
174.6,12.6
174.3,12.4
174.2,12.6
174.2,12.4
174.1,12.5
173.8,12.4
173.8,12.7
173.4,12.3
173.0,12.5
173.0,12.6
172.9,12.6
172.8,12.6
172.7,12.3
172.5,12.5
172.1,12.4
172.1,12.3
171.8,12.4
171.7,12.3
171.7,12.3
171.6,12.6
171.4,12.6
171.3,12.3
171.0,12.3
170.9,12.4
170.8,12.3
170.4,12.3
170.4,12.4
170.3,12.6
170.3,12.7
170.3,12.2
170.0,12.6
170.0,12.2
169.6,12.2
169.2,12.7
169.2,12.5
169.1,12.2
168.7,12.4
168.7,12.4
168.6,12.7
168.4,12.3
167.9,12.3
167.6,12.3
167.2,12.3
167.1,12.6
166.6,12.7
166.3,12.5
166.3,12.3
166.0,12.4
165.5,12.5
165.5,12.5
165.5,12.3
165.3,12.5
165.3,12.6
165.2,12.3
164.9,12.3
164.7,12.3
164.4,12.2
164.3,12.6
164.1,12.3
164.0,12.7
163.7,12.3
163.7,12.3
163.6,12.6
163.4,12.5
163.1,12.4
162.7,12.5
162.6,12.7
162.5,12.4
162.4,12.6
162.4,12.3
162.0,12.6
161.7,12.7
161.3,12.7
161.2,12.5
160.9,12.6
160.8,12.5
160.8,12.4
160.3,12.6
159.9,12.5
159.9,12.7
159.8,12.5
159.8,12.7
159.8,12.3
159.4,12.4
159.4,12.6
158.9,12.5
158.6,12.4
158.1,12.2
158.1,12.2
157.7,12.3
157.3,12.3
157.3,12.3
156.9,12.6
156.8,12.2
156.4,12.6
156.2,12.4
156.2,12.4
156.1,12.6
156.1,12.3
156.0,12.6
156.0,12.4
155.9,12.7
155.6,12.6
155.3,12.4
155.0,12.5
154.8,12.6
154.6,12.6
154.6,12.3
154.5,12.6
154.5,12.7
154.4,12.6
153.9,12.5
153.9,12.3
153.9,12.4
153.6,12.4
153.2,12.2
152.9,12.2
152.9,12.4
152.7,12.3
152.6,12.5
152.6,12.3
152.3,12.2
152.1,12.3
151.6,12.4
151.4,12.2
151.1,12.7
151.0,12.6
150.8,12.6
150.4,12.4
150.3,12.6
150.3,12.3
149.9,12.6
149.8,12.6
149.6,12.7
149.6,12.4
149.1,12.6
149.0,12.3
148.7,12.3
148.4,12.4
147.9,12.5
147.8,12.5
147.3,12.4
147.3,12.3
147.3,12.5
147.2,12.5
147.2,12.7
146.8,12.5
146.4,12.3
146.4,12.7
146.3,12.6
146.0,12.4
145.7,12.7
145.4,12.5
145.3,12.2
145.3,12.3
144.8,12.5
144.8,12.5
144.3,12.6
144.3,12.5
143.9,12.6
143.9,12.3
143.8,12.4
143.8,12.7
143.7,12.4
143.4,12.4
143.1,12.4
143.0,12.6
142.5,12.2
142.2,12.4
142.0,12.4
142.0,12.3
141.7,12.5
141.7,12.2
141.6,12.3
141.5,12.7
141.5,12.3
141.4,12.5
141.4,12.3
141.0,12.3
140.6,12.4
140.1,12.3
140.1,12.5
139.7,12.6
139.4,12.3
139.3,12.5
139.3,12.7
138.9,12.5
138.9,12.6
138.8,12.6
138.7,12.2
138.7,12.4
138.6,12.2
138.6,12.4
138.5,12.6
138.5,12.6
138.1,12.3
137.6,12.3
137.4,12.5
137.3,12.2
136.9,12.4
136.5,12.3
136.3,12.2
135.9,12.6
135.8,12.2
135.5,12.7
135.1,12.5
135.0,12.5
134.7,12.5
134.6,12.4
134.6,12.4
134.5,12.3
134.0,12.5
134.0,12.4
133.9,12.4
133.8,12.3
133.5,12.3
133.3,12.5
133.2,12.5
132.9,12.7
132.7,12.2
132.4,12.4
132.3,12.3
132.2,12.3
132.0,12.3
132.0,12.5
131.9,12.5
131.8,12.7
131.8,12.4
131.7,12.3
131.4,12.3
131.3,12.7
131.2,12.3
131.2,12.4
130.9,12.5
130.8,12.6
130.4,12.2
130.4,12.4
130.1,12.7
129.6,12.6
129.3,12.5
128.8,12.4
128.8,12.3
128.4,12.5
128.3,12.3
127.8,12.3
127.6,12.4
127.6,12.7
127.1,12.6
127.0,12.7
127.0,12.5
127.0,12.7
126.5,12.6
126.5,12.2
126.4,12.6
125.9,12.6
125.4,12.3
125.0,12.4
124.6,12.3
124.5,12.5
124.2,12.6
124.2,12.5
123.9,12.6
123.8,12.4
123.7,12.5
123.7,12.3
123.7,12.3
123.3,12.4
123.2,12.6
123.2,12.4
122.9,12.5
122.9,12.7
122.9,12.7
122.5,12.4
122.4,12.4
122.4,12.2
122.3,12.2
122.3,12.6
122.1,12.4
122.1,12.3
121.6,12.4
121.2,12.4
120.9,12.6
120.9,12.6
120.8,12.2
120.8,12.6
120.4,12.5
120.4,12.3
120.1,12.6
120.1,12.2
120.1,12.4
119.6,12.3
119.3,12.7
119.3,12.5
119.3,12.5
119.2,12.6
118.8,12.7
118.8,12.4
118.8,12.5
118.7,12.3
118.3,12.4
118.2,12.7
117.8,12.6
117.6,12.5
117.5,12.4
117.0,12.5
116.6,12.3
116.2,12.6
115.7,12.7
115.7,12.5
115.4,12.7
115.1,12.2
115.0,12.4
114.9,12.4
114.4,12.6
114.4,12.4
114.3,12.5
114.3,12.5
114.3,12.2
114.1,12.3
113.6,12.6
113.5,12.6
113.5,12.5
113.4,12.7
113.2,12.2
113.1,12.4
112.6,12.5
112.5,12.6
112.5,12.6
112.2,12.4
111.7,12.6
111.5,12.7
111.1,12.7
110.7,12.3
110.7,12.2
110.6,12.7
110.6,12.7
110.3,12.6
109.9,12.5
109.6,12.6
109.6,12.6
109.3,12.5
109.1,12.5
108.8,12.3
108.8,12.4
108.7,12.4
108.6,12.3
108.6,12.3
108.2,12.5
108.1,12.6
108.1,12.6
108.1,12.5
107.6,12.5
107.1,12.5
106.8,12.3
106.7,12.7
106.4,12.3
106.1,12.5
105.8,12.5
105.6,12.2
105.3,12.3
105.3,12.4
105.1,12.7
105.0,12.6
105.0,12.3
104.6,12.5
104.6,12.7
104.5,12.6
104.4,12.4
104.4,12.6
104.3,12.4
104.2,12.4
104.2,12.6
103.9,12.3
103.5,12.5
103.1,12.4
103.1,12.4
103.0,12.3
103.0,12.6
102.7,12.3
102.6,12.3
102.1,12.5
102.1,12.3
101.7,12.6
101.7,12.3
101.7,12.7
101.3,12.7
101.2,12.5
101.2,12.5
101.0,12.4
100.9,12.4
100.9,12.6
100.6,12.5
100.4,12.6
100.1,12.5
100.1,12.2
99.8,12.3
99.8,12.3
99.8,12.5
99.7,12.5
99.5,12.3
99.1,12.3
99.1,12.5
98.8,12.7
98.8,12.7
98.7,12.5
98.3,12.3
98.0,12.5
97.9,12.4
97.7,12.3
97.7,12.6
97.7,12.4
97.6,12.3
97.6,12.7
97.6,12.6
97.5,12.4
97.0,12.2
96.9,12.3
96.9,12.7
96.6,12.3
96.4,12.6
96.3,12.3
95.9,12.2
95.9,12.7
95.9,12.3
95.8,12.4
95.8,12.3
95.7,12.2
95.5,12.5
95.1,12.7
94.8,12.5
94.8,12.6
94.7,12.5
94.3,12.4
94.3,12.3
94.0,12.6
93.9,12.4
93.6,12.5
93.3,12.6
92.9,12.3
92.5,12.2
92.2,12.5
92.1,12.7
91.9,12.3
91.5,12.7
91.0,12.6
90.7,12.3
90.7,12.7
90.4,12.4
90.4,12.7
90.1,12.3
90.1,12.3
90.0,12.3
90.0,12.4
90.0,12.3
89.9,12.2
89.5,12.3
89.0,12.5
89.0,12.5
88.9,12.6
88.9,12.4
88.8,12.2
88.6,12.5
88.5,12.3
88.0,12.4
87.7,12.3
87.7,12.3
87.3,12.5
87.2,12.5
87.2,12.5
87.2,12.6
87.1,12.3
86.6,12.5
86.6,12.6
86.5,12.3
86.5,12.5
86.1,12.4
86.0,12.5
85.6,12.7
85.6,12.3
85.3,12.5
85.1,12.5
84.7,12.6
84.7,12.3
84.5,12.3
84.4,12.7
84.4,12.2
84.3,12.6
83.9,12.3
83.5,12.4
83.2,12.3
82.8,12.4
82.8,12.4
82.7,12.2
82.6,12.6
82.1,12.7
81.7,12.7
81.7,12.4
81.2,12.6
80.7,12.4
80.7,12.3
80.6,12.2
80.3,12.4
80.2,12.5
80.2,12.4
79.7,12.7
79.4,12.4
79.3,12.2
79.2,12.6
78.9,12.6
78.9,12.3
78.6,12.5
78.2,12.3
77.8,12.3
77.5,12.7
77.2,12.6
76.9,12.4
76.6,12.6
76.1,12.3
75.8,12.4
75.7,12.7
75.5,12.5
75.2,12.3
74.8,12.4
74.7,12.3
74.3,12.6
73.8,12.6
73.4,12.4
73.1,12.4
72.7,12.4
72.7,12.7
72.4,12.6
72.0,12.2
71.7,12.2
71.7,12.3
71.5,12.3
71.3,12.3
71.2,12.6
70.8,12.4
70.5,12.4
70.4,12.4
70.1,12.6
70.1,12.6
70.1,12.3
70.1,12.6
70.0,12.6
69.7,12.5
69.4,12.3
69.0,12.5
68.5,12.7
68.1,12.5
68.1,12.3
68.0,12.4
67.6,12.4
67.6,12.3
67.5,12.5
67.4,12.5
67.4,12.5
67.3,12.4
66.8,12.5
66.8,12.6
66.8,12.4
66.7,12.3
66.2,12.5
66.2,12.5
66.2,12.7
66.1,12.5
66.0,12.2
66.0,12.4
65.6,12.3
65.6,12.4
65.3,12.5
65.1,12.5
64.8,12.3
64.8,12.3
64.7,12.5
64.7,12.5
64.5,12.5
64.2,12.3
64.0,12.5
63.6,12.7
63.1,12.5
62.9,12.5
62.8,12.4
62.5,12.3
62.1,12.4
62.0,12.6
62.0,12.3
61.7,12.4
61.4,12.7
61.4,12.6
60.9,12.7
60.9,12.2
60.4,12.6
60.4,12.3
60.0,12.4
60.0,12.7
59.9,12.4
59.8,12.4
59.8,12.3
59.6,12.3
59.6,12.4
59.5,12.5
59.5,12.3
59.2,12.7
59.1,12.4
59.0,12.5
58.7,12.6
58.7,12.2
58.5,12.2
58.2,12.5
58.2,12.4
57.8,12.6
57.5,12.7
57.5,12.7
57.5,12.4
57.2,12.3
57.0,12.5
56.5,12.5
56.4,12.4
56.4,12.4
56.4,12.6
56.4,12.2
56.4,12.3
56.4,12.6
56.3,12.4
56.2,12.5
55.9,12.6
55.5,12.4
55.3,12.4
54.9,12.2
54.6,12.4
54.6,12.3
54.3,12.5
54.2,12.3
54.1,12.5
54.1,12.6
53.8,12.5
53.6,12.4
53.6,12.4
53.5,12.6
53.4,12.4
53.0,12.4
52.5,12.3
52.5,12.3
52.1,12.6
52.0,12.3
51.7,12.2
51.7,12.6
51.4,12.2
51.1,12.3
50.6,12.6
50.3,12.3
50.0,12.4
49.6,12.4
49.6,12.5
49.1,12.5
48.8,12.6
48.8,12.5
48.4,12.7
48.4,12.4
48.4,12.3
48.0,12.5
47.7,12.4
47.6,12.4
47.6,12.3
47.1,12.4
46.9,12.3
46.6,12.6
46.5,12.7
46.5,12.2
46.4,12.5
46.0,12.2
46.0,12.4
45.7,12.4
45.6,12.4
45.2,12.6
45.0,12.5
44.8,12.3
44.3,12.5
44.3,12.5
44.2,12.6
43.8,12.5
43.4,12.2
43.1,12.3
43.0,12.5
43.0,12.4
42.7,12.7
42.7,12.6
42.4,12.3
42.1,12.6
42.1,12.5
42.0,12.5
42.0,12.6
41.9,12.2
41.7,12.5
41.4,12.3
41.1,12.5
41.1,12.3
40.8,12.2
40.8,12.2
40.8,12.7
40.8,12.4
40.4,12.7
40.4,12.6
40.2,12.5
40.0,12.3
39.5,12.6
39.4,12.4
39.2,12.7
39.1,12.3
39.1,12.3
39.0,12.4
38.9,12.5
38.9,12.5
38.9,12.7
38.5,12.7
38.1,12.3
37.6,12.4
37.6,12.2
37.6,12.5
37.3,12.5
36.8,12.2
36.5,12.5
36.1,12.6
36.0,12.7
35.9,12.2
35.5,12.7
35.5,12.3
35.4,12.3
35.4,12.7
35.4,12.4
34.9,12.5
34.5,12.5
34.2,12.4
33.8,12.6
33.8,12.6
33.5,12.7
33.1,12.6
33.1,12.5
32.6,12.5
32.3,12.3
32.0,12.2
31.5,12.4
31.0,12.4
31.0,12.6
30.9,12.6
30.6,12.3
30.1,12.2
30.1,12.3
29.7,12.3
29.4,12.5
29.4,12.3
28.9,12.4
28.5,12.5
28.0,12.3
27.8,12.6
27.7,12.5
27.6,12.4
27.6,12.6
27.5,12.6
27.4,12.5
27.4,12.3
27.3,12.3
27.0,12.6
27.0,12.4
26.7,12.5
26.3,12.6
26.3,12.2
25.9,12.7
25.6,12.4
25.2,12.6
25.2,12.6
24.9,12.6
24.8,12.6
24.8,12.5
24.5,12.3
24.4,12.5
24.2,12.7
24.1,12.4
24.1,12.3
23.8,12.3
23.7,12.5
23.5,12.7
23.4,12.6
23.2,12.2
23.2,12.6
22.8,12.3
22.8,12.5
22.7,12.3
22.4,12.7
22.1,12.4
21.8,12.3
21.7,12.5
21.6,12.5
21.2,12.3
21.1,12.3
21.0,12.6
20.7,12.7
20.3,12.4
19.9,12.4
19.6,12.7
19.6,12.2
19.5,12.6
19.2,12.7
18.8,12.4
18.7,12.5
18.3,12.6
18.2,12.2
17.7,12.6
17.7,12.5
17.6,12.3
17.2,12.7
16.8,12.6
16.8,12.5
16.4,12.2
16.4,12.2
16.1,12.4
15.9,12.6
15.4,12.6
15.3,12.3
15.1,12.5
15.1,12.3
14.7,12.5
14.6,12.5
14.3,12.6
14.2,12.6
13.7,12.5
13.3,12.6
12.9,12.6
12.6,12.6
12.5,12.5
12.5,12.5
12.4,12.4
12.2,12.3
12.1,12.5
11.8,12.4
11.7,12.5
11.7,12.3
11.3,12.3
11.2,12.5
11.0,12.3
10.7,12.6
10.4,12.6
10.3,12.5
10.0,12.5
10.0,12.6
9.9,12.6
9.5,12.7
9.4,12.3
8.9,12.3
8.6,12.4
8.5,12.4
8.5,12.5
8.5,12.5
8.1,12.6
8.0,12.3
7.6,12.5
7.6,12.3
7.5,12.4
7.1,12.3
7.1,12.5
6.7,12.3
6.6,12.4
6.5,12.3
6.5,12.3
6.2,12.6
6.2,12.5
5.9,12.6
5.9,12.5
5.6,12.6
5.6,12.2
5.2,12.6
4.7,12.7
4.7,12.5
4.6,12.6
4.5,12.3
4.5,12.6
4.0,12.2
3.7,12.2
3.5,12.3
3.1,12.3
2.8,12.6
2.7,12.3
2.4,12.4
2.4,12.2
2.3,12.3
2.3,12.2
2.1,12.3
1.6,12.4
1.2,12.2
1.1,12.2
0.7,12.4
0.7,12.6
0.5,12.3
0.2,12.4
234.6,12.6
236.6,12.3
236.2,12.3
236.0,12.5
235.7,12.2
235.2,12.5
234.9,12.7
234.8,12.4
234.3,12.2
234.0,12.3
233.6,12.5
233.2,12.3
233.2,12.6
232.9,12.4
232.8,12.6
232.8,12.5
232.7,12.7
232.4,12.3
232.3,12.6
232.3,12.6
232.2,12.2
232.0,12.3
231.9,12.4
231.9,12.4
231.8,12.6
231.7,12.3
231.7,12.2
231.4,12.2
231.3,12.7
231.1,12.3
231.0,12.3
230.9,12.5
230.8,12.3
230.7,12.2
230.2,12.5
230.1,12.5
230.1,12.5
229.7,12.3
229.5,12.7
229.4,12.3
229.4,12.3
229.4,12.2
229.0,12.6
228.9,12.4
228.8,12.5
228.5,12.5
228.2,12.3
228.0,12.6
227.9,12.4
227.6,12.3
227.5,12.4
227.5,12.7
227.4,12.6
227.3,12.5
227.3,12.5
227.3,12.4
227.2,12.6
227.1,12.4
227.0,12.3
226.9,12.6
226.5,12.3
226.3,12.4
226.1,12.6
226.1,12.3
225.8,12.6
225.7,12.3
225.3,12.7
225.0,12.4
224.7,12.5
224.3,12.3
223.9,12.3
223.9,12.5
223.6,12.3
223.2,12.4
222.9,12.4
222.8,12.6
222.3,12.3
222.3,12.2
222.2,12.7
222.1,12.6
221.7,12.4
221.3,12.2
221.1,12.4
221.0,12.3
220.7,12.6
220.4,12.3
220.4,12.2
220.0,12.3
219.9,12.7
219.8,12.4
219.8,12.3
219.7,12.4
219.3,12.4
219.1,12.4
219.0,12.6
218.7,12.4
218.4,12.3
218.3,12.3
218.3,12.7
218.0,12.3
217.7,12.3
217.2,12.3
217.1,12.7
216.9,12.5
216.8,12.6
216.5,12.4
216.2,12.6
215.7,12.4
215.5,12.6
215.4,12.6
215.3,12.6
214.9,12.4
214.4,12.2
214.4,12.4
214.1,12.3
213.7,12.6
213.7,12.7
213.6,12.5
213.4,12.3
213.4,12.6
213.3,12.5
213.3,12.5
213.2,12.7
212.8,12.2
212.4,12.6
212.4,12.3
212.0,12.3
211.9,12.5
211.6,12.3
211.3,12.5
210.9,12.7
210.9,12.7
210.8,12.4
210.5,12.6
210.2,12.6
209.7,12.3
209.3,12.6
209.2,12.7
208.8,12.3
208.8,12.6
208.7,12.2
208.7,12.3
208.6,12.6
208.5,12.3
208.2,12.6
208.2,12.3
207.9,12.2
207.9,12.2
207.4,12.2
207.3,12.6
207.3,12.4
207.3,12.5
206.9,12.6
206.5,12.7
206.4,12.5
206.1,12.3
206.1,12.3
205.8,12.2
205.7,12.7
205.7,12.7
205.3,12.4
204.8,12.7
204.8,12.5
204.4,12.3
204.2,12.7
203.9,12.3
203.9,12.3
203.9,12.2
203.9,12.2
203.6,12.5
203.1,12.4
203.1,12.3
202.8,12.7
202.8,12.5
202.5,12.7
202.4,12.7
202.1,12.4
201.7,12.4
201.2,12.4
201.2,12.3
201.2,12.3
200.8,12.4
200.8,12.2
200.4,12.2
200.4,12.4
200.0,12.2
200.0,12.3
199.5,12.3
199.5,12.4
199.3,12.5
199.2,12.5
199.0,12.3
198.6,12.3
198.5,12.4
198.2,12.4
197.8,12.6
197.7,12.4
197.6,12.2
197.6,12.3
197.3,12.5
197.2,12.3
196.8,12.3
196.7,12.4
196.6,12.4
196.2,12.3
195.7,12.7
195.7,12.6
195.6,12.3
195.3,12.3
195.1,12.6
194.7,12.7
194.4,12.3
194.3,12.5
194.0,12.4
193.7,12.6
193.7,12.4
193.3,12.3
192.8,12.7
192.3,12.5
191.9,12.5
191.4,12.5
191.1,12.5
190.7,12.3
190.5,12.3
190.4,12.4
190.1,12.5
190.1,12.2
190.0,12.6
189.9,12.5
189.6,12.6
189.3,12.4
189.3,12.4
189.0,12.5
188.6,12.5
188.5,12.7
188.5,12.3
188.2,12.7
187.8,12.2
187.7,12.5
187.7,12.5
187.4,12.3
187.4,12.4
187.4,12.7
186.9,12.5
186.5,12.6
186.2,12.3
185.9,12.6
185.9,12.6
185.4,12.7
185.2,12.3
185.0,12.5
185.0,12.3
184.7,12.4
184.6,12.4
184.6,12.4
184.6,12.7
184.2,12.3
183.7,12.7
183.7,12.3
183.4,12.4
183.3,12.2
183.2,12.3
183.1,12.5
183.1,12.5
182.9,12.2
182.8,12.5
182.5,12.7
182.0,12.6
182.0,12.3
181.6,12.4
181.2,12.4
181.2,12.7
180.7,12.3
180.3,12.4
180.0,12.4
180.0,12.5
179.5,12.4
179.5,12.4
179.0,12.3
179.0,12.3
178.6,12.2
178.6,12.5
178.6,12.5
178.5,12.4
178.3,12.2
177.9,12.5
177.9,12.5
177.5,12.6
177.2,12.6
177.0,12.2
176.5,12.3
176.4,12.5
176.0,12.3
176.0,12.6
175.9,12.7
175.8,12.5
175.8,12.4
175.5,12.4
175.4,12.6
175.4,12.4
175.0,12.3
175.0,12.6
175.0,12.6
175.0,12.4
175.0,12.7
174.5,12.6
174.1,12.5
174.0,12.6
174.0,12.7
173.9,12.3
173.4,12.3
173.4,12.4
173.3,12.3
173.3,12.3
173.1,12.3
173.1,12.3
173.0,12.4
172.7,12.3
172.4,12.2
172.4,12.5
172.3,12.6
171.9,12.5
171.9,12.2
171.6,12.6
171.5,12.6
171.1,12.6
170.7,12.3
170.4,12.5
170.3,12.6
170.1,12.3
170.1,12.3
170.0,12.2
170.0,12.6
170.0,12.5
169.9,12.4
169.4,12.6
169.4,12.6
169.4,12.7
169.1,12.4
169.1,12.2
168.9,12.6
168.8,12.3
168.8,12.5
168.8,12.7
168.7,12.3
168.7,12.6
168.3,12.6
168.2,12.3
168.1,12.2
167.9,12.6
167.9,12.3
167.9,12.4
167.5,12.2
167.3,12.6
167.2,12.3
167.2,12.2
167.1,12.6
167.0,12.5
167.0,12.7
166.9,12.6
166.7,12.5
166.3,12.6
166.0,12.5
165.6,12.2
165.6,12.2
165.5,12.3
165.5,12.7
165.1,12.3
164.7,12.3
164.7,12.2
164.4,12.4
164.0,12.6
163.9,12.3
163.5,12.5
163.2,12.6
162.8,12.2
162.8,12.2
162.8,12.5
162.7,12.3
162.7,12.2
162.4,12.6
162.4,12.6
162.1,12.6
162.0,12.5
161.8,12.6
161.8,12.6
161.7,12.3
161.7,12.5
161.2,12.2
160.8,12.6
160.4,12.4
160.3,12.6
160.2,12.2
160.2,12.4
160.1,12.3
160.0,12.6
160.0,12.3
160.0,12.6
159.6,12.7
159.6,12.5
159.5,12.2
159.5,12.6
159.5,12.5
159.0,12.5
158.7,12.3
158.7,12.5
158.3,12.3
158.2,12.6
157.9,12.4
157.4,12.4
157.2,12.7
156.8,12.6
156.7,12.3
156.6,12.5
156.3,12.7
156.3,12.4
155.9,12.6
155.6,12.5
155.5,12.3
155.2,12.4
154.8,12.5
154.7,12.3
154.3,12.6
154.3,12.4
154.2,12.2
153.9,12.3
153.8,12.3
153.8,12.4
153.5,12.3
153.0,12.6
153.0,12.6
152.9,12.3
152.6,12.2
152.4,12.7
152.3,12.3
152.0,12.4
151.5,12.4
151.3,12.6
150.9,12.5
150.8,12.5
150.8,12.4
150.6,12.3
150.5,12.6
150.1,12.3
149.9,12.2
149.8,12.3
149.8,12.2
149.7,12.2
149.6,12.6
149.6,12.7
149.6,12.7
149.6,12.2
149.2,12.5
148.9,12.4
148.6,12.5
148.2,12.4
148.1,12.7
147.7,12.4
147.7,12.4
147.6,12.3
147.5,12.7
147.5,12.5
147.2,12.7
147.1,12.3
147.1,12.4
147.1,12.6
146.8,12.3
146.3,12.4
146.2,12.5
145.8,12.4
145.8,12.7
145.7,12.2
145.4,12.6
145.4,12.5
144.9,12.2
144.7,12.6
144.2,12.3
143.9,12.7
143.9,12.3
143.7,12.6
143.6,12.7
143.4,12.2
143.4,12.4
143.4,12.2
143.0,12.4
142.6,12.3
142.6,12.5
142.6,12.2
142.5,12.3
142.0,12.3
142.0,12.7
141.7,12.2
141.7,12.5
141.4,12.4
141.4,12.4
141.4,12.5
141.1,12.4
140.6,12.6
140.2,12.2
140.2,12.4
139.7,12.5
139.6,12.2
139.4,12.2
139.3,12.3
138.9,12.5
138.7,12.2
138.3,12.5
137.9,12.7
137.8,12.4
137.6,12.6
137.1,12.4
137.0,12.5
136.6,12.5
136.2,12.3
135.9,12.6
135.8,12.3
135.6,12.3
135.3,12.7
135.3,12.4
135.2,12.3
135.2,12.6
135.1,12.6
134.8,12.4
134.8,12.4
134.7,12.4
134.6,12.5
134.6,12.7
134.2,12.4
133.8,12.6
133.6,12.5
133.5,12.5
133.4,12.6
133.2,12.6
133.0,12.7
132.9,12.3
132.6,12.2
132.5,12.3
132.2,12.4
131.8,12.3
131.7,12.5
131.4,12.6
131.4,12.6
131.3,12.7
131.0,12.5
130.5,12.7
130.4,12.6
130.2,12.4
130.1,12.4
130.1,12.7
130.0,12.7
129.5,12.5
129.3,12.2
129.3,12.4
129.2,12.7
129.2,12.5
128.9,12.5
128.5,12.4
128.4,12.4
128.1,12.5
127.7,12.6
127.3,12.4
127.0,12.6
126.9,12.7
126.9,12.6
126.4,12.4
126.1,12.6
125.8,12.6
125.7,12.2
125.5,12.5
125.2,12.5
125.1,12.5
124.7,12.6
124.6,12.3
124.3,12.4
124.3,12.4
124.3,12.3
123.8,12.5
123.4,12.5
123.1,12.6
122.7,12.4
122.7,12.6
122.7,12.5
122.4,12.3
122.0,12.4
121.8,12.4
121.3,12.3
121.3,12.4
120.9,12.7
120.8,12.6
120.3,12.6
120.1,12.4
120.0,12.5
119.8,12.4
119.4,12.5
119.0,12.7
119.0,12.5
118.6,12.7
118.2,12.4
118.2,12.4
117.7,12.7
117.7,12.3
117.4,12.6
117.1,12.5
117.0,12.3
117.0,12.5
116.7,12.3
116.2,12.6
116.0,12.3
115.7,12.2
115.2,12.5
115.0,12.4
114.9,12.7
114.6,12.6
114.4,12.4
114.2,12.7
114.2,12.3
113.9,12.2
113.5,12.5
113.2,12.7
113.1,12.3
112.7,12.6
112.6,12.5
112.6,12.5
112.5,12.6
112.4,12.4
112.3,12.3
112.3,12.4
111.9,12.6
111.8,12.6
111.5,12.6
111.4,12.4
111.0,12.4
110.9,12.3
110.4,12.5
110.1,12.3
110.0,12.5
109.7,12.5
109.2,12.4
109.2,12.5
108.8,12.2
108.7,12.4
108.4,12.4
108.2,12.7
107.9,12.5
107.5,12.6
107.5,12.7
107.0,12.5
106.9,12.7
106.9,12.3
106.6,12.5
106.5,12.6
106.0,12.6
105.6,12.5
105.6,12.3
105.5,12.3
105.5,12.3
105.1,12.3
104.8,12.3
104.8,12.4
104.5,12.6
104.1,12.5
103.6,12.5
103.1,12.6
102.8,12.7
102.7,12.7
102.6,12.3
102.5,12.4
102.2,12.5
102.1,12.2
102.0,12.6
101.7,12.3
101.7,12.7
101.6,12.4
101.6,12.4
101.1,12.4
100.9,12.5
100.8,12.3
100.5,12.2
100.2,12.3
100.1,12.3
100.1,12.4
99.7,12.5
99.6,12.4
99.3,12.3
99.0,12.4
98.8,12.5
98.5,12.3
98.0,12.2
97.9,12.4
97.5,12.4
97.0,12.6
97.0,12.7
96.8,12.3
96.8,12.3
96.7,12.5
96.5,12.5
96.2,12.5
96.2,12.4
95.9,12.3
95.6,12.4
95.5,12.6
95.5,12.4
95.5,12.2
95.2,12.5
95.1,12.7
94.9,12.3
94.8,12.4
94.3,12.3
94.3,12.3
93.9,12.3
93.6,12.4
93.5,12.3
93.0,12.5
93.0,12.4
93.0,12.6
92.9,12.4
92.9,12.7
92.4,12.4
92.0,12.3
91.9,12.6
91.7,12.7
91.4,12.6
91.1,12.5
90.8,12.7
90.7,12.7
90.4,12.5
90.4,12.6
90.3,12.6
89.9,12.6
89.5,12.5
89.4,12.2
89.2,12.5
89.2,12.6
88.9,12.5
88.7,12.3
88.6,12.4
88.6,12.5
88.6,12.5
88.2,12.3
87.8,12.3
87.8,12.7
87.8,12.3
87.3,12.5
87.3,12.5
87.2,12.7
86.9,12.6
86.5,12.7
86.1,12.5
85.7,12.6
85.4,12.4
85.4,12.7
85.2,12.6
85.2,12.3
84.9,12.3
84.5,12.4
84.3,12.4
84.2,12.5
84.2,12.4
83.8,12.3
83.4,12.4
83.0,12.4
83.0,12.5
82.6,12.3
82.2,12.3
82.1,12.4
82.1,12.4
82.1,12.6
82.0,12.4
81.9,12.7
81.6,12.5
81.6,12.6
81.2,12.7
81.2,12.6
81.1,12.7
80.7,12.7
80.7,12.5
80.2,12.5
80.0,12.7
79.9,12.4
79.5,12.7
79.1,12.4
78.8,12.7
78.7,12.6
78.3,12.3
77.8,12.3
77.7,12.3
77.7,12.7
77.7,12.5
77.4,12.7
77.0,12.4
76.9,12.6
76.5,12.5
76.0,12.4
76.0,12.7
75.6,12.3
75.1,12.3
74.6,12.4
74.2,12.6
74.2,12.7
73.7,12.6
73.4,12.5
73.1,12.2
73.1,12.3
72.6,12.3
72.5,12.3
72.2,12.6
71.8,12.2
71.7,12.7
71.2,12.5
71.2,12.4
70.9,12.5
70.9,12.6
70.4,12.2
70.1,12.4
70.0,12.2
70.0,12.4
69.7,12.2
69.7,12.5
69.4,12.2
69.0,12.3
68.5,12.3
68.2,12.2
68.1,12.7
68.1,12.5
67.6,12.4
67.3,12.3
67.3,12.7
67.3,12.6
66.8,12.6
66.5,12.6
66.2,12.5
65.9,12.4
65.9,12.3
65.7,12.3
65.2,12.5
64.9,12.3
64.5,12.2
64.4,12.5
64.3,12.7
64.3,12.6
64.2,12.5
63.9,12.7
63.9,12.3
63.7,12.5
63.6,12.7
63.6,12.3
63.2,12.2
62.8,12.5
62.8,12.4
62.8,12.2
62.8,12.6
62.7,12.6
62.6,12.3
62.4,12.4
62.2,12.4
61.9,12.5
61.6,12.5
61.1,12.7
61.0,12.4
60.8,12.4
60.3,12.4
60.0,12.4
60.0,12.7
59.9,12.4
59.9,12.7
59.6,12.3
59.2,12.4
58.9,12.5
58.8,12.5
58.8,12.3
58.8,12.4
58.7,12.5
58.4,12.5
58.0,12.5
58.0,12.5
58.0,12.2
57.9,12.6
57.8,12.7
57.8,12.6
57.7,12.7
57.2,12.7
56.7,12.5
56.3,12.4
56.0,12.6
55.9,12.5
55.6,12.4
55.6,12.4
55.3,12.4
55.0,12.3
54.7,12.5
54.3,12.7
54.2,12.3
54.2,12.5
54.1,12.3
53.7,12.3
53.3,12.5
53.3,12.4
53.0,12.6
52.6,12.2
52.2,12.4
51.8,12.4
51.8,12.2
51.3,12.3
51.3,12.4
51.2,12.4
51.2,12.3
50.7,12.5
50.4,12.7
50.0,12.4
49.9,12.7
49.9,12.3
49.9,12.3
49.8,12.3
49.5,12.7
49.5,12.6
49.4,12.3
49.2,12.6
49.2,12.6
49.1,12.4
49.1,12.5
49.0,12.4
49.0,12.5
48.6,12.6
48.6,12.2
48.1,12.7
47.7,12.5
47.4,12.5
47.0,12.4
46.6,12.4
46.6,12.6
46.1,12.5
45.7,12.5
45.7,12.6
45.3,12.3
45.1,12.5
44.6,12.4
44.6,12.4
44.3,12.4
43.9,12.6
43.9,12.4
43.5,12.3
43.5,12.3
43.4,12.4
43.0,12.6
42.6,12.6
42.1,12.3
41.7,12.5
41.3,12.3
41.3,12.3
41.2,12.4
40.7,12.3
40.7,12.4
40.4,12.2
39.9,12.2
39.8,12.4
39.4,12.3
39.3,12.2
39.0,12.4
39.0,12.3
38.9,12.5
38.8,12.2
38.4,12.3
38.4,12.7
38.3,12.7
38.1,12.4
37.8,12.5
37.5,12.6
37.0,12.3
36.6,12.2
36.5,12.3
36.1,12.3
36.1,12.3
35.6,12.3
35.5,12.7
35.3,12.5
35.3,12.3
35.2,12.4
34.8,12.7
34.7,12.4
34.4,12.6
34.0,12.6
33.9,12.5
33.9,12.6
33.8,12.3
33.4,12.3
33.0,12.6
32.6,12.3
32.6,12.4
32.4,12.6
32.3,12.4
31.8,12.2
31.8,12.4
31.8,12.6
31.6,12.5
31.5,12.2
31.5,12.5
31.4,12.3
31.3,12.4
31.0,12.3
30.9,12.6
30.6,12.5
30.6,12.4
30.5,12.3
30.5,12.7
30.2,12.4
30.2,12.5
30.1,12.2
29.9,12.3
29.4,12.5
29.4,12.5
29.4,12.2
28.9,12.4
28.6,12.6
28.2,12.3
27.8,12.3
27.4,12.3
26.9,12.4
26.6,12.6
26.1,12.3
25.6,12.7
25.2,12.4
24.9,12.6
24.9,12.6
24.8,12.4
24.3,12.5
23.8,12.3
23.8,12.5
23.7,12.2
23.2,12.7
23.2,12.6
23.2,12.7
23.2,12.4
23.1,12.4
22.9,12.5
22.4,12.5
22.1,12.5
21.8,12.5
21.6,12.5
21.6,12.7
21.5,12.2
21.0,12.5
20.6,12.7
20.6,12.7
20.3,12.6
19.9,12.3
19.9,12.4
19.8,12.7
19.4,12.5
19.3,12.4
19.3,12.5
18.9,12.5
18.7,12.3
18.3,12.5
17.9,12.3
17.4,12.5
17.3,12.3
17.1,12.3
16.8,12.6
16.7,12.4
16.6,12.3
16.6,12.3
16.5,12.4
16.5,12.5
16.4,12.4
15.9,12.7
15.6,12.4
15.6,12.2
15.5,12.5
15.3,12.2
14.8,12.3
14.7,12.5
14.6,12.5
14.1,12.3
14.1,12.2
13.8,12.3
13.7,12.7
13.3,12.3
13.3,12.5
13.3,12.5
13.2,12.7
12.9,12.2
12.6,12.3
12.3,12.2
12.2,12.4
11.9,12.2
11.8,12.6
11.7,12.7
11.7,12.3
11.6,12.6
11.6,12.2
11.1,12.3
10.8,12.4
10.5,12.7
10.1,12.4
9.7,12.6
9.4,12.3
9.0,12.4
8.9,12.7
8.9,12.4
8.4,12.3
8.1,12.6
7.7,12.5
7.3,12.6
7.3,12.5
7.0,12.7
6.5,12.5
6.3,12.6
6.3,12.6
6.2,12.3
6.0,12.3
5.9,12.5
5.8,12.3
5.8,12.4
5.4,12.4
5.2,12.3
5.1,12.3
4.8,12.6
4.6,12.3
4.2,12.5
3.8,12.4
3.8,12.4
3.7,12.5
3.5,12.5
3.4,12.4
3.3,12.7
3.3,12.7
3.2,12.3
3.1,12.5
2.8,12.5
2.8,12.7
2.5,12.2
2.4,12.5
2.0,12.4
1.9,12.4
1.8,12.3
1.8,12.6
1.8,12.6
1.4,12.6
1.4,12.5
1.3,12.3
0.9,12.4
0.8,12.2
0.8,12.6
0.7,12.5
0.7,12.5
0.3,12.6
0.3,12.5
234.3,12.7
237.3,12.6
237.3,12.3
237.0,12.4
236.7,12.4
236.6,12.5
236.2,12.7
235.8,12.5
235.5,12.6
235.5,12.2
235.1,12.3
234.6,12.3
234.6,12.5
234.2,12.2
234.2,12.2
234.1,12.4
233.7,12.6
233.3,12.3
233.1,12.6
233.1,12.5
233.1,12.3
232.6,12.5
232.5,12.3
232.5,12.5
232.2,12.2
232.1,12.2
232.1,12.6
232.0,12.4
231.6,12.6
231.5,12.5
231.4,12.6
231.3,12.5
231.0,12.2
230.8,12.6
230.8,12.6
230.4,12.2
230.0,12.3
229.7,12.6
229.7,12.5
229.3,12.4
229.3,12.2
229.0,12.4
228.5,12.4
228.1,12.7
227.7,12.4
227.2,12.4
227.1,12.4
227.1,12.6
227.0,12.7
226.6,12.4
226.1,12.3
226.1,12.3
226.0,12.4
226.0,12.5
225.7,12.6
225.7,12.4
225.3,12.3
224.9,12.6
224.7,12.4
224.2,12.5
224.1,12.4
224.1,12.3
223.6,12.3
223.6,12.7
223.5,12.4
223.5,12.5
223.4,12.4
223.4,12.7
223.4,12.2
223.3,12.7
223.3,12.3
222.8,12.6
222.4,12.6
222.4,12.3
222.3,12.4
222.2,12.3
222.2,12.3
222.1,12.2
222.1,12.4
222.0,12.2
221.7,12.6
221.3,12.4
221.0,12.3
220.6,12.6
220.6,12.4
220.3,12.3
219.8,12.7
219.8,12.4
219.7,12.5
219.3,12.5
219.2,12.3
219.2,12.5
218.8,12.4
218.6,12.5
218.3,12.2
218.2,12.4
217.7,12.2
217.3,12.2
217.1,12.3
217.0,12.3
216.7,12.4
216.2,12.6
216.1,12.5
215.8,12.5
215.7,12.5
215.7,12.5
215.6,12.6
215.5,12.6
215.5,12.4
215.1,12.5
214.7,12.5
214.5,12.2
214.2,12.7
214.1,12.5
213.7,12.2
213.7,12.5
213.6,12.3
213.2,12.3
213.1,12.2
212.9,12.2
212.6,12.5
212.6,12.7
212.5,12.6
212.4,12.4
212.4,12.6
212.3,12.4
212.2,12.6
212.2,12.7
212.0,12.2
211.7,12.4
211.3,12.5
211.3,12.3
211.2,12.6
211.0,12.5
211.0,12.3
210.5,12.2
210.0,12.7
210.0,12.4
209.7,12.5
209.4,12.6
209.4,12.2
209.1,12.6
208.8,12.6
208.8,12.4
208.7,12.3
208.7,12.5
208.3,12.7
207.9,12.7
207.6,12.3
207.6,12.3
207.5,12.3
207.3,12.6
207.2,12.6
206.8,12.4
206.7,12.6
206.3,12.5
205.8,12.6
205.8,12.3
205.7,12.2
205.5,12.3
205.5,12.2
205.2,12.6
204.8,12.4
204.6,12.7
204.3,12.4
204.0,12.4
204.0,12.4
203.9,12.4
203.8,12.3
203.4,12.4
203.0,12.7
202.7,12.6
202.4,12.6
202.0,12.2
201.6,12.3
201.3,12.4
201.2,12.6
201.2,12.6
201.2,12.4
201.1,12.3
201.1,12.5
200.8,12.6
200.8,12.6
200.7,12.6
200.6,12.6
200.3,12.4
200.3,12.5
200.2,12.4
199.9,12.3
199.9,12.5
199.9,12.2
199.5,12.7
199.2,12.4
198.8,12.2
198.7,12.4
198.4,12.4
198.2,12.5
197.9,12.6
197.9,12.3
197.8,12.5
197.5,12.6
197.4,12.2
196.9,12.3
196.6,12.3
196.3,12.6
195.8,12.6
195.8,12.5
195.3,12.4
195.0,12.3
194.6,12.6
194.2,12.5
194.1,12.5
193.8,12.2
193.6,12.5
193.5,12.7
193.5,12.4
193.4,12.6
193.3,12.4
193.3,12.6
192.9,12.6
192.7,12.6
192.6,12.2
192.1,12.3
191.9,12.3
191.6,12.5
191.2,12.3
190.8,12.2
190.4,12.2
190.2,12.5
190.1,12.2
190.1,12.3
189.8,12.5
189.7,12.3
189.2,12.4
189.1,12.6
188.6,12.6
188.5,12.5
188.2,12.5
187.9,12.2
187.6,12.3
187.4,12.2
187.3,12.6
187.2,12.5
187.2,12.6
187.1,12.4
187.0,12.6
187.0,12.7
186.6,12.6
186.6,12.7
186.6,12.6
186.1,12.4
185.9,12.6
185.8,12.4
185.8,12.4
185.7,12.4
185.6,12.6
185.6,12.3
185.5,12.4
185.4,12.4
185.4,12.5
185.3,12.6
185.2,12.4
185.2,12.3
184.9,12.4
184.8,12.7
184.7,12.5
184.3,12.2
184.3,12.4
184.2,12.6
184.2,12.4
184.2,12.2
184.1,12.3
183.8,12.3
183.7,12.4
183.3,12.4
182.9,12.6
182.7,12.4
182.2,12.6
182.2,12.2
182.2,12.5
182.1,12.7
181.8,12.4
181.8,12.3
181.7,12.3
181.6,12.5
181.4,12.4
180.9,12.7
180.5,12.2
180.2,12.5
180.2,12.7
179.7,12.6
179.6,12.5
179.3,12.5
179.0,12.7
178.6,12.5
178.3,12.6
178.3,12.2
177.8,12.6
177.5,12.6
177.4,12.5
177.4,12.3
177.0,12.6
177.0,12.6
176.9,12.4
176.9,12.3
176.8,12.3
176.7,12.5
176.7,12.6
176.3,12.5
176.1,12.6
175.9,12.4
175.9,12.3
175.6,12.6
175.1,12.3
175.1,12.3
175.0,12.2
174.7,12.7
174.7,12.7
174.6,12.5
174.3,12.6
174.2,12.6
174.2,12.7
173.9,12.2
173.6,12.3
173.6,12.6
173.1,12.7
173.1,12.6
173.1,12.2
173.0,12.2
173.0,12.5
173.0,12.4
172.6,12.3
172.6,12.4
172.1,12.3
172.1,12.6
171.6,12.7
171.1,12.6
170.9,12.6
170.4,12.5
170.0,12.3
170.0,12.4
170.0,12.7
169.9,12.2
169.8,12.5
169.7,12.2
169.7,12.6
169.7,12.6
169.3,12.7
168.9,12.3
168.8,12.6
168.4,12.3
168.3,12.4
168.3,12.4
168.2,12.6
168.0,12.4
167.7,12.3
167.6,12.6
167.2,12.3
167.1,12.3
167.0,12.3
166.6,12.7
166.6,12.6
166.2,12.3
166.0,12.4
165.9,12.5
165.6,12.6
165.1,12.2
165.0,12.6
164.6,12.5
164.6,12.4
164.5,12.6
164.2,12.5
163.7,12.5
163.2,12.6
163.2,12.5
163.1,12.4
162.8,12.4
162.7,12.4
162.7,12.4
162.7,12.5
162.4,12.5
161.9,12.4
161.6,12.6
161.3,12.6
161.2,12.7
160.8,12.7
160.7,12.4
160.7,12.6
160.6,12.7
160.4,12.4
160.0,12.4
159.6,12.7
159.2,12.5
159.2,12.5
159.1,12.6
159.1,12.2
159.0,12.4
158.7,12.6
158.6,12.5
158.3,12.7
158.3,12.4
157.8,12.3
157.8,12.7
157.5,12.4
157.0,12.2
156.9,12.4
156.7,12.5
156.6,12.4
156.6,12.4
156.6,12.2
156.6,12.5
156.5,12.6
156.5,12.4
156.2,12.7
156.1,12.6
155.8,12.6
155.6,12.4
155.6,12.5
155.5,12.3
155.5,12.3
155.5,12.2
155.4,12.7
155.4,12.5
155.3,12.7
155.2,12.6
155.0,12.4
154.5,12.6
154.4,12.4
154.4,12.6
154.1,12.6
154.0,12.6
153.8,12.4
153.7,12.3
153.7,12.6
153.3,12.4
153.2,12.5
153.2,12.6
153.1,12.2
153.0,12.6
152.6,12.4
152.2,12.6
152.2,12.3
151.9,12.2
151.6,12.7
151.3,12.5
151.1,12.3
150.6,12.5
150.3,12.4
150.0,12.5
150.0,12.3
149.5,12.3
149.4,12.7
149.4,12.5
149.0,12.6
148.8,12.4
148.7,12.2
148.5,12.5
148.4,12.3
148.0,12.3
147.9,12.4
147.9,12.4
147.6,12.2
147.6,12.3
147.3,12.3
146.9,12.3
146.9,12.5
146.8,12.4
146.3,12.4
145.9,12.2
145.8,12.4
145.6,12.5
145.6,12.6
145.1,12.4
145.1,12.4
144.9,12.4
144.4,12.7
144.3,12.6
144.3,12.5
144.3,12.7
144.3,12.5
143.8,12.4
143.7,12.6
143.6,12.2
143.1,12.6
143.0,12.2
142.7,12.3
142.2,12.2
141.7,12.7
141.4,12.6
141.0,12.5
141.0,12.6
140.9,12.5
140.5,12.3
140.4,12.5
140.4,12.4
140.3,12.5
140.2,12.4
140.1,12.3
139.7,12.3
139.5,12.4
139.2,12.6
139.2,12.6
138.7,12.4
138.6,12.4
138.5,12.3
138.5,12.4
138.1,12.6
137.9,12.5
137.5,12.5
137.5,12.2
137.2,12.5
136.7,12.3
136.2,12.6
136.2,12.6
136.1,12.6
136.1,12.7
135.9,12.6
135.4,12.5
135.2,12.4
134.9,12.2
134.6,12.4
134.1,12.6
134.1,12.5
134.0,12.3
133.8,12.6
133.7,12.4
133.6,12.5
133.6,12.5
133.3,12.5
133.2,12.5
133.2,12.4
132.8,12.5
132.7,12.2
132.2,12.5
132.1,12.7
132.0,12.7
131.5,12.6
131.3,12.7
131.2,12.4
131.1,12.7
131.1,12.2
131.1,12.2
131.0,12.6
131.0,12.5
130.6,12.6
130.4,12.5
130.0,12.7
129.8,12.4
129.7,12.6
129.7,12.4
129.7,12.4
129.6,12.4
129.6,12.2
129.5,12.2
129.4,12.5
129.4,12.4
129.3,12.2
128.9,12.5
128.5,12.4
128.4,12.6
128.0,12.4
127.9,12.5
127.6,12.3
127.6,12.3
127.1,12.2
126.9,12.2
126.8,12.7
126.7,12.7
126.7,12.6
126.6,12.3
126.2,12.3
126.1,12.2
125.9,12.6
125.8,12.5
125.5,12.2
125.2,12.4
124.8,12.5
124.3,12.4
124.1,12.3
124.1,12.6
123.6,12.2
123.5,12.2
123.4,12.4
123.3,12.3
122.9,12.6
122.9,12.3
122.8,12.4
122.5,12.2
122.0,12.6
121.9,12.2
121.9,12.4
121.5,12.5
121.5,12.3
121.2,12.6
121.1,12.3
121.0,12.3
120.8,12.3
120.7,12.3
120.7,12.5
120.3,12.4
120.3,12.4
120.0,12.6
119.7,12.6
119.6,12.5
119.6,12.5
119.5,12.2
119.3,12.4
119.3,12.2
118.8,12.3
118.6,12.2
118.5,12.2
118.1,12.6
117.7,12.4
117.5,12.4
117.1,12.4
116.9,12.7
116.9,12.5
116.8,12.6
116.5,12.3
116.3,12.3
116.1,12.7
115.7,12.5
115.6,12.6
115.1,12.3
114.8,12.4
114.4,12.4
114.0,12.4
113.6,12.6
113.5,12.5
113.5,12.6
113.4,12.4
113.4,12.2
113.3,12.7
113.3,12.6
113.0,12.6
112.9,12.6
112.6,12.4
112.5,12.3
112.4,12.7
112.4,12.3
112.3,12.7
111.9,12.5
111.9,12.6
111.8,12.4
111.7,12.6
111.4,12.6
111.3,12.5
111.1,12.2
111.0,12.7
110.7,12.3
110.2,12.6
109.7,12.5
109.3,12.4
109.0,12.3
108.9,12.3
108.6,12.4
108.2,12.3
108.1,12.5
107.8,12.5
107.4,12.4
107.3,12.2
107.3,12.3
107.2,12.5
107.0,12.3
106.7,12.7
106.7,12.3
106.6,12.4
106.6,12.7
106.6,12.4
106.6,12.3
106.5,12.3
106.0,12.5
105.7,12.3
105.7,12.4
105.6,12.7
105.2,12.5
104.7,12.6
104.4,12.7
104.2,12.7
104.1,12.5
104.1,12.3
104.1,12.6
103.7,12.4
103.7,12.6
103.7,12.4
103.7,12.6
103.7,12.4
103.6,12.7
103.3,12.4
102.9,12.2
102.4,12.4
102.4,12.7
102.0,12.4
101.5,12.4
101.5,12.5
101.2,12.3
100.8,12.3
100.7,12.6
100.6,12.3
100.2,12.4
100.0,12.4
99.9,12.5
99.9,12.2
99.8,12.2
99.6,12.3
99.6,12.6
99.5,12.6
99.4,12.4
99.4,12.5
99.2,12.5
98.7,12.5
98.4,12.7
98.1,12.5
97.7,12.6
97.6,12.7
97.2,12.3
97.1,12.2
96.9,12.5
96.6,12.5
96.5,12.7
96.5,12.4
96.4,12.3
96.0,12.4
95.9,12.4
95.5,12.6
95.5,12.3
95.1,12.3
95.0,12.4
95.0,12.7
94.6,12.4
94.5,12.3
94.4,12.2
94.4,12.4
94.3,12.5
94.0,12.3
93.6,12.6
93.5,12.3
93.4,12.4
93.0,12.4
92.9,12.6
92.6,12.3
92.2,12.3
92.2,12.3
92.1,12.3
92.1,12.5
92.0,12.2
92.0,12.5
91.6,12.5
91.2,12.5
90.7,12.6
90.3,12.2
89.8,12.6
89.6,12.7
89.3,12.2
89.2,12.6
88.9,12.4
88.9,12.4
88.8,12.4
88.8,12.3
88.7,12.3
88.7,12.6
88.6,12.4
88.6,12.3
88.6,12.3
88.1,12.6
87.9,12.6
87.4,12.4
86.9,12.5
86.9,12.6
86.5,12.4
86.3,12.2
86.0,12.3
85.6,12.3
85.3,12.6
85.3,12.4
85.1,12.6
85.0,12.3
85.0,12.7
84.6,12.3
84.2,12.6
84.1,12.3
83.7,12.6
83.7,12.2
83.7,12.5
83.2,12.4
82.9,12.6
82.4,12.3
82.2,12.6
82.1,12.5
81.7,12.3
81.4,12.6
81.3,12.6
81.3,12.6
81.2,12.6
80.9,12.2
80.6,12.4
80.1,12.2
79.7,12.6
79.4,12.5
79.3,12.7
79.0,12.3
78.7,12.3
78.3,12.2
78.0,12.6
77.7,12.7
77.7,12.6
77.4,12.4
77.2,12.2
77.2,12.5
76.9,12.3
76.9,12.5
76.5,12.3
76.5,12.6
76.0,12.3
75.9,12.4
75.6,12.4
75.6,12.2
75.1,12.6
75.1,12.6
74.8,12.4
74.7,12.5
74.7,12.4
74.5,12.6
74.1,12.3
74.1,12.3
74.1,12.4
74.1,12.5
73.7,12.2
73.7,12.4
73.2,12.7
73.0,12.2
72.9,12.3
72.8,12.3
72.8,12.2
72.8,12.6
72.4,12.5
72.2,12.5
72.2,12.3
71.9,12.6
71.7,12.5
71.7,12.5
71.6,12.6
71.1,12.5
71.1,12.3
71.1,12.3
71.0,12.6
70.8,12.5
70.8,12.2
70.8,12.4
70.8,12.2
70.7,12.2
70.4,12.5
70.4,12.3
69.9,12.6
69.9,12.3
69.4,12.6
69.0,12.3
68.5,12.5
68.2,12.3
67.8,12.3
67.8,12.6
67.4,12.2
67.3,12.6
67.1,12.3
67.1,12.6
66.8,12.7
66.8,12.2
66.3,12.5
66.3,12.4
66.2,12.3
66.0,12.6
65.7,12.5
65.7,12.3
65.6,12.6
65.3,12.3
65.0,12.6
64.6,12.3
64.5,12.7
64.5,12.6
64.1,12.3
64.1,12.3
63.8,12.7
63.4,12.5
63.0,12.6
62.9,12.7
62.9,12.3
62.8,12.3
62.7,12.4
62.5,12.3
62.1,12.2
62.0,12.7
61.7,12.5
61.4,12.3
61.3,12.4
61.0,12.3
60.7,12.6
60.4,12.6
60.0,12.5
59.6,12.2
59.6,12.6
59.6,12.5
59.3,12.3
59.1,12.5
59.1,12.4
59.0,12.5
58.5,12.6
58.2,12.3
57.9,12.6
57.7,12.5
57.4,12.3
57.1,12.6
56.7,12.2
56.4,12.4
56.2,12.6
56.1,12.3
55.9,12.2
55.9,12.4
55.8,12.6
55.8,12.5
55.6,12.6
55.1,12.3
55.1,12.4
55.0,12.3
54.7,12.6
54.3,12.6
54.3,12.3
54.0,12.3
54.0,12.4
53.8,12.4
53.5,12.6
53.0,12.2
52.8,12.5
52.5,12.6
52.1,12.3
52.0,12.7
51.7,12.3
51.2,12.3
51.2,12.5
50.8,12.3
50.8,12.5
50.8,12.3
50.8,12.3
50.4,12.6
50.4,12.4
50.2,12.3
50.2,12.2
49.9,12.3
49.8,12.6
49.6,12.2
49.1,12.2
49.1,12.5
49.1,12.6
49.0,12.5
48.6,12.3
48.6,12.6
48.3,12.2
48.2,12.4
48.2,12.5
48.1,12.7
48.1,12.4
47.6,12.3
47.3,12.6
46.8,12.7
46.4,12.2
46.1,12.6
45.6,12.6
45.4,12.5
45.0,12.4
44.9,12.7
44.8,12.3
44.5,12.3
44.5,12.6
44.5,12.5
44.2,12.2
44.2,12.6
43.8,12.4
43.8,12.6
43.5,12.2
43.4,12.3
43.4,12.7
43.3,12.4
42.9,12.3
42.6,12.3
42.6,12.5
42.5,12.4
42.5,12.5
42.1,12.3
42.0,12.4
41.6,12.7
41.6,12.3
41.4,12.2
41.4,12.5
41.1,12.3
41.1,12.6
40.8,12.6
40.7,12.4
40.6,12.3
40.6,12.2
40.3,12.7
40.2,12.7
40.2,12.4
40.1,12.4
39.9,12.7
39.8,12.6
39.6,12.2
39.2,12.4
39.1,12.5
38.6,12.7
38.2,12.4
37.8,12.5
37.5,12.4
37.1,12.3
37.0,12.5
36.9,12.5
36.5,12.7
36.0,12.2
36.0,12.7
35.5,12.6
35.2,12.5
34.9,12.5
34.8,12.5
34.8,12.4
34.3,12.5
34.2,12.4
34.2,12.5
34.1,12.3
33.9,12.5
33.8,12.4
33.5,12.5
33.5,12.5
33.5,12.3
33.4,12.5
33.4,12.2
33.3,12.6
33.2,12.4
32.9,12.4
32.5,12.5
32.4,12.2
32.4,12.7
32.0,12.3
31.6,12.7
31.5,12.6
31.1,12.7
31.1,12.5
31.0,12.6
30.6,12.4
30.2,12.6
30.2,12.2
30.1,12.6
30.1,12.6
30.0,12.7
30.0,12.4
30.0,12.6
29.8,12.6
29.7,12.4
29.4,12.3
29.3,12.6
28.9,12.5
28.9,12.2
28.8,12.6
28.5,12.4
28.5,12.3
28.1,12.6
27.8,12.6
27.8,12.3
27.7,12.7
27.2,12.4
26.9,12.7
26.8,12.2
26.5,12.7
26.4,12.3
26.3,12.2
26.3,12.2
26.0,12.3
25.7,12.3
25.3,12.4
25.3,12.5
24.8,12.6
24.8,12.4
24.5,12.6
24.2,12.5
24.1,12.3
23.7,12.5
23.7,12.2
23.3,12.6
22.9,12.4
22.5,12.4
22.2,12.3
21.9,12.3
21.5,12.5
21.1,12.2
20.6,12.6
20.6,12.5
20.5,12.5
20.2,12.7
20.2,12.3
19.7,12.5
19.6,12.4
19.6,12.6
19.3,12.6
18.8,12.5
18.7,12.2
18.3,12.3
18.1,12.4
18.1,12.4
17.9,12.6
17.8,12.6
17.6,12.4
17.2,12.2
17.1,12.3
17.0,12.5
16.6,12.4
16.6,12.3
16.4,12.4
16.3,12.6
16.3,12.3
16.0,12.5
16.0,12.3
15.8,12.4
15.5,12.4
15.4,12.4
15.0,12.6
14.5,12.5
14.4,12.6
14.3,12.6
14.0,12.7
14.0,12.5
13.7,12.3
13.6,12.2
13.3,12.4
13.2,12.6
12.7,12.2
12.4,12.3
12.4,12.6
12.1,12.6
12.0,12.5
11.8,12.5
11.5,12.2
11.5,12.6
11.4,12.4
11.0,12.7
10.6,12.7
10.5,12.6
10.5,12.6
10.1,12.5
9.9,12.4
9.8,12.6
9.4,12.3
9.4,12.3
9.1,12.5
8.8,12.5
8.5,12.3
8.4,12.5
8.4,12.3
8.2,12.7
7.9,12.7
7.8,12.4
7.8,12.3
7.7,12.4
7.2,12.7
7.2,12.7
6.8,12.6
6.8,12.7
6.7,12.3
6.7,12.3
6.7,12.3
6.3,12.2
6.0,12.6
5.6,12.3
5.6,12.6
5.1,12.5
4.9,12.2
4.9,12.4
4.9,12.2
4.8,12.7
4.7,12.2
4.3,12.3
4.0,12.6
4.0,12.5
3.9,12.6
3.5,12.5
3.5,12.5
3.4,12.4
3.1,12.7
3.1,12.3
2.8,12.3
2.8,12.6
2.7,12.4
2.3,12.6
2.2,12.6
1.9,12.5
1.5,12.7
1.5,12.2
1.4,12.4
1.3,12.7
0.9,12.2
0.8,12.3
0.7,12.3
0.5,12.5
0.1,12.2
246.7,12.6
244.6,12.6
244.2,12.5
244.1,12.3
243.7,12.3
243.7,12.3
243.6,12.3
243.2,12.6
242.9,12.4
242.9,12.6
242.5,12.4
242.0,12.3
241.7,12.6
241.2,12.5
241.1,12.5
241.1,12.4
241.0,12.5
241.0,12.2
240.9,12.2
240.5,12.4
240.5,12.3
240.2,12.4
240.1,12.3
239.7,12.3
239.3,12.3
239.0,12.5
238.6,12.6
238.2,12.4
238.1,12.4
238.1,12.4
237.7,12.5
237.2,12.3
236.9,12.7
236.8,12.6
236.8,12.5
236.3,12.5
236.1,12.2
235.9,12.4
235.8,12.6
235.8,12.5
235.4,12.2
234.9,12.5
234.6,12.4
234.3,12.7
234.0,12.4
233.7,12.3
233.5,12.5
233.4,12.5
233.0,12.3
232.9,12.4
232.9,12.3
232.8,12.6
232.5,12.5
232.5,12.7
232.0,12.6
232.0,12.3
231.5,12.3
231.3,12.6
231.2,12.6
230.9,12.5
230.5,12.7
230.5,12.4
230.4,12.3
230.4,12.2
230.3,12.6
230.3,12.3
230.3,12.5
229.8,12.6
229.4,12.3
229.1,12.2
229.0,12.6
228.7,12.4
228.7,12.3
228.3,12.3
228.3,12.5
228.2,12.5
228.1,12.4
227.8,12.3
227.6,12.2
227.3,12.7
226.8,12.5
226.4,12.2
226.0,12.4
226.0,12.7
225.9,12.2
225.5,12.4
225.5,12.5
225.1,12.4
225.1,12.5
224.8,12.5
224.8,12.3
224.5,12.4
224.4,12.6
224.4,12.2
224.0,12.2
224.0,12.3
224.0,12.3
223.7,12.6
223.7,12.3
223.6,12.3
223.3,12.7
223.1,12.4
223.0,12.4
222.9,12.5
222.8,12.3
222.5,12.5
222.5,12.6
222.4,12.3
222.3,12.4
222.3,12.3
221.9,12.7
221.6,12.3
221.6,12.5
221.2,12.6
220.9,12.3
220.6,12.4
220.5,12.5
220.5,12.3
220.4,12.3
220.0,12.5
219.7,12.6
219.2,12.4
218.8,12.3
218.7,12.3
218.4,12.6
218.0,12.3
218.0,12.4
217.7,12.4
217.4,12.2
217.4,12.2
217.3,12.3
217.3,12.3
216.8,12.3
216.4,12.5
216.3,12.5
216.1,12.7
215.8,12.2
215.8,12.3
215.3,12.6
215.3,12.5
215.2,12.3
215.2,12.4
214.7,12.4
214.7,12.5
214.3,12.2
214.0,12.4
213.9,12.6
213.5,12.7
213.5,12.6
213.5,12.6
213.2,12.4
213.0,12.4
213.0,12.4
212.9,12.2
212.4,12.3
211.9,12.2
211.5,12.4
211.1,12.6
210.6,12.3
210.6,12.6
210.3,12.3
210.3,12.3
209.8,12.4
209.3,12.5
209.2,12.3
209.2,12.5
208.7,12.6
208.3,12.5
207.9,12.3
207.9,12.4
207.4,12.6
207.1,12.5
207.0,12.6
207.0,12.6
207.0,12.5
206.9,12.4
206.5,12.4
206.2,12.6
206.2,12.2
206.1,12.2
206.0,12.2
206.0,12.7
205.7,12.6
205.3,12.6
205.0,12.6
205.0,12.3
204.7,12.4
204.6,12.6
204.2,12.6
204.2,12.6
204.2,12.6
203.9,12.5
203.9,12.6
203.9,12.5
203.8,12.4
203.3,12.7
203.0,12.4
202.7,12.3
202.2,12.3
201.8,12.4
201.5,12.5
201.2,12.6
201.2,12.5
200.8,12.7
200.3,12.2
200.3,12.7
199.9,12.5
199.9,12.5
199.8,12.2
199.7,12.4
199.3,12.4
199.2,12.4
199.2,12.2
198.8,12.5
198.8,12.6
198.4,12.2
198.2,12.5
197.7,12.3
197.7,12.7
197.6,12.3
197.6,12.6
197.5,12.7
197.2,12.4
197.1,12.3
197.1,12.5
197.0,12.6
196.8,12.3
196.7,12.6
196.6,12.4
196.5,12.5
196.2,12.5
195.8,12.6
195.8,12.5
195.4,12.3
195.4,12.6
195.3,12.4
195.3,12.3
195.2,12.6
195.1,12.4
194.9,12.3
194.6,12.5
194.1,12.5
194.1,12.4
193.7,12.4
193.4,12.4
193.2,12.5
193.0,12.2
192.6,12.3
192.3,12.6
191.8,12.3
191.8,12.7
191.7,12.6
191.3,12.4
191.3,12.5
191.3,12.7
191.1,12.7
190.8,12.5
190.4,12.5
190.0,12.6
189.5,12.7
189.1,12.3
189.1,12.5
188.6,12.5
188.2,12.6
187.9,12.4
187.9,12.4
187.8,12.4
187.8,12.7
187.4,12.5
186.9,12.6
186.6,12.4
186.3,12.3
186.0,12.2
185.5,12.6
185.5,12.7
185.4,12.3
185.4,12.6
185.4,12.2
185.3,12.5
184.9,12.4
184.4,12.4
184.4,12.4
184.3,12.6
184.2,12.6
183.9,12.3
183.8,12.7
183.8,12.6
183.5,12.3
183.2,12.5
183.2,12.6
183.1,12.4
183.1,12.6
183.0,12.3
182.9,12.2
182.6,12.4
182.3,12.2
182.2,12.6
181.8,12.3
181.8,12.5
181.5,12.5
181.5,12.5
181.4,12.6
181.1,12.4
181.0,12.7
180.5,12.5
180.5,12.2
180.5,12.5
180.5,12.2
180.5,12.6
180.4,12.6
180.0,12.4
179.6,12.5
179.5,12.5
179.4,12.3
179.0,12.4
178.9,12.4
178.9,12.3
178.9,12.5
178.9,12.3
178.8,12.3
178.7,12.5
178.4,12.6
178.3,12.3
178.2,12.5
177.8,12.4
177.5,12.6
177.4,12.3
177.1,12.4
177.1,12.4
176.7,12.7
176.7,12.4
176.3,12.4
176.2,12.2
176.2,12.7
176.1,12.3
176.1,12.5
175.8,12.7
175.5,12.3
175.4,12.6
175.2,12.7
174.9,12.3
174.5,12.5
174.2,12.3
174.2,12.3
174.1,12.6
174.1,12.5
173.7,12.3
173.7,12.4
173.3,12.7
173.2,12.6
173.1,12.5
172.8,12.6
172.4,12.5
172.3,12.2
171.9,12.6
171.8,12.2
171.8,12.5
171.4,12.3
171.0,12.5
170.7,12.7
170.4,12.4
170.0,12.6
169.9,12.4
169.6,12.3
169.1,12.4
168.6,12.4
168.2,12.6
168.1,12.3
167.7,12.3
167.6,12.3
167.1,12.4
166.8,12.3
166.7,12.5
166.3,12.2
165.8,12.5
165.4,12.7
164.9,12.7
164.7,12.5
164.7,12.7
164.7,12.6
164.4,12.6
164.0,12.5
163.5,12.6
163.5,12.6
163.2,12.5
162.9,12.4
162.7,12.4
162.6,12.6
162.6,12.5
162.2,12.5
162.2,12.6
162.1,12.4
162.1,12.3
162.0,12.5
162.0,12.5
161.6,12.3
161.5,12.3
161.3,12.3
161.0,12.3
161.0,12.5
160.6,12.4
160.3,12.6
160.2,12.5
159.7,12.6
159.6,12.4
159.5,12.7
159.5,12.6
159.2,12.4
159.1,12.3
158.9,12.4
158.4,12.6
158.0,12.4
157.9,12.5
157.9,12.4
157.9,12.2
157.6,12.3
157.6,12.6
157.1,12.5
157.0,12.2
156.9,12.5
156.5,12.3
156.2,12.5
156.1,12.5
155.7,12.5
155.2,12.5
155.2,12.4
154.8,12.5
154.8,12.2
154.7,12.3
154.2,12.2
154.2,12.6
154.2,12.5
154.1,12.6
154.1,12.3
154.1,12.5
153.7,12.3
153.6,12.4
153.1,12.6
153.1,12.5
152.7,12.3
152.2,12.6
151.7,12.7
151.7,12.5
151.6,12.5
151.4,12.3
151.0,12.4
150.5,12.7
150.5,12.5
150.5,12.6
150.4,12.4
150.4,12.7
150.1,12.5
149.8,12.6
149.4,12.7
149.3,12.2
149.1,12.6
149.1,12.6
149.0,12.3
149.0,12.6
148.7,12.5
148.2,12.5
148.0,12.4
147.6,12.3
147.3,12.6
147.2,12.4
147.2,12.7
146.8,12.4
146.8,12.6
146.8,12.7
146.7,12.7
146.6,12.6
146.6,12.2
146.2,12.5
146.2,12.6
146.1,12.3
145.8,12.4
145.5,12.6
145.1,12.2
145.0,12.6
144.8,12.2
144.4,12.6
144.3,12.7
144.3,12.7
144.2,12.4
144.1,12.6
143.6,12.3
143.6,12.4
143.5,12.3
143.5,12.3
143.4,12.4
143.4,12.7
143.3,12.5
142.8,12.3
142.6,12.4
142.5,12.6
142.4,12.7
142.2,12.6
142.2,12.4
142.1,12.4
142.1,12.3
141.7,12.7
141.3,12.2
141.1,12.3
140.7,12.5
140.3,12.3
139.8,12.4
139.6,12.2
139.2,12.3
139.1,12.2
139.1,12.2
138.7,12.4
138.2,12.5
138.2,12.2
138.2,12.6
138.1,12.6
138.1,12.4
138.0,12.2
137.9,12.2
137.5,12.5
137.4,12.6
137.1,12.5
136.7,12.7
136.4,12.4
136.0,12.6
135.9,12.5
135.4,12.5
135.0,12.2
134.7,12.2
134.4,12.3
134.1,12.4
133.7,12.2
133.3,12.2
133.2,12.3
133.2,12.6
133.1,12.2
133.0,12.3
132.7,12.5
132.7,12.3
132.7,12.3
132.7,12.5
132.3,12.4
132.3,12.3
132.0,12.3
131.7,12.7
131.7,12.3
131.4,12.7
131.3,12.3
131.2,12.3
130.9,12.3
130.8,12.3
130.8,12.3
130.7,12.7
130.6,12.3
130.5,12.7
130.2,12.4
129.9,12.3
129.5,12.6
129.4,12.2
129.4,12.6
129.0,12.3
129.0,12.5
128.7,12.3
128.7,12.2
128.4,12.4
128.4,12.5
128.3,12.5
127.9,12.4
127.9,12.4
127.5,12.5
127.4,12.5
127.0,12.5
126.8,12.7
126.7,12.4
126.6,12.4
126.4,12.3
126.4,12.5
126.2,12.6
125.7,12.5
125.5,12.6
125.4,12.7
124.9,12.6
124.8,12.3
124.8,12.7
124.5,12.4
124.2,12.4
123.9,12.5
123.8,12.5
123.4,12.5
122.9,12.2
122.9,12.4
122.9,12.3
122.5,12.6
122.2,12.6
122.2,12.6
121.9,12.6
121.4,12.6
121.0,12.2
121.0,12.6
121.0,12.3
120.7,12.3
120.5,12.7
120.2,12.4
119.9,12.4
119.9,12.5
119.9,12.6
119.4,12.6
119.0,12.5
118.8,12.6
118.7,12.5
118.4,12.6
118.3,12.4
118.2,12.3
118.1,12.4
118.1,12.3
117.8,12.4
117.5,12.6
117.5,12.5
117.0,12.5
116.7,12.4
116.4,12.3
116.4,12.2
116.1,12.2
115.7,12.6
115.2,12.4
114.8,12.3
114.4,12.4
114.0,12.5
113.9,12.5
113.7,12.6
113.6,12.3
113.2,12.3
112.8,12.6
112.5,12.5
112.2,12.2
112.2,12.3
112.1,12.4
111.7,12.6
111.4,12.3
111.3,12.2
111.2,12.4
111.0,12.5
110.8,12.5
110.5,12.7
110.3,12.2
110.0,12.5
110.0,12.4
109.7,12.4
109.6,12.2
109.6,12.5
109.1,12.7
108.8,12.6
108.4,12.6
108.1,12.4
107.8,12.5
107.5,12.4
107.2,12.4
107.2,12.2
107.2,12.6
107.0,12.2
106.5,12.5
106.5,12.5
106.4,12.5
106.3,12.2
106.3,12.3
106.2,12.5
106.2,12.6
106.1,12.5
106.0,12.5
105.8,12.5
105.7,12.4
105.3,12.3
104.8,12.4
104.4,12.2
104.1,12.6
103.8,12.5
103.5,12.3
103.5,12.5
103.5,12.2
103.0,12.7
102.8,12.4
102.5,12.6
102.1,12.2
102.1,12.7
102.0,12.4
102.0,12.3
101.7,12.3
101.5,12.3
101.5,12.5
101.1,12.3
100.7,12.2
100.7,12.4
100.3,12.6
100.3,12.5
100.3,12.4
100.2,12.4
100.2,12.5
100.1,12.4
99.8,12.6
99.8,12.4
99.6,12.3
99.3,12.3
99.2,12.4
98.9,12.4
98.8,12.7
98.8,12.2
98.6,12.6
98.5,12.4
98.4,12.3
98.4,12.5
98.4,12.7
98.3,12.2
97.8,12.4
97.4,12.5
97.4,12.2
97.4,12.7
97.1,12.3
96.7,12.5
96.7,12.6
96.4,12.5
96.1,12.5
96.0,12.6
95.8,12.5
95.7,12.3
95.6,12.4
95.3,12.5
95.0,12.6
94.6,12.6
94.6,12.7
94.5,12.5
94.1,12.3
94.0,12.2
93.9,12.3
93.6,12.4
93.5,12.6
93.5,12.3
93.0,12.5
93.0,12.7
92.7,12.6
92.4,12.4
92.1,12.3
91.6,12.6
91.3,12.6
91.3,12.2
90.8,12.4
90.5,12.3
90.4,12.4
90.0,12.7
89.5,12.3
89.4,12.5
89.4,12.3
89.3,12.3
88.9,12.4
88.8,12.5
88.4,12.3
88.4,12.5
88.4,12.4
88.0,12.3
88.0,12.3
87.9,12.6
87.9,12.5
87.8,12.2
87.4,12.6
87.1,12.6
87.1,12.3
87.0,12.6
86.7,12.4
86.7,12.2
86.6,12.6
86.6,12.6
86.6,12.4
86.5,12.4
86.1,12.3
85.7,12.3
85.4,12.4
85.3,12.5
85.3,12.3
84.8,12.6
84.7,12.7
84.7,12.2
84.6,12.3
84.6,12.5
84.6,12.2
84.1,12.7
84.0,12.5
83.9,12.6
83.9,12.4
83.4,12.2
83.2,12.7
83.1,12.3
83.1,12.4
82.7,12.3
82.3,12.4
81.8,12.5
81.4,12.2
81.3,12.5
81.3,12.5
81.2,12.4
80.9,12.4
80.6,12.2
80.6,12.5
80.5,12.5
80.1,12.6
79.6,12.7
79.1,12.6
79.1,12.5
78.7,12.3
78.7,12.6
78.6,12.4
78.6,12.3
78.6,12.4
78.3,12.6
77.9,12.3
77.8,12.3
77.6,12.6
77.5,12.5
77.0,12.5
77.0,12.5
76.9,12.5
76.5,12.3
76.4,12.3
76.1,12.7
75.6,12.4
75.3,12.3
75.3,12.5
75.2,12.3
75.2,12.5
75.2,12.4
75.1,12.4
75.0,12.6
74.8,12.7
74.6,12.5
74.3,12.6
73.9,12.4
73.9,12.5
73.8,12.6
73.7,12.3
73.6,12.2
73.6,12.3
73.5,12.4
73.4,12.3
73.0,12.2
73.0,12.3
72.7,12.5
72.7,12.4
72.3,12.4
71.9,12.3
71.7,12.3
71.4,12.3
71.3,12.2
70.8,12.3
70.7,12.3
70.4,12.5
70.0,12.4
69.6,12.4
69.2,12.7
69.0,12.5
68.6,12.4
68.6,12.4
68.5,12.6
68.5,12.4
68.1,12.6
67.7,12.4
67.7,12.4
67.6,12.7
67.5,12.3
67.3,12.6
67.0,12.3
66.6,12.5
66.3,12.4
65.8,12.6
65.7,12.2
65.7,12.5
65.4,12.2
65.2,12.4
65.1,12.7
64.7,12.3
64.4,12.7
63.9,12.6
63.5,12.6
63.1,12.5
63.1,12.6
63.0,12.3
62.8,12.4
62.7,12.5
62.7,12.3
62.6,12.6
62.5,12.6
62.0,12.4
61.6,12.6
61.5,12.4
61.2,12.3
60.8,12.3
60.7,12.3
60.6,12.4
60.4,12.7
60.4,12.3
60.3,12.4
60.3,12.2
60.2,12.6
59.8,12.5
59.6,12.5
59.6,12.6
59.3,12.7
59.2,12.6
59.2,12.3
59.2,12.3
59.1,12.5
59.0,12.7
59.0,12.2
58.6,12.7
58.3,12.3
57.9,12.5
57.9,12.5
57.6,12.6
57.5,12.4
57.4,12.2
57.0,12.3
56.5,12.4
56.1,12.5
56.0,12.7
56.0,12.5
55.9,12.3
55.9,12.5
55.9,12.6
55.8,12.3
55.4,12.3
55.3,12.7
55.3,12.6
54.8,12.6
54.5,12.3
54.4,12.3
54.1,12.5
54.1,12.3
53.8,12.4
53.7,12.5
53.7,12.6
53.4,12.2
53.1,12.7
53.1,12.4
52.8,12.4
52.7,12.3
52.3,12.6
51.9,12.3
51.5,12.3
51.5,12.4
51.5,12.3
51.4,12.7
51.3,12.4
50.9,12.5
50.4,12.5
50.0,12.3
49.5,12.6
49.1,12.4
49.0,12.5
48.9,12.3
48.7,12.3
48.6,12.5
48.4,12.4
48.3,12.6
48.0,12.3
47.9,12.4
47.6,12.3
47.3,12.4
47.3,12.6
47.0,12.4
46.9,12.4
46.5,12.7
46.1,12.5
46.0,12.3
45.6,12.3
45.4,12.5
44.9,12.3
44.8,12.6
44.4,12.3
44.1,12.3
44.0,12.4
43.7,12.4
43.7,12.3
43.7,12.4
43.6,12.6
43.5,12.5
43.4,12.7
43.1,12.6
42.6,12.4
42.4,12.4
42.0,12.7
41.6,12.2
41.5,12.5
41.5,12.4
41.2,12.5
40.9,12.6
40.5,12.5
40.2,12.3
39.9,12.7
39.7,12.3
39.3,12.2
39.3,12.3
38.9,12.3
38.4,12.6
38.4,12.4
38.1,12.7
38.1,12.5
37.6,12.4
37.4,12.4
37.4,12.4
37.0,12.3
36.9,12.2
36.9,12.4
36.6,12.6
36.3,12.2
36.2,12.6
36.2,12.5
36.1,12.3
35.9,12.4
35.8,12.4
35.7,12.6
35.7,12.6
35.2,12.6
35.1,12.5
34.9,12.5
34.6,12.4
34.6,12.7
34.6,12.5
34.5,12.2
34.3,12.2
34.1,12.2
33.6,12.6
33.5,12.4
33.5,12.5
33.4,12.5
33.1,12.3
33.0,12.5
32.9,12.6
32.9,12.2
32.8,12.7
32.4,12.3
31.9,12.6
31.7,12.3
31.2,12.6
30.9,12.5
30.9,12.2
30.9,12.2
30.6,12.3
30.5,12.4
30.2,12.7
29.8,12.2
29.3,12.5
29.3,12.3
29.1,12.4
28.7,12.3
28.4,12.7
28.3,12.2
27.9,12.4
27.5,12.3
27.5,12.7
27.4,12.6
27.1,12.5
26.8,12.6
26.8,12.3
26.8,12.5
26.4,12.2
26.1,12.3
25.6,12.4
25.6,12.3
25.5,12.7
25.3,12.2
25.0,12.5
24.7,12.4
24.6,12.2
24.2,12.5
23.8,12.5
23.5,12.7
23.2,12.3
22.9,12.2
22.9,12.6
22.9,12.3
22.6,12.5
22.6,12.4
22.6,12.4
22.3,12.5
22.0,12.6
21.8,12.3
21.7,12.5
21.6,12.4
21.3,12.5
20.9,12.6
20.8,12.4
20.5,12.7
20.0,12.6
20.0,12.4
19.6,12.3
19.5,12.4
19.3,12.6
19.3,12.2
19.0,12.6
18.9,12.3
18.7,12.6
18.6,12.4
18.3,12.3
18.1,12.4
18.0,12.5
17.8,12.7
17.4,12.2
17.1,12.3
16.8,12.7
16.8,12.3
16.7,12.5
16.3,12.6
16.2,12.3
16.1,12.3
16.1,12.3
15.7,12.7
15.3,12.3
15.0,12.3
14.9,12.6
14.9,12.4
14.5,12.6
14.5,12.3
14.3,12.5
13.9,12.6
13.5,12.6
13.5,12.4
13.5,12.7
13.1,12.4
13.1,12.4
12.7,12.6
12.3,12.4
12.0,12.4
11.7,12.6
11.6,12.5
11.3,12.6
11.1,12.7
11.0,12.5
10.8,12.2
10.5,12.7
10.5,12.3
10.4,12.4
10.4,12.5
9.9,12.3
9.5,12.5
9.5,12.6
9.4,12.6
9.1,12.2
8.8,12.4
8.7,12.5
8.6,12.6
8.6,12.7
8.2,12.6
7.8,12.2
7.8,12.5
7.5,12.7
7.5,12.5
7.4,12.6
7.3,12.6
7.3,12.3
7.0,12.3
6.7,12.6
6.6,12.6
6.3,12.6
6.3,12.4
6.3,12.4
6.2,12.5
6.2,12.3
6.1,12.5
6.0,12.3
5.8,12.6
5.5,12.7
5.3,12.2
5.0,12.5
4.5,12.2
4.5,12.5
4.3,12.3
4.2,12.6
4.1,12.5
3.8,12.6
3.3,12.6
2.9,12.5
2.5,12.5
2.5,12.3
2.4,12.6
2.3,12.4
2.3,12.6
1.9,12.4
1.8,12.5
1.6,12.3
1.5,12.4
1.0,12.5
1.0,12.4
0.6,12.3
0.2,12.6
0.1,12.3
240.4,12.6
241.4,12.2
241.4,12.3
241.4,12.4
241.3,12.7
240.8,12.5
240.4,12.6
240.1,12.4
239.9,12.3
239.4,12.5
239.3,12.5
239.3,12.5
238.9,12.5
238.9,12.5
238.5,12.6
238.4,12.5
238.1,12.4
238.0,12.5
237.6,12.5
237.6,12.6
237.5,12.2
237.1,12.6
237.0,12.4
236.7,12.4
236.6,12.3
236.5,12.2
236.2,12.4
236.1,12.6
236.0,12.3
236.0,12.2
235.9,12.3
235.6,12.6
235.5,12.3
235.4,12.7
235.1,12.2
235.1,12.3
235.1,12.6
235.0,12.2
235.0,12.4
234.7,12.3
234.2,12.5
234.2,12.3
234.2,12.2
233.8,12.5
233.5,12.2
233.4,12.6
233.0,12.5
232.6,12.2
232.5,12.6
232.1,12.7
232.0,12.3
231.7,12.2
231.7,12.6
231.3,12.5
231.0,12.4
230.7,12.5
230.7,12.5
230.6,12.3
230.1,12.7
229.8,12.4
229.5,12.6
229.2,12.5
228.9,12.3
228.6,12.5
228.2,12.5
227.8,12.3
227.5,12.3
227.1,12.7
226.9,12.3
226.9,12.2
226.6,12.3
226.5,12.3
226.5,12.5
226.4,12.3
225.9,12.4
225.6,12.7
225.6,12.4
225.5,12.4
225.0,12.6
224.6,12.4
224.3,12.3
224.2,12.5
223.8,12.2
223.4,12.4
223.4,12.5
223.2,12.3
222.8,12.6
222.5,12.7
222.5,12.3
222.3,12.6
222.2,12.5
222.2,12.3
221.7,12.3
221.5,12.6
221.2,12.3
221.0,12.5
220.5,12.5
220.2,12.4
219.8,12.5
219.8,12.4
219.7,12.2
219.6,12.5
219.6,12.2
219.1,12.6
219.1,12.4
219.1,12.6
219.0,12.7
218.5,12.4
218.2,12.5
217.9,12.5
217.6,12.3
217.5,12.4
217.2,12.6
216.7,12.3
216.7,12.3
216.6,12.6
216.6,12.5
216.1,12.4
215.9,12.6
215.8,12.3
215.4,12.2
215.3,12.4
215.3,12.7
215.2,12.4
214.9,12.7
214.6,12.4
214.6,12.4
214.5,12.4
214.2,12.4
214.1,12.7
214.1,12.4
213.8,12.3
213.4,12.3
212.9,12.4
212.9,12.4
212.9,12.4
212.8,12.4
212.4,12.3
212.3,12.3
212.2,12.3
212.1,12.2
211.9,12.4
211.5,12.4
211.4,12.5
211.3,12.5
211.2,12.5
211.1,12.5
210.7,12.7
210.3,12.4
210.1,12.3
210.1,12.7
210.0,12.4
210.0,12.2
209.9,12.2
209.6,12.3
209.6,12.4
209.1,12.5
208.8,12.5
208.6,12.2
208.4,12.4
208.1,12.4
207.9,12.7
207.7,12.4
207.2,12.7
207.1,12.4
206.7,12.3
206.4,12.6
206.1,12.4
206.1,12.3
205.6,12.3
205.3,12.3
204.8,12.6
204.8,12.5
204.5,12.2
204.5,12.6
204.1,12.6
203.7,12.7
203.2,12.2
203.2,12.4
203.1,12.6
203.0,12.6
202.7,12.6
202.4,12.3
202.1,12.2
202.1,12.3
202.0,12.3
201.5,12.5
201.5,12.7
201.2,12.2
201.1,12.4
200.7,12.4
200.4,12.7
200.0,12.5
199.6,12.3
199.1,12.5
198.7,12.2
198.4,12.5
198.2,12.6
198.1,12.6
197.8,12.5
197.7,12.3
197.7,12.5
197.3,12.4
197.2,12.6
197.2,12.3
197.0,12.6
196.6,12.5
196.2,12.6
196.2,12.6
196.1,12.7
195.6,12.2
195.1,12.6
194.7,12.3
194.2,12.6
194.2,12.3
193.7,12.4
193.3,12.2
193.2,12.4
192.8,12.4
192.7,12.3
192.3,12.3
192.2,12.5
192.1,12.3
191.8,12.5
191.4,12.4
191.4,12.4
191.3,12.6
191.1,12.3
191.0,12.2
190.6,12.2
190.5,12.7
190.5,12.5
190.4,12.5
190.4,12.5
190.4,12.3
190.0,12.2
189.8,12.4
189.7,12.5
189.5,12.7
189.2,12.5
189.1,12.5
188.7,12.4
188.5,12.3
188.1,12.4
188.1,12.4
188.1,12.3
188.0,12.5
187.7,12.5
187.7,12.4
187.4,12.6
186.9,12.4
186.5,12.3
186.4,12.3
186.4,12.5
186.3,12.6
186.3,12.4
186.2,12.7
186.2,12.4
186.2,12.6
186.1,12.6
185.9,12.3
185.5,12.2
185.4,12.3
185.3,12.4
185.3,12.2
184.8,12.5
184.4,12.4
184.4,12.6
183.9,12.5
183.8,12.3
183.4,12.3
183.1,12.5
183.0,12.7
183.0,12.4
182.9,12.5
182.4,12.4
182.3,12.3
182.0,12.7
182.0,12.3
181.5,12.6
181.5,12.3
181.4,12.5
181.0,12.6
180.9,12.4
180.9,12.5
180.7,12.6
180.6,12.7
180.3,12.5
180.3,12.4
180.0,12.6
180.0,12.5
179.9,12.6
179.6,12.7
179.3,12.5
179.3,12.7
179.2,12.4
178.8,12.3
178.4,12.2
178.0,12.7
177.6,12.3
177.5,12.4
177.5,12.7
177.3,12.3
176.9,12.5
176.6,12.6
176.3,12.2
176.0,12.4
175.6,12.2
175.5,12.7
175.5,12.5
175.3,12.3
175.0,12.3
174.7,12.4
174.7,12.5
174.6,12.5
174.6,12.3
174.5,12.5
174.3,12.5
173.8,12.6
173.7,12.6
173.5,12.5
173.4,12.5
173.3,12.3
173.0,12.5
172.9,12.4
172.8,12.4
172.8,12.4
172.5,12.6
172.0,12.5
172.0,12.6
171.5,12.7
171.0,12.3
171.0,12.5
170.5,12.7
170.5,12.5
170.2,12.6
170.1,12.7
170.0,12.3
169.6,12.7
169.5,12.7
169.3,12.5
169.0,12.5
169.0,12.5
168.7,12.6
168.6,12.6
168.6,12.3
168.5,12.6
168.5,12.5
168.1,12.2
168.0,12.2
167.9,12.6
167.8,12.3
167.7,12.3
167.5,12.6
167.4,12.4
167.3,12.5
166.9,12.5
166.9,12.3
166.9,12.6
166.8,12.7
166.6,12.5
166.6,12.2
166.4,12.3
166.3,12.4
166.2,12.3
166.0,12.3
165.6,12.3
165.5,12.7
165.2,12.7
165.1,12.6
165.0,12.6
164.8,12.6
164.3,12.3
164.0,12.5
163.9,12.4
163.9,12.4
163.6,12.6
163.5,12.5
163.5,12.3
163.4,12.3
162.9,12.6
162.5,12.3
162.2,12.6
162.1,12.4
161.9,12.3
161.4,12.6
161.4,12.7
161.2,12.4
161.1,12.6
160.7,12.6
160.3,12.5
159.9,12.3
159.9,12.6
159.9,12.7
159.4,12.4
159.3,12.3
159.2,12.3
159.2,12.5
159.2,12.4
159.1,12.2
159.1,12.6
158.8,12.6
158.8,12.2
158.3,12.3
158.0,12.4
157.5,12.6
157.2,12.7
156.7,12.7
156.3,12.6
156.3,12.3
156.0,12.5
155.7,12.5
155.5,12.4
155.2,12.2
155.1,12.7
154.6,12.3
154.4,12.4
154.4,12.4
154.3,12.7
154.0,12.3
153.7,12.7
153.7,12.4
153.2,12.6
153.2,12.4
153.2,12.5
153.0,12.7
152.9,12.4
152.8,12.3
152.7,12.4
152.5,12.5
152.4,12.2
152.0,12.4
151.5,12.4
151.4,12.6
151.3,12.2
150.9,12.5
150.6,12.5
150.2,12.4
149.9,12.4
149.5,12.4
149.4,12.2
149.1,12.5
149.1,12.7
149.0,12.6
149.0,12.6
148.7,12.4
148.3,12.7
148.2,12.6
148.0,12.6
147.7,12.5
147.2,12.2
147.0,12.5
146.6,12.5
146.6,12.4
146.6,12.5
146.3,12.6
145.9,12.3
145.6,12.2
145.2,12.2
145.2,12.3
145.1,12.2
144.6,12.5
144.3,12.4
144.2,12.2
144.2,12.7
144.2,12.2
144.1,12.4
144.0,12.3
143.9,12.5
143.8,12.7
143.8,12.6
143.8,12.4
143.5,12.4
143.4,12.5
143.1,12.5
142.7,12.3
142.4,12.7
142.3,12.3
142.2,12.6
141.8,12.5
141.8,12.6
141.7,12.3
141.7,12.2
141.6,12.6
141.5,12.5
141.1,12.6
141.0,12.5
141.0,12.3
140.9,12.5
140.9,12.6
140.8,12.4
140.8,12.7
140.5,12.4
140.5,12.7
140.1,12.2
139.8,12.3
139.6,12.3
139.5,12.2
139.3,12.3
139.2,12.3
138.7,12.4
138.5,12.4
138.4,12.4
138.1,12.2
137.7,12.6
137.2,12.7
137.0,12.6
136.6,12.6
136.4,12.5
136.4,12.4
136.2,12.4
135.9,12.4
135.8,12.6
135.4,12.3
135.1,12.7
135.1,12.5
135.0,12.5
134.9,12.3
134.9,12.6
134.6,12.4
134.6,12.5
134.5,12.3
134.1,12.6
133.7,12.7
133.4,12.2
133.3,12.4
132.9,12.5
132.4,12.7
131.9,12.6
131.9,12.5
131.9,12.3
131.8,12.2
131.7,12.7
131.7,12.7
131.6,12.2
131.1,12.3
130.9,12.3
130.6,12.2
130.3,12.4
129.9,12.4
129.6,12.4
129.5,12.3
129.1,12.6
128.9,12.3
128.9,12.5
128.4,12.5
128.4,12.3
128.3,12.5
128.3,12.4
128.3,12.4
127.9,12.4
127.7,12.2
127.3,12.4
127.0,12.6
127.0,12.5
126.8,12.6
126.4,12.6
126.1,12.5
125.9,12.5
125.9,12.3
125.5,12.6
125.4,12.5
125.4,12.6
125.3,12.6
125.2,12.3
124.9,12.7
124.8,12.6
124.7,12.5
124.7,12.4
124.6,12.3
124.5,12.4
124.1,12.5
123.7,12.4
123.6,12.6
123.6,12.5
123.2,12.6
123.1,12.4
123.0,12.7
122.9,12.7
122.9,12.3
122.7,12.2
122.3,12.4
122.0,12.3
121.6,12.7
121.3,12.4
120.8,12.3
120.8,12.5
120.5,12.3
120.1,12.2
119.7,12.3
119.6,12.2
119.5,12.2
119.2,12.4
118.7,12.7
118.6,12.7
118.6,12.4
118.5,12.2
118.5,12.6
118.4,12.4
118.3,12.2
117.9,12.6
117.4,12.6
117.3,12.3
117.2,12.4
117.1,12.3
116.8,12.6
116.6,12.4
116.2,12.6
116.1,12.5
115.7,12.4
115.6,12.5
115.1,12.5
115.1,12.5
114.7,12.6
114.7,12.3
114.2,12.3
114.2,12.7
114.0,12.6
113.6,12.3
113.4,12.6
113.3,12.5
113.3,12.6
113.3,12.2
113.3,12.4
112.9,12.7
112.5,12.6
112.5,12.5
112.4,12.5
112.0,12.5
111.8,12.4
111.5,12.4
111.2,12.4
111.1,12.4
110.7,12.3
110.7,12.4
110.7,12.3
110.2,12.3
109.7,12.5
109.3,12.6
109.0,12.3
108.6,12.3
108.3,12.6
107.9,12.5
107.5,12.7
107.4,12.5
107.0,12.5
106.6,12.4
106.4,12.6
105.9,12.5
105.8,12.2
105.8,12.2
105.7,12.5
105.7,12.3
105.4,12.3
105.4,12.5
105.1,12.4
105.1,12.3
104.7,12.4
104.3,12.2
104.0,12.3
104.0,12.5
103.6,12.6
103.5,12.3
103.4,12.7
103.0,12.6
103.0,12.4
102.6,12.5
102.5,12.7
102.0,12.3
101.5,12.3
101.5,12.4
101.3,12.2
100.9,12.4
100.5,12.4
100.2,12.7
99.7,12.2
99.7,12.6
99.3,12.6
98.9,12.7
98.8,12.5
98.7,12.7
98.7,12.3
98.4,12.4
98.2,12.7
98.1,12.5
97.8,12.3
97.8,12.4
97.7,12.2
97.3,12.4
97.2,12.5
97.2,12.5
96.9,12.7
96.8,12.4
96.8,12.6
96.4,12.4
96.0,12.2
95.6,12.5
95.6,12.4
95.6,12.4
95.6,12.4
95.5,12.6
95.0,12.5
94.6,12.4
94.5,12.7
94.2,12.3
94.2,12.4
94.1,12.3
94.1,12.4
94.0,12.5
93.6,12.6
93.3,12.5
92.8,12.3
92.5,12.4
92.2,12.5
91.8,12.3
91.8,12.5
91.4,12.5
91.3,12.4
91.1,12.5
91.0,12.3
90.6,12.2
90.3,12.5
90.3,12.4
90.0,12.5
89.7,12.4
89.6,12.5
89.2,12.3
89.0,12.3
88.6,12.3
88.3,12.4
87.9,12.3
87.8,12.5
87.7,12.6
87.7,12.5
87.5,12.3
87.0,12.4
87.0,12.5
86.7,12.6
86.6,12.4
86.3,12.4
85.9,12.2
85.4,12.7
85.4,12.3
85.0,12.6
84.6,12.5
84.2,12.5
84.2,12.4
83.7,12.6
83.6,12.6
83.6,12.5
83.4,12.5
83.0,12.3
82.9,12.2
82.8,12.5
82.5,12.6
82.0,12.6
81.6,12.4
81.3,12.7
81.3,12.6
80.9,12.6
80.6,12.4
80.1,12.5
79.7,12.6
79.7,12.5
79.4,12.3
79.3,12.4
79.1,12.5
78.7,12.4
78.5,12.2
78.2,12.3
78.2,12.5
78.2,12.6
77.8,12.5
77.8,12.2
77.7,12.6
77.4,12.4
77.3,12.5
77.3,12.7
76.9,12.4
76.4,12.4
76.1,12.2
76.1,12.2
76.1,12.5
76.0,12.5
75.6,12.3
75.3,12.5
75.0,12.3
74.9,12.5
74.9,12.4
74.6,12.5
74.5,12.7
74.1,12.7
73.8,12.6
73.4,12.3
73.3,12.7
73.3,12.2
73.2,12.5
73.2,12.4
72.9,12.3
72.5,12.5
72.1,12.6
72.0,12.4
72.0,12.2
72.0,12.3
71.8,12.4
71.7,12.3
71.3,12.3
71.3,12.7
71.0,12.6
70.5,12.3
70.1,12.4
70.1,12.4
69.6,12.2
69.6,12.4
69.4,12.6
69.0,12.4
68.6,12.7
68.1,12.6
67.8,12.7
67.3,12.5
67.3,12.4
67.2,12.3
67.1,12.3
67.0,12.3
66.7,12.6
66.7,12.3
66.6,12.5
66.6,12.3
66.5,12.7
66.4,12.5
66.2,12.3
66.1,12.5
66.1,12.2
65.7,12.3
65.7,12.4
65.5,12.2
65.0,12.3
64.5,12.3
64.0,12.5
63.8,12.5
63.6,12.7
63.5,12.4
63.5,12.5
63.5,12.4
63.5,12.5
63.4,12.7
63.0,12.4
63.0,12.6
62.6,12.5
62.5,12.4
62.5,12.4
62.4,12.6
62.4,12.6
62.1,12.2
61.7,12.4
61.5,12.5
61.1,12.2
60.8,12.4
60.4,12.3
60.3,12.4
60.3,12.4
60.0,12.7
59.9,12.4
59.6,12.3
59.5,12.5
59.2,12.5
59.1,12.7
58.6,12.3
58.2,12.7
58.2,12.4
57.9,12.4
57.9,12.3
57.8,12.6
57.4,12.4
57.4,12.5
56.9,12.3
56.8,12.7
56.7,12.6
56.3,12.3
55.8,12.5
55.8,12.4
55.5,12.6
55.5,12.3
55.1,12.2
55.0,12.3
54.7,12.3
54.6,12.6
54.2,12.7
54.2,12.6
54.2,12.4
54.2,12.5
53.7,12.6
53.3,12.2
52.9,12.3
52.6,12.4
52.5,12.3
52.3,12.4
52.2,12.4
52.2,12.3
52.2,12.7
51.8,12.4
51.7,12.3
51.3,12.5
51.0,12.4
51.0,12.6
50.9,12.5
50.7,12.4
50.5,12.2
50.2,12.5
50.2,12.4
49.7,12.6
49.5,12.7
49.1,12.6
49.1,12.5
48.7,12.3
48.3,12.3
48.1,12.3
47.8,12.2
47.8,12.6
47.8,12.6
47.4,12.5
47.4,12.4
47.0,12.4
47.0,12.2
47.0,12.7
46.7,12.6
46.6,12.4
46.5,12.4
46.4,12.3
46.3,12.5
46.2,12.2
45.8,12.3
45.7,12.6
45.5,12.4
45.0,12.6
44.8,12.6
44.7,12.5
44.3,12.7
43.8,12.4
43.8,12.6
43.7,12.6
43.7,12.5
43.6,12.5
43.4,12.3
43.3,12.2
42.9,12.2
42.6,12.4
42.6,12.3
42.2,12.5
41.7,12.3
41.3,12.4
41.2,12.3
41.1,12.6
41.1,12.7
41.1,12.6
41.0,12.6
41.0,12.5
40.7,12.6
40.4,12.5
39.9,12.4
39.5,12.5
39.2,12.7
38.8,12.4
38.6,12.2
38.5,12.3
38.2,12.6
38.1,12.2
38.1,12.3
37.7,12.4
37.2,12.4
36.8,12.3
36.7,12.3
36.6,12.5
36.2,12.5
36.1,12.3
35.8,12.3
35.3,12.7
35.3,12.6
34.9,12.2
34.7,12.3
34.7,12.2
34.3,12.5
33.9,12.5
33.9,12.6
33.8,12.3
33.4,12.4
33.3,12.6
33.2,12.4
33.0,12.4
32.8,12.5
32.7,12.4
32.7,12.5
32.7,12.4
32.6,12.7
32.3,12.7
32.2,12.5
32.2,12.4
31.8,12.4
31.8,12.2
31.3,12.7
31.0,12.6
31.0,12.5
30.6,12.5
30.4,12.4
30.1,12.3
29.7,12.2
29.7,12.2
29.6,12.7
29.2,12.4
29.1,12.4
29.1,12.6
28.7,12.4
28.6,12.3
28.4,12.6
28.3,12.3
27.9,12.5
27.9,12.6
27.8,12.2
27.8,12.3
27.3,12.2
27.0,12.7
26.9,12.6
26.8,12.2
26.4,12.3
26.3,12.6
26.3,12.7
26.0,12.7
25.7,12.5
25.2,12.6
24.9,12.6
24.9,12.5
24.8,12.6
24.8,12.4
24.4,12.4
24.3,12.5
24.3,12.5
23.9,12.5
23.8,12.4
23.8,12.4
23.7,12.5
23.4,12.6
23.3,12.6
23.1,12.5
22.6,12.6
22.6,12.4
22.6,12.6
22.6,12.5
22.5,12.5
22.5,12.3
22.5,12.5
22.5,12.5
22.1,12.4
21.7,12.3
21.7,12.3
21.7,12.6
21.6,12.2
21.6,12.3
21.4,12.6
21.4,12.2
21.3,12.6
21.2,12.3
20.8,12.4
20.7,12.4
20.4,12.6
20.3,12.5
20.2,12.5
20.2,12.5
20.1,12.5
19.7,12.5
19.2,12.3
19.2,12.5
19.1,12.3
18.7,12.6
18.6,12.4
18.6,12.2
18.5,12.7
18.5,12.4
18.4,12.2
18.4,12.2
17.9,12.4
17.8,12.3
17.7,12.4
17.5,12.4
17.4,12.6
17.4,12.5
17.3,12.4
17.2,12.6
17.2,12.3
17.2,12.2
16.8,12.7
16.7,12.6
16.7,12.5
16.6,12.4
16.4,12.2
16.4,12.4
16.4,12.3
16.1,12.3
16.1,12.5
15.7,12.7
15.7,12.5
15.7,12.6
15.6,12.2
15.4,12.2
15.0,12.7
14.7,12.3
14.2,12.4
13.9,12.3
13.9,12.3
13.6,12.4
13.5,12.2
13.4,12.6
13.4,12.4
13.1,12.7
13.0,12.5
12.8,12.3
12.8,12.6
12.7,12.3
12.4,12.2
11.9,12.6
11.9,12.2
11.8,12.5
11.4,12.7
11.0,12.3
10.5,12.3
10.2,12.3
10.1,12.5
9.8,12.5
9.5,12.5
9.2,12.4
9.1,12.3
9.0,12.5
8.9,12.4
8.6,12.3
8.5,12.2
8.5,12.2
8.5,12.5
8.4,12.4
8.2,12.5
7.8,12.3
7.7,12.6
7.5,12.7
7.4,12.6
7.4,12.4
7.1,12.3
6.7,12.5
6.7,12.7
6.7,12.4
6.3,12.6
6.2,12.3
6.0,12.5
5.9,12.2
5.9,12.4
5.8,12.3
5.4,12.5
5.3,12.5
5.3,12.5
4.8,12.7
4.4,12.6
4.0,12.3
4.0,12.3
3.8,12.4
3.7,12.4
3.7,12.4
3.4,12.3
2.9,12.5
2.6,12.4
2.2,12.3
1.7,12.4
1.6,12.3
1.4,12.2
1.0,12.4
0.9,12.2
0.5,12.4
0.2,12.4
245.7,12.5
233.7,12.4
233.7,12.3
233.4,12.2
233.3,12.6
233.2,12.3
232.9,12.2
232.5,12.3
232.5,12.3
232.4,12.3
232.4,12.7
232.3,12.4
231.8,12.5
231.7,12.6
231.5,12.4
231.2,12.4
231.1,12.2
231.1,12.6
231.1,12.6
231.1,12.6
230.8,12.4
230.7,12.3
230.7,12.3
230.3,12.5
229.8,12.3
229.6,12.3
229.6,12.5
229.2,12.3
228.7,12.4
228.3,12.3
228.0,12.6
227.7,12.3
227.6,12.3
227.6,12.4
227.5,12.6
227.3,12.7
226.9,12.7
226.5,12.5
226.5,12.4
226.1,12.7
226.1,12.6
226.0,12.5
225.6,12.3
225.5,12.4
225.1,12.5
224.7,12.5
224.7,12.5
224.5,12.5
224.4,12.3
224.3,12.6
224.3,12.2
224.3,12.5
224.3,12.4
223.8,12.3
223.5,12.4
223.4,12.2
223.2,12.7
222.9,12.7
222.5,12.4
222.2,12.7
221.7,12.5
221.7,12.7
221.6,12.3
221.4,12.6
221.3,12.5
221.2,12.4
221.2,12.4
221.1,12.3
220.7,12.3
220.6,12.6
220.2,12.7
219.8,12.2
219.8,12.5
219.3,12.4
219.3,12.5
219.3,12.4
219.0,12.2
218.8,12.4
218.4,12.2
218.3,12.5
217.8,12.5
217.8,12.6
217.5,12.3
217.4,12.5
216.9,12.6
216.8,12.5
216.4,12.5
216.0,12.7
215.9,12.6
215.7,12.4
215.3,12.5
215.2,12.5
214.7,12.2
214.4,12.5
214.1,12.3
214.1,12.4
213.8,12.4
213.6,12.5
213.3,12.5
213.3,12.4
212.9,12.7
212.9,12.2
212.8,12.6
212.4,12.4
212.0,12.3
212.0,12.3
211.7,12.4
211.7,12.4
211.2,12.5
210.9,12.5
210.5,12.2
210.2,12.3
209.9,12.6
209.8,12.6
209.7,12.4
209.7,12.5
209.6,12.6
209.2,12.4
209.2,12.4
208.8,12.4
208.5,12.2
208.5,12.4
208.4,12.6
208.0,12.7
207.7,12.5
207.6,12.6
207.3,12.3
207.0,12.2
206.7,12.3
206.3,12.6
205.8,12.5
205.5,12.4
205.0,12.7
204.6,12.4
204.1,12.5
203.8,12.2
203.6,12.2
203.5,12.7
203.4,12.6
203.4,12.3
203.0,12.6
203.0,12.3
203.0,12.4
202.5,12.3
202.1,12.4
201.7,12.4
201.3,12.4
201.3,12.5
200.9,12.4
200.6,12.7
200.1,12.6
200.0,12.4
199.7,12.3
199.6,12.7
199.2,12.6
199.1,12.2
199.1,12.5
199.1,12.7
199.0,12.4
198.9,12.2
198.6,12.3
198.5,12.5
198.4,12.6
198.4,12.3
198.3,12.4
198.0,12.3
197.6,12.2
197.2,12.6
196.8,12.4
196.7,12.4
196.5,12.7
196.4,12.5
196.4,12.3
196.4,12.3
196.0,12.6
195.7,12.5
195.4,12.6
195.3,12.4
195.0,12.5
194.9,12.5
194.9,12.4
194.6,12.3
194.6,12.5
194.6,12.6
194.5,12.4
194.2,12.6
193.8,12.3
193.8,12.3
193.7,12.6
193.4,12.6
193.3,12.3
193.3,12.4
193.0,12.6
193.0,12.7
192.6,12.6
192.3,12.4
192.2,12.2
192.0,12.6
191.6,12.4
191.2,12.5
191.2,12.3
191.2,12.5
190.9,12.5
190.8,12.4
190.6,12.6
190.3,12.6
190.2,12.3
190.1,12.5
189.7,12.4
189.4,12.4
189.0,12.2
189.0,12.3
188.7,12.4
188.7,12.5
188.4,12.6
188.4,12.3
188.3,12.6
188.1,12.5
188.0,12.2
187.9,12.5
187.5,12.6
187.4,12.4
187.1,12.5
187.0,12.6
186.6,12.6
186.5,12.5
186.2,12.4
185.9,12.3
185.6,12.5
185.2,12.5
185.2,12.4
184.7,12.2
184.7,12.7
184.3,12.5
183.9,12.5
183.9,12.2
183.9,12.6
183.8,12.3
183.7,12.3
183.7,12.7
183.4,12.4
183.4,12.3
183.3,12.5
183.3,12.4
183.2,12.5
183.1,12.5
183.1,12.2
182.7,12.2
182.4,12.3
182.0,12.5
181.9,12.2
181.9,12.2
181.9,12.5
181.5,12.5
181.2,12.6
181.1,12.4
181.1,12.3
180.7,12.6
180.3,12.5
180.0,12.3
179.7,12.3
179.7,12.4
179.7,12.2
179.3,12.4
178.9,12.3
178.5,12.6
178.4,12.4
178.0,12.5
178.0,12.5
177.9,12.5
177.9,12.4
177.4,12.2
177.0,12.3
176.9,12.6
176.7,12.4
176.2,12.6
176.1,12.5
175.7,12.3
175.3,12.3
175.2,12.5
174.7,12.6
174.7,12.6
174.7,12.3
174.4,12.6
174.4,12.3
174.0,12.7
173.7,12.6
173.7,12.3
173.6,12.2
173.6,12.3
173.6,12.3
173.5,12.6
173.5,12.5
173.2,12.5
172.8,12.6
172.7,12.5
172.3,12.2
172.0,12.5
171.9,12.5
171.9,12.5
171.4,12.2
171.2,12.6
170.9,12.6
170.5,12.4
170.4,12.6
169.9,12.5
169.9,12.4
169.9,12.6
169.6,12.4
169.6,12.4
169.2,12.5
168.8,12.6
168.5,12.5
168.1,12.5
167.8,12.4
167.5,12.3
167.5,12.2
167.1,12.2
166.8,12.3
166.5,12.5
166.5,12.5
166.4,12.6
166.1,12.5
166.1,12.2
165.8,12.7
165.5,12.5
165.2,12.3
164.9,12.2
164.9,12.2
164.8,12.6
164.4,12.3
163.9,12.4
163.7,12.3
163.6,12.4
163.2,12.4
163.0,12.5
162.7,12.5
162.3,12.2
162.2,12.6
162.1,12.5
162.1,12.5
161.7,12.6
161.5,12.6
161.5,12.6
161.3,12.4
161.2,12.3
161.2,12.6
160.8,12.3
160.4,12.7
160.4,12.6
160.0,12.5
159.7,12.2
159.6,12.3
159.5,12.5
159.5,12.5
159.4,12.5
159.4,12.2
159.0,12.4
159.0,12.5
158.6,12.3
158.3,12.2
158.3,12.5
158.2,12.4
157.9,12.6
157.8,12.4
157.8,12.2
157.4,12.5
157.2,12.4
157.1,12.2
156.8,12.3
156.3,12.3
156.1,12.5
156.0,12.4
156.0,12.3
156.0,12.2
155.6,12.3
155.3,12.4
155.2,12.4
154.8,12.5
154.7,12.2
154.3,12.4
154.3,12.6
153.8,12.6
153.7,12.3
153.7,12.6
153.6,12.2
153.3,12.5
152.9,12.4
152.8,12.2
152.8,12.6
152.8,12.2
152.5,12.5
152.0,12.5
151.7,12.4
151.6,12.4
151.3,12.4
151.2,12.2
150.9,12.3
150.4,12.4
150.4,12.4
150.3,12.6
149.8,12.4
149.7,12.6
149.4,12.4
149.0,12.5
148.6,12.6
148.5,12.5
148.4,12.4
148.3,12.3
148.3,12.4
148.3,12.4
148.3,12.6
148.0,12.3
147.7,12.6
147.4,12.3
147.2,12.6
147.1,12.4
147.1,12.6
146.7,12.6
146.7,12.6
146.6,12.2
146.6,12.6
146.5,12.5
146.4,12.4
146.2,12.3
146.2,12.3
145.8,12.4
145.7,12.4
145.7,12.3
145.2,12.6
144.8,12.7
144.7,12.6
144.7,12.6
144.3,12.7
144.0,12.3
143.6,12.6
143.4,12.4
143.4,12.5
143.3,12.3
143.3,12.3
142.9,12.6
142.6,12.4
142.5,12.5
142.3,12.4
141.9,12.2
141.7,12.4
141.5,12.5
141.4,12.5
141.3,12.4
141.3,12.6
141.2,12.3
141.2,12.5
141.1,12.7
140.7,12.7
140.4,12.3
140.1,12.4
140.1,12.3
139.9,12.6
139.8,12.2
139.7,12.3
139.6,12.4
139.6,12.5
139.3,12.3
138.9,12.2
138.5,12.4
138.5,12.4
138.4,12.4
138.0,12.5
137.8,12.6
137.8,12.7
137.7,12.5
137.7,12.2
137.6,12.6
137.6,12.4
137.2,12.5
137.0,12.5
136.8,12.4
136.8,12.4
136.3,12.3
136.1,12.3
135.8,12.5
135.4,12.3
134.9,12.7
134.5,12.7
134.5,12.3
134.4,12.3
134.4,12.2
134.1,12.4
134.1,12.7
133.7,12.6
133.5,12.2
133.5,12.7
133.2,12.2
132.8,12.6
132.8,12.7
132.4,12.6
132.3,12.5
131.9,12.6
131.9,12.5
131.5,12.3
131.4,12.5
131.2,12.3
130.7,12.4
130.3,12.4
130.1,12.4
130.0,12.2
129.5,12.4
129.5,12.7
129.0,12.7
129.0,12.4
128.7,12.2
128.2,12.3
127.8,12.3
127.6,12.2
127.5,12.5
127.2,12.2
127.2,12.7
126.7,12.6
126.7,12.7
126.6,12.3
126.6,12.4
126.3,12.6
126.3,12.6
125.9,12.7
125.6,12.7
125.6,12.4
125.1,12.5
124.6,12.5
124.5,12.5
124.2,12.3
124.2,12.5
123.8,12.6
123.8,12.5
123.3,12.6
122.9,12.2
122.7,12.6
122.2,12.3
121.9,12.7
121.8,12.6
121.4,12.5
121.2,12.5
121.0,12.4
120.9,12.5
120.8,12.3
120.8,12.4
120.3,12.2
120.3,12.3
119.8,12.5
119.4,12.3
119.0,12.4
118.5,12.6
118.5,12.2
118.0,12.4
117.6,12.7
117.6,12.4
117.5,12.4
117.5,12.7
117.1,12.3
116.6,12.3
116.6,12.6
116.4,12.5
115.9,12.3
115.8,12.7
115.5,12.4
115.4,12.2
115.4,12.2
115.4,12.6
115.4,12.2
114.9,12.4
114.9,12.7
114.8,12.4
114.8,12.4
114.8,12.3
114.5,12.5
114.2,12.3
113.7,12.4
113.7,12.6
113.3,12.5
113.2,12.5
112.8,12.5
112.4,12.6
112.4,12.3
112.3,12.3
112.1,12.6
111.7,12.6
111.7,12.5
111.7,12.3
111.3,12.3
111.2,12.5
110.8,12.7
110.8,12.4
110.4,12.5
110.4,12.5
109.9,12.4
109.5,12.4
109.1,12.6
108.7,12.5
108.7,12.5
108.7,12.3
108.3,12.5
108.3,12.4
108.2,12.2
108.2,12.6
108.1,12.5
108.1,12.4
108.1,12.6
107.8,12.4
107.5,12.5
107.2,12.6
107.1,12.6
107.1,12.2
107.0,12.4
106.6,12.5
106.2,12.5
105.8,12.5
105.7,12.7
105.5,12.4
105.4,12.3
105.2,12.2
105.2,12.5
105.1,12.5
105.1,12.5
105.0,12.4
104.7,12.7
104.6,12.5
104.3,12.5
104.2,12.5
103.8,12.5
103.7,12.5
103.4,12.2
103.1,12.7
102.8,12.2
102.4,12.7
102.1,12.3
101.8,12.4
101.7,12.4
101.7,12.6
101.6,12.3
101.5,12.5
101.5,12.6
101.2,12.5
101.1,12.3
100.7,12.3
100.6,12.5
100.4,12.3
100.4,12.4
100.2,12.5
100.2,12.3
100.1,12.4
99.8,12.6
99.3,12.2
99.1,12.2
98.8,12.2
98.4,12.4
98.1,12.4
98.0,12.3
98.0,12.5
97.9,12.6
97.7,12.7
97.7,12.4
97.4,12.5
97.4,12.3
97.1,12.5
97.0,12.3
96.7,12.4
96.7,12.6
96.7,12.6
96.6,12.4
96.1,12.6
96.1,12.4
95.7,12.6
95.7,12.2
95.4,12.7
95.2,12.2
95.1,12.5
94.8,12.7
94.4,12.5
94.0,12.6
94.0,12.6
94.0,12.4
93.6,12.6
93.6,12.3
93.5,12.4
93.3,12.3
92.8,12.5
92.5,12.5
92.5,12.5
92.5,12.4
92.0,12.6
91.8,12.2
91.3,12.7
90.9,12.3
90.4,12.2
90.0,12.3
89.9,12.6
89.4,12.5
89.4,12.3
89.1,12.6
89.1,12.5
89.0,12.4
89.0,12.3
89.0,12.3
88.9,12.3
88.6,12.6
88.5,12.2
88.5,12.7
88.1,12.2
88.0,12.6
87.7,12.6
87.7,12.4
87.3,12.6
86.8,12.6
86.4,12.5
86.4,12.6
85.9,12.5
85.4,12.7
85.2,12.7
85.1,12.6
85.1,12.6
85.0,12.3
85.0,12.7
84.6,12.6
84.3,12.3
84.2,12.3
84.2,12.6
84.1,12.7
84.0,12.3
83.7,12.5
83.7,12.4
83.6,12.4
83.3,12.5
83.2,12.6
83.2,12.4
83.2,12.2
83.1,12.4
83.0,12.6
83.0,12.3
82.7,12.7
82.4,12.6
82.3,12.3
82.3,12.5
81.9,12.3
81.5,12.6
81.0,12.6
80.6,12.6
80.5,12.3
80.3,12.6
80.0,12.5
79.7,12.2
79.3,12.5
79.0,12.5
78.8,12.6
78.3,12.4
78.2,12.7
78.2,12.3
78.1,12.2
78.0,12.4
78.0,12.2
77.8,12.4
77.5,12.6
77.4,12.7
77.3,12.6
77.2,12.7
77.0,12.6
77.0,12.6
76.6,12.7
76.3,12.3
75.9,12.6
75.9,12.4
75.8,12.6
75.7,12.4
75.7,12.6
75.5,12.6
75.4,12.6
74.9,12.4
74.6,12.6
74.2,12.7
74.1,12.5
74.0,12.2
73.5,12.3
73.4,12.4
73.4,12.7
73.4,12.3
73.0,12.5
72.8,12.4
72.4,12.6
72.4,12.5
72.3,12.3
72.1,12.4
72.1,12.6
71.8,12.3
71.3,12.5
71.0,12.4
70.7,12.5
70.5,12.5
70.1,12.6
69.8,12.6
69.8,12.3
69.7,12.6
69.4,12.3
68.9,12.4
68.5,12.5
68.4,12.7
68.4,12.6
68.2,12.3
67.9,12.7
67.4,12.3
67.0,12.7
66.9,12.4
66.8,12.4
66.8,12.5
66.7,12.4
66.2,12.2
66.2,12.6
66.2,12.3
65.8,12.4
65.5,12.3
65.4,12.6
65.1,12.6
64.7,12.5
64.4,12.3
64.4,12.6
64.2,12.6
64.1,12.5
63.7,12.6
63.6,12.2
63.5,12.2
63.1,12.6
62.9,12.3
62.8,12.3
62.8,12.6
62.5,12.3
62.1,12.6
61.7,12.6
61.3,12.5
60.8,12.3
60.8,12.2
60.4,12.6
60.3,12.4
60.2,12.3
59.7,12.5
59.7,12.6
59.7,12.5
59.4,12.6
59.4,12.6
59.0,12.2
58.8,12.3
58.8,12.7
58.3,12.2
58.0,12.5
58.0,12.5
58.0,12.3
57.9,12.5
57.6,12.3
57.2,12.4
56.7,12.4
56.7,12.6
56.2,12.7
55.9,12.6
55.9,12.5
55.9,12.3
55.5,12.4
55.4,12.4
55.0,12.2
54.6,12.5
54.6,12.6
54.6,12.5
54.1,12.3
53.7,12.7
53.7,12.6
53.4,12.3
53.2,12.7
53.2,12.4
53.1,12.6
52.7,12.5
52.6,12.4
52.5,12.3
52.5,12.5
52.4,12.3
52.4,12.5
52.3,12.4
52.0,12.5
52.0,12.3
51.9,12.5
51.8,12.5
51.6,12.6
51.1,12.4
51.1,12.6
50.6,12.2
50.1,12.3
49.9,12.4
49.8,12.3
49.6,12.4
49.3,12.5
48.8,12.3
48.7,12.6
48.2,12.6
48.2,12.5
48.1,12.4
47.8,12.4
47.4,12.3
47.4,12.7
47.3,12.5
47.2,12.6
46.7,12.7
46.5,12.3
46.1,12.6
45.6,12.6
45.5,12.4
45.4,12.4
45.1,12.3
44.9,12.4
44.8,12.5
44.7,12.2
44.3,12.6
44.2,12.3
44.2,12.4
44.2,12.3
44.1,12.5
43.7,12.7
43.7,12.6
43.7,12.3
43.4,12.3
43.0,12.6
42.9,12.6
42.9,12.3
42.8,12.6
42.6,12.3
42.6,12.4
42.6,12.6
42.3,12.3
42.2,12.6
41.8,12.5
41.3,12.6
41.3,12.3
40.8,12.6
40.5,12.3
40.3,12.3
40.2,12.7
39.9,12.5
39.8,12.4
39.8,12.4
39.7,12.5
39.3,12.3
39.3,12.4
38.9,12.3
38.5,12.7
38.4,12.4
38.0,12.5
37.9,12.4
37.4,12.7
37.1,12.4
36.8,12.4
36.4,12.5
36.3,12.3
36.0,12.5
35.6,12.4
35.1,12.6
35.0,12.4
34.8,12.4
34.6,12.5
34.5,12.5
34.1,12.4
33.7,12.7
33.6,12.2
33.5,12.3
33.2,12.4
33.1,12.6
32.8,12.3
32.4,12.5
32.3,12.5
32.3,12.2
32.3,12.4
32.2,12.4
31.8,12.2
31.4,12.3
31.3,12.3
31.3,12.5
31.0,12.3
30.6,12.3
30.6,12.3
30.6,12.3
30.5,12.3
30.2,12.3
29.8,12.3
29.5,12.4
29.5,12.2
29.4,12.5
29.0,12.6
29.0,12.6
29.0,12.4
29.0,12.5
28.5,12.4
28.4,12.4
28.1,12.6
28.1,12.4
27.8,12.5
27.3,12.3
27.3,12.6
27.0,12.2
27.0,12.5
26.9,12.4
26.8,12.6
26.8,12.3
26.8,12.6
26.4,12.6
26.4,12.7
26.4,12.2
26.4,12.7
26.3,12.4
26.3,12.5
25.9,12.6
25.8,12.5
25.4,12.4
25.1,12.4
24.9,12.4
24.8,12.4
24.5,12.4
24.1,12.4
24.0,12.4
23.8,12.3
23.4,12.6
23.0,12.5
22.7,12.3
22.6,12.3
22.2,12.4
22.1,12.6
22.1,12.4
21.6,12.3
21.6,12.3
21.5,12.4
21.0,12.2
20.9,12.6
20.8,12.6
20.5,12.5
20.0,12.6
20.0,12.4
19.6,12.3
19.3,12.6
19.2,12.6
19.1,12.6
19.0,12.2
19.0,12.4
18.6,12.6
18.2,12.7
17.8,12.4
17.7,12.7
17.3,12.3
17.2,12.3
17.2,12.2
17.2,12.3
17.2,12.7
16.9,12.4
16.7,12.7
16.6,12.5
16.5,12.5
16.2,12.3
16.2,12.6
16.2,12.3
16.1,12.2
16.1,12.7
15.7,12.3
15.7,12.2
15.3,12.4
14.9,12.7
14.9,12.4
14.4,12.4
14.4,12.3
14.3,12.2
13.8,12.5
13.7,12.5
13.7,12.3
13.6,12.7
13.6,12.4
13.4,12.5
13.0,12.6
13.0,12.5
12.7,12.2
12.2,12.2
12.2,12.4
12.2,12.6
12.1,12.4
11.7,12.3
11.4,12.6
11.4,12.7
11.1,12.4
10.8,12.7
10.6,12.6
10.3,12.7
9.8,12.5
9.5,12.2
9.1,12.4
9.1,12.7
8.8,12.4
8.8,12.6
8.8,12.4
8.8,12.3
8.3,12.6
7.8,12.7
7.5,12.6
7.2,12.5
6.9,12.5
6.6,12.6
6.6,12.5
6.2,12.3
5.7,12.3
5.5,12.6
5.2,12.4
4.8,12.5
4.5,12.6
4.4,12.6
4.1,12.3
3.6,12.7
3.6,12.2
3.4,12.7
3.0,12.5
2.7,12.6
2.4,12.6
2.1,12.3
1.8,12.3
1.8,12.5
1.4,12.6
1.3,12.2
1.3,12.3
1.1,12.6
0.7,12.3
0.3,12.5
0.2,12.4
0.2,12.5
0.1,12.5
0.1,12.5
241.0,12.5
246.9,12.4
246.9,12.5
246.6,12.3
246.6,12.6
246.5,12.6
246.5,12.5
246.0,12.7
245.8,12.5
245.5,12.5
245.1,12.6
244.7,12.5
244.6,12.4
244.5,12.5
244.4,12.2
244.1,12.4
243.8,12.4
243.8,12.2
243.8,12.4
243.3,12.6
243.0,12.3
242.6,12.6
242.2,12.5
242.2,12.2
241.7,12.5
241.3,12.5
241.0,12.4
241.0,12.5
240.5,12.4
240.5,12.7
240.5,12.7
240.0,12.5
240.0,12.4
239.9,12.2
239.8,12.6
239.8,12.4
239.3,12.3
239.0,12.5
239.0,12.4
238.8,12.6
238.7,12.3
238.6,12.4
238.5,12.3
238.2,12.6
237.9,12.6
237.6,12.3
237.6,12.6
237.3,12.6
237.2,12.4
236.9,12.6
236.9,12.3
236.5,12.7
236.4,12.5
236.1,12.6
235.7,12.5
235.6,12.7
235.5,12.2
235.2,12.7
234.8,12.6
234.7,12.4
234.6,12.5
234.6,12.3
234.5,12.4
234.1,12.3
234.0,12.7
233.9,12.6
233.9,12.5
233.9,12.6
233.9,12.2
233.5,12.4
233.2,12.3
232.8,12.3
232.8,12.4
232.7,12.4
232.4,12.4
232.1,12.6
232.1,12.4
232.0,12.6
231.8,12.4
231.8,12.3
231.7,12.6
231.4,12.6
231.0,12.3
230.6,12.2
230.3,12.5
229.8,12.6
229.7,12.4
229.7,12.4
229.6,12.7
229.2,12.5
229.2,12.3
229.1,12.2
228.8,12.3
228.5,12.6
228.4,12.4
228.0,12.3
227.5,12.3
227.4,12.6
227.4,12.6
227.3,12.6
227.2,12.3
227.2,12.3
227.2,12.2
226.8,12.7
226.8,12.3
226.5,12.4
226.2,12.4
226.1,12.2
225.6,12.6
225.4,12.5
225.0,12.2
224.8,12.7
224.4,12.5
224.4,12.5
224.3,12.3
224.2,12.2
224.2,12.6
224.2,12.5
223.9,12.3
223.9,12.3
223.5,12.3
223.2,12.3
223.1,12.4
222.6,12.6
222.2,12.4
222.0,12.5
221.9,12.3
221.8,12.7
221.5,12.5
221.0,12.3
221.0,12.4
220.6,12.3
220.2,12.2
220.1,12.4
219.8,12.6
219.7,12.4
219.4,12.4
219.3,12.5
219.2,12.6
218.8,12.5
218.8,12.3
218.5,12.3
218.4,12.4
218.1,12.3
217.7,12.3
217.3,12.6
217.1,12.6
217.0,12.5
217.0,12.7
216.5,12.3
216.4,12.3
216.2,12.5
215.8,12.4
215.6,12.3
215.4,12.6
215.3,12.7
215.3,12.2
215.2,12.4
215.2,12.4
214.8,12.5
214.7,12.5
214.6,12.3
214.3,12.2
213.8,12.6
213.8,12.3
213.4,12.6
213.4,12.2
213.3,12.3
213.3,12.5
213.2,12.5
212.9,12.2
212.7,12.3
212.6,12.2
212.2,12.3
212.2,12.4
212.2,12.4
212.1,12.5
211.7,12.5
211.7,12.4
211.6,12.6
211.3,12.3
211.2,12.4
210.9,12.5
210.9,12.2
210.4,12.4
210.1,12.3
209.7,12.3
209.6,12.4
209.6,12.4
209.3,12.2
208.9,12.3
208.5,12.5
208.1,12.5
207.6,12.3
207.1,12.4
206.8,12.5
206.4,12.6
206.4,12.4
206.1,12.4
206.0,12.3
206.0,12.2
206.0,12.3
205.6,12.7
205.5,12.4
205.3,12.4
205.2,12.2
204.8,12.5
204.6,12.4
204.5,12.6
204.5,12.4
204.5,12.2
204.4,12.3
204.1,12.4
203.7,12.2
203.6,12.6
203.5,12.5
203.0,12.5
202.8,12.4
202.7,12.4
202.5,12.3
202.1,12.7
202.0,12.4
201.9,12.4
201.9,12.2
201.9,12.3
201.8,12.5
201.4,12.6
201.0,12.3
201.0,12.4
200.6,12.3
200.5,12.5
200.5,12.2
200.5,12.4
200.2,12.5
200.0,12.2
199.9,12.3
199.7,12.4
199.4,12.7
199.3,12.6
198.9,12.3
198.8,12.6
198.6,12.4
198.5,12.4
198.2,12.6
198.1,12.7
198.1,12.6
197.6,12.2
197.4,12.2
197.3,12.5
197.0,12.3
197.0,12.6
196.9,12.2
196.8,12.5
196.4,12.7
196.4,12.6
196.0,12.3
195.6,12.3
195.3,12.4
194.9,12.2
194.5,12.7
194.4,12.5
194.0,12.6
194.0,12.6
193.7,12.4
193.4,12.6
193.0,12.5
192.7,12.4
192.7,12.3
192.7,12.5
192.6,12.6
192.6,12.3
192.4,12.4
192.3,12.5
191.8,12.4
191.5,12.3
191.5,12.5
191.4,12.6
191.4,12.4
190.9,12.6
190.6,12.5
190.5,12.7
190.4,12.6
190.4,12.7
190.4,12.4
190.1,12.7
189.7,12.5
189.4,12.4
189.4,12.6
189.4,12.6
189.3,12.6
189.0,12.3
189.0,12.3
188.6,12.7
188.6,12.5
188.4,12.4
187.9,12.6
187.8,12.3
187.5,12.5
187.0,12.6
186.7,12.5
186.7,12.6
186.3,12.5
186.3,12.3
185.8,12.2
185.4,12.6
185.0,12.3
185.0,12.6
184.5,12.6
184.5,12.6
184.5,12.4
184.4,12.7
184.2,12.6
183.8,12.7
183.3,12.6
183.2,12.3
183.2,12.3
182.8,12.2
182.4,12.5
182.4,12.2
182.0,12.7
181.9,12.6
181.8,12.5
181.8,12.4
181.6,12.3
181.2,12.7
181.1,12.5
180.7,12.4
180.6,12.3
180.5,12.2
180.5,12.3
180.1,12.6
180.1,12.7
179.6,12.6
179.2,12.3
179.2,12.7
178.8,12.5
178.5,12.2
178.2,12.5
178.2,12.5
178.1,12.3
177.6,12.5
177.6,12.3
177.3,12.3
177.0,12.4
176.6,12.7
176.1,12.2
175.7,12.6
175.6,12.3
175.2,12.3
174.9,12.7
174.5,12.3
174.4,12.6
174.4,12.2
174.4,12.5
174.3,12.6
173.9,12.5
173.9,12.3
173.8,12.6
173.8,12.3
173.8,12.5
173.7,12.4
173.7,12.5
173.6,12.3
173.5,12.4
173.4,12.7
173.4,12.5
173.3,12.5
173.3,12.5
173.2,12.4
172.8,12.4
172.4,12.5
172.0,12.7
171.7,12.2
171.7,12.6
171.2,12.3
170.7,12.3
170.6,12.3
170.2,12.4
170.1,12.2
170.1,12.3
170.1,12.4
170.0,12.3
170.0,12.6
169.7,12.4
169.7,12.6
169.6,12.4
169.2,12.4
168.8,12.4
168.7,12.5
168.3,12.3
168.0,12.5
168.0,12.2
167.9,12.2
167.6,12.6
167.1,12.4
167.0,12.4
167.0,12.7
166.6,12.2
166.6,12.4
166.3,12.3
165.8,12.4
165.8,12.3
165.7,12.3
165.7,12.2
165.7,12.2
165.6,12.5
165.6,12.3
165.6,12.3
165.3,12.2
165.2,12.6
165.2,12.4
165.1,12.4
165.1,12.3
164.6,12.7
164.4,12.3
163.9,12.6
163.5,12.3
163.4,12.5
163.3,12.2
163.3,12.3
163.2,12.3
162.8,12.2
162.4,12.3
162.3,12.6
162.0,12.5
161.9,12.5
161.8,12.2
161.6,12.6
161.2,12.5
161.1,12.6
160.8,12.7
160.7,12.6
160.6,12.7
160.6,12.3
160.5,12.4
160.4,12.5
160.2,12.6
159.9,12.5
159.9,12.6
159.8,12.6
159.7,12.6
159.3,12.4
159.1,12.2
159.1,12.3
158.7,12.5
158.3,12.2
158.3,12.7
158.3,12.6
158.0,12.6
157.6,12.7
157.1,12.5
157.1,12.2
156.7,12.7
156.6,12.2
156.3,12.3
156.2,12.6
156.0,12.5
155.9,12.4
155.9,12.4
155.8,12.2
155.7,12.3
155.7,12.4
155.4,12.3
155.3,12.3
155.3,12.3
155.2,12.5
155.2,12.3
154.9,12.4
154.6,12.2
154.6,12.3
154.5,12.4
154.2,12.5
154.1,12.7
154.0,12.6
154.0,12.5
153.9,12.5
153.5,12.3
153.1,12.6
153.0,12.3
152.7,12.6
152.5,12.2
152.5,12.6
152.4,12.5
152.1,12.5
152.1,12.6
151.7,12.3
151.7,12.4
151.6,12.7
151.6,12.5
151.3,12.6
151.2,12.5
150.9,12.6
150.5,12.3
150.5,12.7
150.2,12.6
149.7,12.5
149.7,12.7
149.3,12.7
149.1,12.3
149.1,12.4
149.0,12.4
148.7,12.6
148.7,12.4
148.4,12.6
148.4,12.2
148.4,12.5
148.2,12.6
147.7,12.2
147.3,12.6
146.9,12.6
146.7,12.3
146.3,12.6
146.3,12.5
145.9,12.3
145.8,12.5
145.8,12.6
145.7,12.6
145.2,12.6
145.1,12.3
145.0,12.6
145.0,12.7
144.8,12.2
144.7,12.6
144.6,12.5
144.3,12.4
144.3,12.4
143.9,12.3
143.8,12.4
143.8,12.3
143.5,12.6
143.2,12.2
143.1,12.5
143.0,12.4
142.7,12.4
142.6,12.4
142.5,12.3
142.5,12.6
142.4,12.6
142.2,12.5
141.8,12.4
141.6,12.7
141.5,12.4
141.5,12.6
141.5,12.3
141.5,12.5
141.1,12.5
140.9,12.6
140.8,12.3
140.8,12.6
140.8,12.5
140.5,12.5
140.4,12.4
140.0,12.3
140.0,12.6
139.8,12.5
139.7,12.3
139.6,12.6
139.4,12.7
139.3,12.4
139.0,12.3
138.6,12.6
138.5,12.4
138.3,12.5
138.2,12.6
138.0,12.6
137.6,12.7
137.6,12.3
137.3,12.5
137.0,12.4
136.6,12.4
136.5,12.6
136.3,12.5
135.9,12.4
135.5,12.5
135.2,12.6
135.1,12.6
135.0,12.5
134.9,12.5
134.7,12.3
134.6,12.6
134.2,12.6
133.9,12.3
133.5,12.4
133.5,12.7
133.5,12.5
133.4,12.5
133.4,12.6
133.3,12.3
133.3,12.7
133.3,12.6
133.0,12.3
132.7,12.6
132.3,12.2
131.8,12.6
131.8,12.4
131.7,12.2
131.6,12.3
131.6,12.6
131.6,12.3
131.3,12.7
130.8,12.5
130.8,12.4
130.6,12.5
130.6,12.2
130.6,12.7
130.5,12.5
130.3,12.3
130.1,12.6
130.0,12.3
129.6,12.3
129.2,12.3
129.2,12.6
128.7,12.7
128.2,12.5
128.2,12.6
128.1,12.6
128.1,12.4
127.7,12.5
127.6,12.7
127.2,12.5
127.2,12.4
126.8,12.5
126.4,12.5
126.3,12.3
126.0,12.5
125.7,12.3
125.6,12.4
125.3,12.5
125.0,12.7
124.6,12.6
124.6,12.3
124.3,12.5
124.3,12.2
124.2,12.7
124.0,12.2
123.9,12.3
123.4,12.2
123.1,12.6
123.0,12.4
122.7,12.3
122.4,12.6
122.4,12.2
122.0,12.7
121.5,12.3
121.5,12.5
121.4,12.6
121.2,12.6
120.7,12.6
120.3,12.6
119.9,12.3
119.6,12.3
119.1,12.5
118.9,12.3
118.8,12.4
118.8,12.3
118.5,12.2
118.4,12.6
118.4,12.2
117.9,12.2
117.8,12.4
117.8,12.6
117.4,12.7
117.3,12.6
117.2,12.6
117.2,12.2
117.1,12.4
117.1,12.6
116.8,12.4
116.8,12.5
116.5,12.4
116.2,12.3
116.1,12.5
115.6,12.3
115.4,12.4
115.4,12.3
115.3,12.4
114.9,12.6
114.9,12.2
114.9,12.4
114.8,12.6
114.5,12.7
114.1,12.3
114.1,12.3
113.7,12.5
113.2,12.6
113.0,12.4
112.7,12.4
112.6,12.3
112.3,12.4
112.0,12.7
111.9,12.2
111.7,12.4
111.4,12.6
111.0,12.2
110.9,12.4
110.4,12.7
110.1,12.4
110.1,12.6
109.7,12.6
109.4,12.4
109.3,12.5
109.2,12.4
108.7,12.6
108.6,12.2
108.6,12.4
108.6,12.7
108.6,12.5
108.3,12.6
108.3,12.3
107.8,12.6
107.8,12.2
107.3,12.2
107.1,12.5
107.1,12.7
107.0,12.7
106.8,12.7
106.7,12.5
106.4,12.2
106.4,12.7
106.3,12.5
106.1,12.6
105.6,12.6
105.3,12.5
104.9,12.2
104.5,12.3
104.1,12.4
103.8,12.6
103.7,12.2
103.6,12.6
103.4,12.2
103.0,12.5
102.7,12.5
102.3,12.3
102.3,12.4
102.2,12.5
101.9,12.2
101.5,12.6
101.2,12.6
100.7,12.4
100.5,12.2
100.2,12.6
99.9,12.4
99.8,12.4
99.5,12.3
99.2,12.5
99.1,12.7
99.1,12.4
99.0,12.5
99.0,12.4
99.0,12.3
98.9,12.3
98.9,12.5
98.9,12.5
98.5,12.4
98.1,12.6
98.1,12.5
97.8,12.6
97.4,12.5
97.3,12.3
97.3,12.6
97.3,12.7
97.2,12.6
96.9,12.2
96.6,12.6
96.3,12.6
96.3,12.2
95.9,12.4
95.8,12.3
95.5,12.5
95.1,12.6
94.8,12.6
94.8,12.5
94.3,12.5
94.3,12.3
94.2,12.4
94.2,12.7
93.9,12.2
93.9,12.4
93.5,12.4
93.5,12.5
93.0,12.6
93.0,12.7
93.0,12.3
92.9,12.2
92.9,12.4
92.8,12.3
92.6,12.6
92.6,12.2
92.5,12.5
92.5,12.5
92.3,12.7
91.9,12.5
91.9,12.5
91.5,12.5
91.2,12.5
90.8,12.4
90.4,12.5
89.9,12.7
89.9,12.6
89.7,12.6
89.7,12.2
89.7,12.2
89.6,12.3
89.5,12.6
89.5,12.3
89.2,12.5
89.1,12.6
88.9,12.6
88.5,12.5
88.4,12.5
88.3,12.7
88.3,12.7
88.3,12.7
88.1,12.3
88.0,12.5
87.5,12.6
87.5,12.5
87.2,12.2
87.2,12.4
86.9,12.4
86.7,12.5
86.6,12.5
86.2,12.3
86.2,12.4
86.1,12.5
85.7,12.6
85.6,12.5
85.3,12.3
85.0,12.6
84.8,12.5
84.8,12.6
84.8,12.6
84.8,12.4
84.7,12.3
84.6,12.6
84.6,12.3
84.6,12.5
84.2,12.6
84.1,12.2
83.8,12.5
83.7,12.3
83.6,12.3
83.6,12.6
83.5,12.6
83.3,12.5
83.2,12.3
82.8,12.5
82.7,12.7
82.4,12.5
82.4,12.5
82.4,12.4
82.1,12.5
81.7,12.6
81.7,12.6
81.4,12.6
81.2,12.3
81.1,12.2
80.8,12.6
80.8,12.3
80.4,12.6
80.2,12.4
80.1,12.4
80.1,12.5
79.6,12.2
79.6,12.4
79.5,12.6
79.5,12.5
79.4,12.7
79.3,12.7
79.1,12.6
78.7,12.6
78.5,12.4
78.4,12.2
78.2,12.4
78.2,12.7
77.9,12.2
77.8,12.4
77.8,12.5
77.7,12.6
77.4,12.6
77.4,12.5
77.0,12.4
76.9,12.5
76.7,12.7
76.7,12.5
76.7,12.6
76.2,12.6
75.8,12.7
75.4,12.7
75.3,12.7
75.1,12.7
75.0,12.5
74.9,12.3
74.9,12.7
74.6,12.5
74.5,12.2
74.2,12.5
74.2,12.2
73.9,12.5
73.6,12.6
73.2,12.2
72.9,12.5
72.4,12.4
72.0,12.4
71.9,12.6
71.5,12.6
71.5,12.4
71.2,12.4
70.9,12.5
70.5,12.6
70.5,12.2
70.1,12.6
69.9,12.4
69.7,12.6
69.6,12.4
69.4,12.5
69.0,12.3
68.7,12.5
68.2,12.4
67.9,12.5
67.4,12.6
67.4,12.5
67.4,12.6
67.4,12.6
67.2,12.3
67.1,12.3
66.6,12.5
66.4,12.4
66.1,12.5
65.6,12.4
65.6,12.6
65.3,12.2
65.3,12.4
64.9,12.6
64.8,12.3
64.5,12.5
64.2,12.3
64.1,12.6
64.1,12.3
63.8,12.4
63.3,12.3
62.9,12.4
62.5,12.6
62.4,12.5
62.1,12.3
61.6,12.6
61.6,12.5
61.3,12.4
61.1,12.2
60.9,12.6
60.8,12.5
60.7,12.6
60.7,12.4
60.6,12.4
60.6,12.4
60.5,12.2
60.5,12.3
60.1,12.3
60.0,12.7
60.0,12.3
59.9,12.2
59.8,12.4
59.6,12.6
59.6,12.3
59.3,12.3
59.3,12.3
59.0,12.6
59.0,12.5
58.7,12.7
58.4,12.5
58.4,12.7
58.1,12.3
57.8,12.3
57.8,12.4
57.7,12.5
57.4,12.3
57.4,12.2
57.4,12.4
57.3,12.4
56.9,12.3
56.9,12.7
56.4,12.6
55.9,12.7
55.9,12.6
55.8,12.5
55.6,12.5
55.1,12.7
54.7,12.3
54.4,12.5
54.4,12.4
54.1,12.2
54.1,12.4
53.7,12.4
53.6,12.5
53.6,12.6
53.4,12.6
53.3,12.5
53.3,12.6
52.9,12.7
52.9,12.3
52.8,12.7
52.4,12.6
52.3,12.2
52.3,12.6
52.3,12.4
52.2,12.4
52.0,12.5
51.8,12.7
51.4,12.3
51.0,12.2
51.0,12.4
51.0,12.4
50.9,12.7
50.8,12.7
50.3,12.4
50.3,12.4
49.9,12.5
49.9,12.4
49.6,12.2
49.2,12.4
49.0,12.6
48.9,12.3
48.9,12.2
48.6,12.3
48.3,12.5
48.3,12.4
48.2,12.3
47.9,12.5
47.7,12.5
47.7,12.6
47.4,12.6
47.3,12.7
47.3,12.4
47.0,12.5
46.7,12.2
46.6,12.3
46.2,12.2
46.2,12.6
46.2,12.6
46.1,12.3
46.1,12.4
45.8,12.3
45.8,12.4
45.7,12.5
45.7,12.5
45.3,12.3
45.2,12.4
44.9,12.3
44.8,12.2
44.4,12.4
44.4,12.4
44.3,12.7
44.0,12.3
43.6,12.4
43.4,12.6
43.3,12.4
43.2,12.4
43.0,12.3
42.7,12.6
42.4,12.7
42.1,12.6
42.0,12.4
42.0,12.4
42.0,12.6
41.9,12.5
41.4,12.3
41.1,12.3
40.7,12.6
40.7,12.2
40.6,12.4
40.3,12.3
39.9,12.4
39.6,12.2
39.6,12.5
39.5,12.7
39.3,12.5
38.9,12.5
38.6,12.4
38.6,12.4
38.3,12.5
38.2,12.5
37.8,12.4
37.8,12.2
37.6,12.3
37.3,12.3
36.8,12.5
36.8,12.2
36.8,12.5
36.7,12.4
36.3,12.7
35.8,12.7
35.8,12.4
35.3,12.4
35.1,12.4
34.7,12.2
34.7,12.3
34.6,12.3
34.6,12.2
34.3,12.7
34.1,12.6
34.0,12.2
33.9,12.2
33.9,12.4
33.6,12.3
33.1,12.3
32.8,12.5
32.6,12.3
32.3,12.7
32.3,12.3
32.3,12.7
32.2,12.3
31.8,12.5
31.3,12.4
31.3,12.4
31.2,12.5
30.8,12.3
30.8,12.6
30.7,12.7
30.3,12.4
30.2,12.5
30.0,12.4
29.6,12.4
29.2,12.6
28.9,12.6
28.8,12.3
28.5,12.7
28.4,12.7
28.0,12.5
27.6,12.6
27.2,12.5
26.8,12.7
26.8,12.5
26.3,12.4
26.3,12.5
26.2,12.2
25.9,12.3
25.6,12.6
25.5,12.2
25.5,12.4
25.4,12.4
24.9,12.3
24.9,12.4
24.6,12.7
24.5,12.3
24.0,12.3
23.7,12.5
23.3,12.5
23.1,12.2
23.1,12.2
23.0,12.2
22.9,12.7
22.5,12.4
22.5,12.2
22.2,12.2
22.2,12.4
21.7,12.6
21.7,12.4
21.4,12.5
21.0,12.3
21.0,12.6
20.7,12.3
20.4,12.6
20.4,12.4
20.3,12.4
20.2,12.3
20.1,12.5
20.0,12.3
20.0,12.3
20.0,12.4
20.0,12.5
20.0,12.4
19.9,12.2
19.9,12.4
19.6,12.6
19.3,12.7
18.9,12.4
18.8,12.4
18.6,12.3
18.5,12.2
18.1,12.2
18.0,12.4
17.9,12.4
17.7,12.5
17.6,12.4
17.2,12.6
17.2,12.7
17.1,12.5
16.7,12.7
16.5,12.5
16.1,12.4
15.7,12.4
15.7,12.3
15.6,12.3
15.6,12.2
15.5,12.6
15.5,12.4
15.2,12.5
15.2,12.6
14.8,12.4
14.8,12.3
14.7,12.4
14.6,12.6
14.4,12.6
13.9,12.3
13.4,12.5
13.2,12.5
13.1,12.6
12.6,12.4
12.6,12.5
12.5,12.4
12.4,12.2
12.4,12.6
12.0,12.3
11.9,12.3
11.4,12.2
11.0,12.5
10.6,12.5
10.6,12.4
10.5,12.2
10.5,12.4
10.5,12.3
10.0,12.7
10.0,12.3
10.0,12.5
9.9,12.7
9.7,12.6
9.4,12.4
9.3,12.4
9.0,12.4
8.9,12.7
8.5,12.5
8.2,12.6
8.2,12.3
7.7,12.3
7.4,12.5
7.3,12.3
7.1,12.5
6.7,12.3
6.2,12.5
5.9,12.4
5.9,12.6
5.8,12.5
5.3,12.2
5.3,12.4
5.3,12.6
4.9,12.7
4.7,12.6
4.3,12.3
4.3,12.6
3.8,12.3
3.8,12.2
3.7,12.6
3.7,12.4
3.6,12.2
3.6,12.5
3.6,12.5
3.5,12.4
3.5,12.5
3.3,12.5
2.9,12.7
2.5,12.5
2.5,12.6
2.5,12.4
2.1,12.4
2.0,12.3
2.0,12.5
1.7,12.3
1.5,12.6
1.1,12.4
1.0,12.3
0.9,12.4
0.7,12.5
0.4,12.4
0.3,12.2
0.2,12.3
248.6,12.6
244.9,12.5
244.4,12.4
244.0,12.4
243.9,12.4
243.9,12.5
243.9,12.2
243.9,12.4
243.5,12.4
243.1,12.3
243.1,12.3
243.0,12.4
242.7,12.3
242.2,12.7
241.8,12.5
241.8,12.5
241.8,12.6
241.4,12.7
241.3,12.4
241.2,12.4
240.9,12.3
240.5,12.6
240.5,12.6
240.4,12.5
240.0,12.5
239.9,12.4
239.5,12.5
239.2,12.5
238.8,12.6
238.5,12.3
238.5,12.7
238.4,12.4
238.3,12.7
238.0,12.6
237.6,12.4
237.6,12.4
237.5,12.6
237.5,12.5
237.1,12.6
237.1,12.4
237.0,12.2
236.8,12.6
236.4,12.2
236.3,12.4
236.2,12.6
236.2,12.7
235.8,12.3
235.8,12.3
235.7,12.6
235.7,12.3
235.6,12.5
235.4,12.3
235.1,12.6
235.0,12.5
235.0,12.4
234.5,12.3
234.4,12.5
234.1,12.6
234.1,12.6
233.7,12.6
233.4,12.6
233.2,12.4
233.1,12.5
232.8,12.7
232.7,12.3
232.6,12.5
232.6,12.4
232.6,12.7
232.2,12.3
231.7,12.2
231.3,12.3
231.0,12.4
230.5,12.3
230.1,12.2
229.6,12.7
229.4,12.6
229.4,12.3
229.1,12.4
229.0,12.3
228.7,12.4
228.6,12.3
228.6,12.7
228.6,12.6
228.3,12.4
228.3,12.4
227.9,12.3
227.6,12.2
227.1,12.6
227.1,12.3
226.7,12.6
226.3,12.4
225.8,12.5
225.8,12.5
225.5,12.3
225.3,12.2
225.2,12.3
224.8,12.6
224.8,12.2
224.5,12.5
224.4,12.4
223.9,12.6
223.9,12.3
223.8,12.6
223.4,12.4
223.4,12.6
223.1,12.7
222.6,12.6
222.4,12.6
222.4,12.3
222.1,12.6
221.6,12.3
221.4,12.6
221.1,12.7
220.8,12.3
220.7,12.7
220.5,12.7
220.4,12.2
220.4,12.6
220.0,12.6
219.6,12.4
219.3,12.4
219.2,12.3
218.9,12.4
218.6,12.6
218.6,12.5
218.3,12.5
218.0,12.4
217.7,12.4
217.7,12.4
217.3,12.4
217.3,12.6
217.1,12.3
216.8,12.5
216.7,12.6
216.6,12.3
216.2,12.5
215.8,12.6
215.4,12.7
214.9,12.3
214.6,12.5
214.6,12.6
214.5,12.5
214.4,12.3
214.4,12.7
214.3,12.2
213.8,12.6
213.4,12.5
213.0,12.6
212.9,12.4
212.8,12.3
212.8,12.6
212.8,12.6
212.7,12.3
212.4,12.6
212.3,12.6
211.9,12.2
211.8,12.5
211.7,12.5
211.3,12.2
211.3,12.2
211.2,12.3
211.2,12.7
210.8,12.6
210.8,12.2
210.7,12.5
210.7,12.3
210.6,12.5
210.1,12.3
209.6,12.6
209.3,12.6
209.3,12.2
209.2,12.3
208.8,12.4
208.8,12.4
208.5,12.2
208.0,12.3
208.0,12.7
207.9,12.2
207.5,12.4
207.2,12.5
207.1,12.6
207.1,12.3
206.9,12.3
206.6,12.3
206.3,12.6
206.2,12.5
205.9,12.6
205.4,12.7
205.1,12.3
205.1,12.3
205.0,12.4
205.0,12.4
205.0,12.3
204.9,12.3
204.7,12.5
204.6,12.4
204.6,12.4
204.6,12.5
204.1,12.5
204.0,12.6
204.0,12.3
203.9,12.3
203.8,12.5
203.8,12.4
203.6,12.6
203.2,12.3
203.2,12.7
203.0,12.2
202.7,12.3
202.2,12.4
201.7,12.5
201.7,12.6
201.4,12.5
201.4,12.2
201.0,12.5
200.7,12.3
200.6,12.4
200.6,12.3
200.3,12.6
200.3,12.6
200.2,12.7
199.9,12.4
199.8,12.3
199.6,12.6
199.3,12.3
199.0,12.2
198.5,12.3
198.2,12.7
197.9,12.7
197.6,12.2
197.3,12.4
196.9,12.3
196.7,12.6
196.6,12.4
196.4,12.3
196.4,12.6
196.0,12.4
195.9,12.5
195.9,12.5
195.9,12.4
195.7,12.7
195.4,12.7
195.0,12.6
194.7,12.3
194.3,12.5
194.2,12.7
194.2,12.7
193.9,12.6
193.9,12.4
193.4,12.4
193.1,12.4
193.0,12.6
192.6,12.7
192.5,12.6
192.0,12.6
191.9,12.2
191.6,12.5
191.6,12.3
191.2,12.4
190.9,12.2
190.8,12.5
190.5,12.3
190.5,12.5
190.5,12.4
190.4,12.3
190.3,12.6
189.9,12.3
189.8,12.6
189.4,12.4
188.9,12.7
188.9,12.5
188.8,12.7
188.8,12.6
188.8,12.4
188.5,12.3
188.1,12.5
188.0,12.6
187.7,12.4
187.3,12.4
186.8,12.5
186.5,12.7
186.5,12.4
186.5,12.5
186.2,12.6
186.1,12.3
185.7,12.4
185.3,12.3
185.2,12.6
185.2,12.7
185.1,12.3
184.8,12.7
184.8,12.4
184.7,12.3
184.2,12.6
184.2,12.2
184.0,12.5
183.9,12.4
183.4,12.4
183.1,12.5
183.1,12.3
183.0,12.6
182.6,12.5
182.5,12.4
182.5,12.4
182.4,12.5
182.0,12.3
181.6,12.6
181.5,12.4
181.3,12.7
181.2,12.2
180.9,12.6
180.8,12.3
180.4,12.3
180.3,12.4
180.1,12.6
180.0,12.4
179.7,12.6
179.2,12.3
179.1,12.2
179.1,12.5
178.7,12.5
178.7,12.4
178.6,12.4
178.3,12.4
178.2,12.3
177.7,12.5
177.7,12.5
177.3,12.6
176.8,12.4
176.7,12.5
176.5,12.4
176.5,12.6
176.1,12.2
175.8,12.5
175.3,12.3
175.0,12.2
174.8,12.6
174.8,12.7
174.8,12.2
174.5,12.2
174.5,12.2
174.2,12.6
174.1,12.2
174.0,12.3
174.0,12.3
173.9,12.7
173.8,12.4
173.4,12.7
173.1,12.5
172.9,12.5
172.5,12.4
172.4,12.7
172.4,12.6
172.3,12.5
172.3,12.5
172.2,12.6
171.8,12.3
171.8,12.7
171.7,12.2
171.3,12.5
170.9,12.3
170.4,12.5
170.0,12.7
170.0,12.5
170.0,12.3
169.8,12.6
169.8,12.2
169.3,12.4
169.3,12.7
169.2,12.6
168.8,12.5
168.8,12.4
168.3,12.7
168.3,12.3
168.3,12.6
168.2,12.5
167.8,12.2
167.7,12.4
167.4,12.4
167.0,12.2
166.9,12.5
166.7,12.6
166.6,12.4
166.3,12.4
166.0,12.4
165.6,12.6
165.5,12.3
165.5,12.6
165.4,12.4
165.4,12.6
164.9,12.4
164.9,12.5
164.8,12.3
164.8,12.4
164.7,12.4
164.3,12.3
164.3,12.2
164.0,12.7
163.9,12.4
163.9,12.5
163.7,12.6
163.2,12.4
162.9,12.5
162.5,12.4
162.4,12.6
161.9,12.5
161.9,12.4
161.4,12.7
161.2,12.2
161.2,12.2
161.1,12.3
161.0,12.6
160.6,12.3
160.3,12.4
160.0,12.3
160.0,12.5
159.7,12.5
159.7,12.7
159.4,12.3
159.4,12.4
159.1,12.2
159.0,12.4
158.6,12.3
158.6,12.3
158.6,12.4
158.2,12.6
157.8,12.3
157.8,12.3
157.3,12.4
157.1,12.5
156.9,12.3
156.8,12.6
156.8,12.5
156.5,12.3
156.4,12.7
156.1,12.6
155.8,12.5
155.8,12.3
155.7,12.4
155.6,12.7
155.6,12.5
155.5,12.5
155.5,12.4
155.0,12.6
155.0,12.5
154.9,12.4
154.6,12.5
154.5,12.4
154.5,12.5
154.3,12.4
154.1,12.6
154.0,12.6
154.0,12.5
154.0,12.4
153.6,12.2
153.5,12.3
153.2,12.2
153.2,12.5
153.1,12.5
153.0,12.6
152.6,12.5
152.6,12.4
152.2,12.3
152.1,12.4
152.1,12.7
152.1,12.3
151.6,12.3
151.5,12.5
151.3,12.5
151.2,12.5
151.2,12.5
150.7,12.3
150.3,12.4
150.0,12.3
149.7,12.6
149.3,12.3
149.3,12.3
149.1,12.3
148.8,12.5
148.5,12.3
148.1,12.6
148.0,12.4
147.7,12.6
147.6,12.5
147.5,12.4
147.2,12.3
147.2,12.5
146.8,12.3
146.7,12.3
146.7,12.2
146.6,12.6
146.5,12.5
146.4,12.4
146.4,12.4
145.9,12.2
145.5,12.5
145.5,12.2
145.5,12.3
145.1,12.4
145.0,12.5
144.6,12.3
144.3,12.5
144.3,12.4
144.2,12.3
143.9,12.3
143.9,12.4
143.9,12.3
143.6,12.5
143.3,12.3
143.3,12.5
143.0,12.3
142.9,12.3
142.8,12.4
142.8,12.5
142.4,12.6
142.0,12.2
142.0,12.2
141.9,12.5
141.8,12.6
141.4,12.3
140.9,12.6
140.6,12.3
140.6,12.3
140.2,12.5
140.0,12.5
139.9,12.5
139.5,12.6
139.5,12.5
139.4,12.4
139.0,12.2
138.5,12.6
138.0,12.3
138.0,12.3
137.6,12.3
137.5,12.7
137.2,12.4
137.0,12.5
136.7,12.7
136.3,12.2
136.2,12.6
135.8,12.4
135.7,12.3
135.7,12.7
135.4,12.6
135.0,12.5
134.5,12.5
134.5,12.2
134.1,12.4
134.0,12.7
133.7,12.4
133.4,12.4
132.9,12.7
132.5,12.2
132.2,12.5
131.8,12.6
131.6,12.6
131.3,12.5
131.2,12.5
131.1,12.3
131.1,12.4
130.9,12.3
130.8,12.5
130.6,12.5
130.5,12.6
130.4,12.6
130.2,12.5
130.1,12.5
129.9,12.3
129.6,12.2
129.3,12.3
129.2,12.3
128.9,12.6
128.8,12.2
128.7,12.4
128.4,12.5
128.3,12.3
128.1,12.6
127.8,12.6
127.4,12.6
127.3,12.4
127.2,12.5
127.1,12.6
127.1,12.7
127.0,12.5
126.9,12.3
126.7,12.4
126.5,12.7
126.4,12.5
126.4,12.3
126.1,12.7
125.9,12.5
125.9,12.5
125.6,12.3
125.3,12.2
125.3,12.2
124.9,12.5
124.9,12.3
124.6,12.4
124.6,12.6
124.1,12.5
124.0,12.6
124.0,12.3
123.9,12.5
123.9,12.6
123.8,12.6
123.7,12.4
123.7,12.6
123.3,12.6
123.2,12.3
122.9,12.4
122.6,12.3
122.5,12.6
122.0,12.4
121.6,12.7
121.6,12.3
121.3,12.2
120.9,12.6
120.9,12.4
120.8,12.4
120.8,12.6
120.7,12.7
120.6,12.6
120.6,12.2
120.3,12.2
120.0,12.6
119.8,12.4
119.5,12.7
119.5,12.6
119.2,12.3
119.1,12.2
118.8,12.7
118.3,12.7
118.2,12.5
117.8,12.4
117.4,12.6
117.1,12.4
117.1,12.2
117.0,12.6
116.7,12.3
116.7,12.4
116.3,12.3
116.3,12.5
116.3,12.2
116.2,12.6
116.2,12.7
116.1,12.3
116.1,12.4
116.0,12.3
116.0,12.6
115.9,12.2
115.5,12.7
115.1,12.4
114.7,12.6
114.7,12.4
114.4,12.4
114.1,12.4
113.8,12.4
113.8,12.3
113.8,12.3
113.7,12.5
113.4,12.4
113.0,12.6
112.7,12.3
112.5,12.6
112.1,12.3
111.6,12.7
111.6,12.3
111.5,12.3
111.2,12.7
111.2,12.4
111.1,12.3
110.9,12.5
110.5,12.4
110.0,12.3
109.5,12.3
109.5,12.6
109.5,12.5
109.3,12.4
109.2,12.7
109.2,12.5
108.7,12.7
108.5,12.5
108.1,12.5
107.6,12.3
107.6,12.5
107.4,12.3
107.3,12.6
107.0,12.6
106.9,12.3
106.8,12.4
106.5,12.6
106.0,12.4
105.6,12.6
105.3,12.4
104.9,12.2
104.8,12.5
104.4,12.5
104.1,12.3
104.0,12.4
103.7,12.5
103.6,12.6
103.3,12.7
103.2,12.6
103.2,12.4
103.2,12.6
103.1,12.2
103.0,12.6
102.8,12.6
102.5,12.5
102.1,12.6
101.9,12.6
101.5,12.3
101.1,12.3
100.7,12.7
100.4,12.7
100.4,12.3
100.1,12.3
100.1,12.6
99.7,12.4
99.3,12.5
99.2,12.4
99.2,12.4
99.1,12.6
98.6,12.6
98.6,12.5
98.2,12.2
98.2,12.6
97.8,12.5
97.6,12.7
97.5,12.5
97.5,12.2
97.0,12.5
97.0,12.3
96.8,12.5
96.4,12.3
96.3,12.4
96.0,12.6
96.0,12.6
95.9,12.6
95.9,12.4
95.6,12.5
95.2,12.4
94.8,12.4
94.8,12.5
94.7,12.3
94.4,12.6
94.4,12.4
94.3,12.5
93.9,12.3
93.9,12.5
93.8,12.4
93.7,12.3
93.6,12.6
93.6,12.6
93.3,12.2
93.3,12.4
93.0,12.7
93.0,12.3
92.9,12.5
92.5,12.3
92.2,12.4
92.1,12.4
91.8,12.5
91.8,12.4
91.5,12.6
91.2,12.6
91.2,12.4
90.7,12.5
90.4,12.4
90.1,12.4
90.1,12.2
90.1,12.3
89.7,12.6
89.7,12.5
89.4,12.2
89.0,12.2
88.7,12.4
88.3,12.4
88.0,12.2
87.8,12.3
87.7,12.3
87.4,12.2
86.9,12.5
86.8,12.2
86.8,12.4
86.7,12.6
86.3,12.4
85.9,12.6
85.7,12.6
85.7,12.6
85.6,12.7
85.3,12.5
84.9,12.3
84.8,12.4
84.6,12.2
84.3,12.2
84.0,12.5
83.9,12.7
83.7,12.6
83.4,12.4
83.4,12.4
83.0,12.7
82.9,12.3
82.8,12.6
82.6,12.4
82.6,12.6
82.2,12.3
81.9,12.5
81.9,12.6
81.6,12.6
81.4,12.4
81.3,12.3
81.2,12.5
80.7,12.3
80.7,12.6
80.3,12.7
80.3,12.2
80.0,12.3
79.7,12.6
79.4,12.4
79.1,12.3
78.7,12.3
78.6,12.5
78.5,12.3
78.0,12.6
77.8,12.6
77.6,12.6
77.3,12.4
77.2,12.4
77.0,12.4
77.0,12.6
76.6,12.2
76.5,12.3
76.5,12.6
76.4,12.5
76.3,12.4
76.3,12.7
76.0,12.4
75.6,12.2
75.6,12.4
75.2,12.7
75.1,12.4
74.6,12.2
74.6,12.5
74.4,12.2
74.3,12.4
74.1,12.5
74.0,12.4
73.8,12.6
73.7,12.7
73.6,12.3
73.5,12.3
73.1,12.3
72.7,12.3
72.7,12.4
72.3,12.2
72.2,12.4
72.0,12.6
71.6,12.3
71.2,12.6
70.9,12.5
70.9,12.3
70.9,12.6
70.8,12.4
70.8,12.6
70.8,12.6
70.7,12.4
70.2,12.4
70.2,12.4
69.8,12.7
69.5,12.4
69.5,12.5
69.4,12.4
69.3,12.3
69.3,12.5
69.2,12.6
68.9,12.5
68.4,12.3
68.4,12.3
67.9,12.6
67.6,12.7
67.6,12.7
67.5,12.5
67.5,12.3
67.5,12.7
67.5,12.5
67.2,12.3
67.1,12.6
67.1,12.2
66.7,12.5
66.4,12.3
66.3,12.2
66.3,12.4
65.8,12.2
65.6,12.6
65.5,12.4
65.4,12.6
65.0,12.2
65.0,12.4
65.0,12.5
64.9,12.2
64.5,12.6
64.1,12.5
64.1,12.3
63.8,12.3
63.8,12.6
63.7,12.6
63.5,12.4
63.4,12.5
63.4,12.6
63.4,12.3
62.9,12.4
62.7,12.4
62.3,12.6
62.2,12.3
62.1,12.3
61.6,12.2
61.4,12.4
61.1,12.6
61.0,12.6
60.8,12.5
60.4,12.6
60.3,12.4
60.2,12.6
59.8,12.7
59.8,12.7
59.7,12.6
59.6,12.2
59.6,12.4
59.2,12.5
59.1,12.7
58.8,12.3
58.3,12.2
58.3,12.7
58.2,12.2
58.0,12.7
57.6,12.7
57.5,12.3
57.5,12.6
57.5,12.2
57.5,12.6
57.3,12.4
56.8,12.5
56.3,12.6
56.3,12.6
56.2,12.2
55.8,12.4
55.8,12.3
55.5,12.3
55.2,12.4
55.1,12.3
55.0,12.7
55.0,12.5
54.5,12.5
54.1,12.6
53.6,12.2
53.4,12.3
52.9,12.6
52.7,12.3
52.4,12.6
52.3,12.4
51.9,12.4
51.7,12.3
51.4,12.2
51.4,12.7
51.1,12.6
51.1,12.6
50.8,12.6
50.8,12.3
50.7,12.4
50.5,12.5
50.1,12.5
49.8,12.6
49.7,12.5
49.5,12.2
49.5,12.3
49.2,12.5
48.9,12.6
48.7,12.6
48.3,12.5
48.2,12.5
48.1,12.6
48.1,12.6
47.8,12.7
47.8,12.6
47.5,12.6
47.5,12.5
47.5,12.7
47.4,12.4
47.1,12.4
47.0,12.6
46.8,12.3
46.6,12.4
46.3,12.6
46.0,12.6
45.9,12.4
45.8,12.3
45.3,12.3
45.3,12.6
45.3,12.6
44.8,12.7
44.4,12.2
44.3,12.5
44.0,12.6
43.9,12.6
43.9,12.3
43.8,12.3
43.8,12.5
43.5,12.4
43.3,12.6
43.2,12.6
43.1,12.4
43.1,12.7
42.7,12.4
42.4,12.5
42.2,12.4
42.1,12.3
42.1,12.4
42.1,12.3
42.0,12.6
42.0,12.3
42.0,12.6
41.9,12.7
41.5,12.6
41.2,12.5
41.1,12.4
41.1,12.4
41.0,12.4
40.6,12.6
40.4,12.3
40.3,12.3
40.3,12.3
39.9,12.2
39.9,12.2
39.8,12.6
39.6,12.4
39.3,12.2
39.2,12.6
39.2,12.3
38.7,12.6
38.4,12.3
38.0,12.6
38.0,12.3
38.0,12.3
37.6,12.5
37.1,12.4
36.9,12.7
36.9,12.4
36.6,12.6
36.3,12.6
36.0,12.6
36.0,12.4
35.9,12.4
35.4,12.6
35.1,12.3
34.9,12.5
34.4,12.4
34.4,12.6
34.4,12.6
34.1,12.3
34.0,12.6
33.5,12.5
33.1,12.6
32.7,12.6
32.4,12.2
32.3,12.5
31.9,12.2
31.6,12.3
31.3,12.2
31.1,12.5
30.6,12.2
30.6,12.6
30.6,12.7
30.4,12.3
29.9,12.3
29.5,12.6
29.3,12.3
29.2,12.6
29.2,12.2
29.0,12.4
28.7,12.4
28.3,12.7
28.3,12.3
27.9,12.6
27.9,12.3
27.8,12.6
27.8,12.6
27.8,12.2
27.6,12.5
27.1,12.7
27.1,12.5
27.1,12.5
27.0,12.4
26.6,12.3
26.6,12.6
26.6,12.4
26.5,12.3
26.5,12.4
26.4,12.4
26.4,12.4
26.0,12.6
26.0,12.5
25.6,12.6
25.6,12.4
25.5,12.5
25.5,12.6
25.1,12.3
24.8,12.4
24.8,12.7
24.7,12.3
24.4,12.5
24.3,12.4
24.1,12.5
24.0,12.6
24.0,12.6
23.6,12.2
23.3,12.3
23.2,12.4
22.8,12.2
22.4,12.3
22.2,12.5
22.2,12.2
21.7,12.7
21.7,12.5
21.7,12.4
21.4,12.3
21.0,12.5
20.7,12.3
20.3,12.4
19.9,12.2
19.9,12.4
19.9,12.2
19.6,12.6
19.3,12.4
19.1,12.5
19.0,12.6
18.6,12.3
18.6,12.5
18.5,12.4
18.5,12.6
18.1,12.3
17.7,12.3
17.3,12.5
17.2,12.6
17.2,12.4
17.1,12.4
17.1,12.5
16.6,12.2
16.3,12.7
15.9,12.6
15.6,12.4
15.5,12.2
15.2,12.6
14.9,12.4
14.8,12.3
14.4,12.5
13.9,12.2
13.7,12.6
13.7,12.5
13.2,12.6
13.2,12.6
13.0,12.3
12.9,12.4
12.7,12.5
12.7,12.6
12.7,12.5
12.6,12.3
12.5,12.6
12.2,12.7
11.7,12.3
11.5,12.5
11.2,12.6
11.0,12.5
10.5,12.5
10.3,12.5
9.8,12.4
9.5,12.2
9.5,12.5
9.2,12.2
9.2,12.6
9.1,12.4
8.8,12.4
8.5,12.4
8.3,12.5
8.2,12.4
8.2,12.4
8.1,12.2
7.9,12.2
7.8,12.4
7.7,12.3
7.2,12.6
7.0,12.6
7.0,12.3
6.6,12.5
6.2,12.7
6.1,12.6
6.1,12.3
6.1,12.4
6.1,12.6
5.8,12.4
5.7,12.5
5.2,12.7
5.0,12.7
4.7,12.5
4.7,12.7
4.7,12.2
4.6,12.2
4.2,12.2
3.9,12.4
3.5,12.3
3.2,12.3
2.8,12.5
2.7,12.5
2.3,12.2
1.8,12.4
1.4,12.5
1.1,12.4
1.1,12.2
0.8,12.5
0.8,12.6
0.5,12.3
0.4,12.4
0.4,12.7
0.3,12.6
0.3,12.3
0.3,12.4
0.1,12.5
236.9,12.6
248.4,12.3
248.3,12.4
248.2,12.4
248.2,12.3
248.0,12.3
247.5,12.3
247.5,12.3
247.4,12.3
247.4,12.7
246.9,12.6
246.4,12.2
246.2,12.6
246.2,12.5
246.1,12.3
245.8,12.4
245.3,12.6
244.8,12.6
244.3,12.5
244.0,12.6
243.9,12.3
243.7,12.6
243.2,12.6
243.1,12.6
242.7,12.7
242.6,12.3
242.2,12.6
241.9,12.3
241.7,12.3
241.6,12.7
241.3,12.3
240.9,12.5
240.4,12.3
240.3,12.3
240.0,12.5
239.9,12.7
239.9,12.3
239.8,12.4
239.5,12.5
239.1,12.5
239.1,12.4
238.6,12.5
238.5,12.6
238.4,12.7
238.0,12.2
238.0,12.3
237.9,12.3
237.9,12.3
237.9,12.2
237.5,12.5
237.1,12.7
237.0,12.3
236.8,12.7
236.4,12.5
235.9,12.7
235.4,12.4
235.0,12.7
235.0,12.2
234.6,12.6
234.2,12.5
233.8,12.4
233.8,12.3
233.7,12.6
233.4,12.4
233.4,12.5
233.3,12.6
233.0,12.4
232.9,12.5
232.9,12.2
232.6,12.2
232.5,12.4
232.2,12.3
231.9,12.7
231.6,12.2
231.3,12.2
231.0,12.4
230.9,12.4
230.5,12.3
230.1,12.2
230.1,12.5
229.7,12.3
229.6,12.3
229.4,12.6
229.0,12.5
228.8,12.3
228.6,12.4
228.5,12.3
228.1,12.4
228.0,12.3
228.0,12.2
227.6,12.6
227.6,12.6
227.5,12.3
227.5,12.5
227.0,12.2
226.6,12.2
226.6,12.4
226.5,12.4
226.4,12.3
226.4,12.4
226.3,12.4
226.2,12.5
225.7,12.6
225.7,12.7
225.7,12.3
225.6,12.7
225.6,12.6
225.5,12.4
225.0,12.2
224.6,12.3
224.2,12.2
224.1,12.2
224.0,12.3
223.6,12.6
223.1,12.3
222.7,12.2
222.6,12.6
222.6,12.5
222.5,12.3
222.5,12.6
222.4,12.5
222.1,12.6
222.1,12.5
221.7,12.4
221.4,12.5
221.0,12.6
220.7,12.5
220.5,12.5
220.1,12.6
220.1,12.3
220.0,12.3
219.8,12.2
219.7,12.4
219.7,12.6
219.5,12.5
219.4,12.4
219.0,12.7
218.9,12.6
218.9,12.3
218.4,12.4
218.0,12.3
217.6,12.5
217.2,12.7
217.1,12.5
216.8,12.2
216.4,12.4
216.2,12.5
215.8,12.3
215.8,12.3
215.7,12.6
215.7,12.6
215.6,12.6
215.5,12.7
215.4,12.3
214.9,12.7
214.9,12.5
214.9,12.2
214.5,12.4
214.2,12.6
213.8,12.5
213.8,12.5
213.8,12.4
213.8,12.5
213.7,12.3
213.3,12.5
213.1,12.4
213.0,12.4
212.7,12.4
212.5,12.6
212.2,12.2
211.7,12.3
211.6,12.6
211.6,12.6
211.4,12.7
211.3,12.5
211.3,12.3
211.2,12.7
210.8,12.4
210.7,12.6
210.3,12.4
210.2,12.5
210.1,12.5
210.1,12.3
209.7,12.7
209.2,12.7
209.2,12.3
208.8,12.5
208.6,12.4
208.5,12.5
208.1,12.5
208.1,12.5
208.0,12.2
207.6,12.6
207.4,12.4
207.1,12.3
207.0,12.2
206.5,12.5
206.5,12.5
206.5,12.6
206.5,12.7
206.4,12.6
206.0,12.4
205.6,12.3
205.5,12.6
205.5,12.7
205.5,12.4
205.5,12.2
205.2,12.6
204.8,12.4
204.8,12.2
204.6,12.2
204.2,12.4
204.2,12.6
203.8,12.7
203.3,12.3
203.0,12.5
203.0,12.3
202.7,12.5
202.2,12.5
202.2,12.7
201.9,12.4
201.4,12.6
201.4,12.3
201.3,12.5
201.2,12.6
201.2,12.7
201.1,12.7
200.7,12.5
200.2,12.7
200.0,12.4
199.7,12.7
199.7,12.5
199.4,12.6
199.3,12.2
199.3,12.5
199.2,12.4
199.2,12.3
198.7,12.5
198.5,12.3
198.2,12.4
197.9,12.5
197.6,12.2
197.4,12.5
197.4,12.3
196.9,12.5
196.6,12.6
196.2,12.4
195.8,12.3
195.6,12.5
195.5,12.6
195.2,12.4
194.9,12.3
194.6,12.4
194.3,12.3
194.3,12.5
194.2,12.4
194.0,12.6
193.9,12.2
193.4,12.6
193.0,12.4
192.9,12.3
192.9,12.4
192.6,12.6
192.2,12.2
191.7,12.2
191.5,12.7
191.1,12.2
190.8,12.7
190.8,12.4
190.7,12.3
190.5,12.2
190.1,12.5
189.9,12.6
189.5,12.5
189.3,12.2
189.2,12.5
188.8,12.4
188.7,12.3
188.6,12.5
188.5,12.4
188.4,12.5
188.4,12.4
188.2,12.7
187.7,12.7
187.5,12.5
187.5,12.7
187.3,12.4
187.2,12.2
187.2,12.4
186.9,12.3
186.8,12.3
186.5,12.6
186.4,12.3
186.0,12.6
185.5,12.4
185.0,12.5
184.7,12.5
184.6,12.2
184.3,12.4
183.9,12.5
183.7,12.2
183.6,12.4
183.6,12.5
183.2,12.4
182.7,12.4
182.4,12.5
182.1,12.3
182.1,12.5
181.7,12.5
181.7,12.4
181.7,12.7
181.3,12.4
180.9,12.5
180.5,12.7
180.4,12.5
180.4,12.6
180.0,12.6
179.6,12.7
179.2,12.4
179.2,12.2
179.1,12.4
179.0,12.2
178.7,12.6
178.6,12.6
178.2,12.3
177.9,12.5
177.9,12.3
177.9,12.6
177.6,12.5
177.3,12.6
177.1,12.4
177.0,12.4
176.9,12.3
176.9,12.3
176.8,12.3
176.8,12.6
176.5,12.5
176.4,12.6
176.4,12.3
176.4,12.4
176.3,12.5
175.9,12.6
175.7,12.6
175.2,12.6
174.9,12.5
174.6,12.7
174.3,12.3
174.2,12.4
174.2,12.6
174.2,12.3
173.7,12.3
173.3,12.5
172.9,12.6
172.7,12.4
172.6,12.5
172.6,12.5
172.3,12.4
172.2,12.3
171.8,12.6
171.7,12.2
171.3,12.3
171.0,12.4
170.9,12.3
170.5,12.3
170.4,12.2
170.2,12.4
170.1,12.5
169.6,12.6
169.3,12.7
169.3,12.3
169.2,12.4
168.9,12.5
168.5,12.4
168.5,12.7
168.4,12.4
168.3,12.2
168.3,12.5
168.3,12.5
168.2,12.4
167.8,12.4
167.4,12.3
167.0,12.6
167.0,12.7
166.6,12.3
166.5,12.7
166.4,12.3
166.1,12.4
166.0,12.3
165.7,12.6
165.2,12.6
164.9,12.5
164.5,12.4
164.2,12.6
164.1,12.6
163.8,12.3
163.7,12.4
163.3,12.7
162.9,12.5
162.4,12.3
162.1,12.6
162.1,12.3
162.1,12.4
161.8,12.6
161.5,12.6
161.4,12.3
161.4,12.7
161.0,12.4
160.8,12.5
160.7,12.2
160.5,12.4
160.5,12.4
160.5,12.4
160.3,12.5
160.0,12.6
159.5,12.3
159.0,12.3
158.6,12.3
158.4,12.5
158.3,12.4
158.0,12.2
157.9,12.5
157.5,12.3
157.1,12.7
157.1,12.5
156.7,12.3
156.4,12.4
156.3,12.3
155.9,12.4
155.4,12.2
155.2,12.2
154.8,12.5
154.5,12.6
154.1,12.3
154.0,12.5
154.0,12.4
153.9,12.3
153.8,12.5
153.6,12.7
153.3,12.5
153.2,12.3
153.2,12.5
153.2,12.6
153.2,12.5
152.7,12.4
152.6,12.2
152.6,12.3
152.2,12.4
152.0,12.4
151.9,12.6
151.8,12.6
151.8,12.7
151.7,12.6
151.7,12.4
151.4,12.3
151.0,12.2
150.6,12.3
150.5,12.3
150.5,12.5
150.5,12.3
150.4,12.3
150.0,12.5
149.5,12.3
149.5,12.5
149.1,12.3
148.9,12.2
148.5,12.3
148.4,12.6
148.2,12.7
147.7,12.6
147.7,12.2
147.3,12.5
147.1,12.3
146.7,12.5
146.3,12.2
146.3,12.3
146.2,12.2
146.2,12.6
145.7,12.4
145.7,12.4
145.2,12.7
145.2,12.6
145.1,12.5
144.7,12.3
144.6,12.5
144.3,12.4
143.8,12.6
143.4,12.2
143.0,12.5
142.7,12.3
142.6,12.4
142.6,12.4
142.2,12.6
142.2,12.7
141.8,12.7
141.7,12.7
141.3,12.4
141.2,12.5
141.2,12.3
140.8,12.6
140.7,12.5
140.2,12.7
139.9,12.5
139.9,12.2
139.8,12.5
139.8,12.3
139.7,12.3
139.7,12.4
139.7,12.5
139.3,12.5
139.3,12.3
139.2,12.5
139.2,12.3
138.8,12.5
138.4,12.7
138.1,12.2
138.1,12.5
137.8,12.4
137.8,12.5
137.7,12.4
137.4,12.7
137.0,12.5
136.9,12.3
136.9,12.4
136.8,12.2
136.4,12.4
136.3,12.4
136.2,12.3
136.2,12.6
136.2,12.6
136.1,12.6
136.1,12.5
135.7,12.3
135.6,12.4
135.6,12.4
135.5,12.7
135.5,12.7
135.4,12.2
135.3,12.5
135.1,12.4
134.8,12.4
134.8,12.5
134.5,12.7
134.4,12.2
134.4,12.5
134.3,12.7
134.2,12.6
134.2,12.3
134.2,12.5
133.9,12.3
133.5,12.7
133.2,12.3
132.8,12.6
132.7,12.6
132.3,12.3
132.0,12.6
131.9,12.7
131.5,12.6
131.5,12.4
131.0,12.5
131.0,12.2
130.6,12.6
130.6,12.4
130.1,12.6
130.0,12.4
130.0,12.5
129.9,12.4
129.5,12.5
129.5,12.3
129.4,12.6
129.1,12.6
129.0,12.7
129.0,12.5
128.6,12.3
128.5,12.2
128.1,12.3
128.1,12.3
127.6,12.2
127.6,12.4
127.6,12.2
127.5,12.5
127.5,12.3
127.0,12.6
126.6,12.2
126.6,12.6
126.3,12.3
126.3,12.6
126.1,12.6
125.7,12.6
125.6,12.4
125.4,12.2
125.1,12.7
124.6,12.5
124.4,12.4
124.0,12.5
123.5,12.6
123.1,12.3
123.0,12.4
122.9,12.5
122.8,12.7
122.6,12.7
122.5,12.6
122.5,12.4
122.5,12.3
122.4,12.3
122.4,12.5
122.4,12.2
122.0,12.4
121.7,12.4
121.5,12.6
121.2,12.7
120.9,12.4
120.9,12.2
120.8,12.4
120.8,12.3
120.5,12.3
120.3,12.6
120.0,12.4
119.6,12.5
119.1,12.3
118.6,12.3
118.2,12.6
118.1,12.3
117.9,12.3
117.5,12.5
117.5,12.4
117.4,12.5
117.4,12.6
116.9,12.5
116.8,12.3
116.4,12.3
116.4,12.6
116.3,12.4
116.2,12.6
116.2,12.5
116.1,12.7
116.0,12.3
116.0,12.7
115.9,12.3
115.8,12.7
115.7,12.3
115.3,12.2
115.2,12.3
114.7,12.5
114.3,12.4
114.0,12.3
113.7,12.5
113.6,12.5
113.3,12.4
113.0,12.6
112.9,12.5
112.9,12.3
112.7,12.3
112.2,12.3
112.0,12.6
111.5,12.6
111.3,12.5
111.2,12.3
111.1,12.7
111.1,12.7
111.0,12.3
110.7,12.5
110.5,12.3
110.4,12.3
110.2,12.3
110.2,12.3
110.1,12.7
110.0,12.6
109.9,12.4
109.8,12.5
109.4,12.3
109.3,12.4
109.2,12.5
109.2,12.3
109.0,12.4
109.0,12.4
109.0,12.3
108.5,12.3
108.1,12.3
107.8,12.2
107.8,12.4
107.5,12.6
107.2,12.3
106.9,12.7
106.4,12.6
106.0,12.3
105.9,12.4
105.6,12.7
105.5,12.3
105.5,12.5
105.4,12.4
105.2,12.3
105.1,12.4
104.9,12.6
104.5,12.3
104.5,12.7
104.2,12.3
104.2,12.6
103.9,12.7
103.9,12.5
103.8,12.2
103.4,12.4
103.4,12.4
102.9,12.7
102.9,12.5
102.8,12.5
102.5,12.4
102.0,12.6
101.8,12.6
101.5,12.3
101.2,12.6
100.9,12.6
100.6,12.5
100.3,12.6
100.3,12.3
100.3,12.4
100.2,12.3
100.1,12.6
100.1,12.6
100.0,12.2
100.0,12.6
99.9,12.5
99.5,12.6
99.4,12.3
99.1,12.6
98.8,12.3
98.4,12.3
98.3,12.7
98.1,12.4
97.6,12.4
97.6,12.6
97.5,12.5
97.3,12.5
97.3,12.4
96.9,12.4
96.6,12.2
96.2,12.4
96.2,12.6
96.2,12.3
96.1,12.5
96.1,12.5
95.7,12.2
95.6,12.4
95.6,12.7
95.5,12.3
95.3,12.4
95.2,12.5
95.2,12.2
95.0,12.4
94.9,12.7
94.8,12.2
94.8,12.6
94.5,12.5
94.0,12.4
93.7,12.5
93.3,12.6
93.1,12.6
92.7,12.4
92.4,12.5
92.3,12.4
92.0,12.6
92.0,12.4
91.7,12.6
91.7,12.3
91.3,12.4
91.2,12.4
91.2,12.6
90.9,12.5
90.9,12.5
90.8,12.5
90.8,12.3
90.7,12.6
90.7,12.3
90.7,12.4
90.3,12.6
90.3,12.4
89.8,12.5
89.7,12.6
89.5,12.3
89.4,12.2
89.3,12.3
89.1,12.6
89.0,12.2
89.0,12.5
88.8,12.3
88.8,12.4
88.7,12.4
88.7,12.3
88.6,12.3
88.2,12.4
88.1,12.3
87.8,12.3
87.4,12.7
87.3,12.4
87.1,12.3
86.7,12.7
86.4,12.2
86.3,12.6
86.3,12.3
86.0,12.4
85.7,12.6
85.5,12.4
85.1,12.4
84.8,12.4
84.7,12.2
84.6,12.6
84.3,12.7
84.3,12.2
84.2,12.3
84.2,12.5
84.1,12.6
84.1,12.5
83.8,12.7
83.8,12.4
83.4,12.4
83.4,12.5
82.9,12.5
82.5,12.4
82.4,12.6
82.1,12.2
82.1,12.5
81.6,12.7
81.6,12.4
81.5,12.4
81.2,12.7
80.7,12.6
80.3,12.3
79.8,12.5
79.6,12.2
79.6,12.5
79.6,12.3
79.5,12.7
79.4,12.5
79.3,12.4
79.3,12.5
79.2,12.4
79.0,12.3
78.5,12.5
78.2,12.3
77.7,12.5
77.4,12.3
77.1,12.2
76.7,12.4
76.4,12.3
76.3,12.5
76.2,12.5
76.2,12.6
75.7,12.4
75.7,12.3
75.7,12.7
75.6,12.5
75.6,12.4
75.3,12.3
74.8,12.7
74.8,12.4
74.7,12.5
74.5,12.4
74.4,12.2
74.4,12.2
74.1,12.5
73.8,12.6
73.7,12.3
73.5,12.4
73.1,12.4
73.1,12.3
73.0,12.7
73.0,12.5
72.9,12.6
72.6,12.3
72.1,12.5
71.7,12.4
71.6,12.4
71.6,12.5
71.5,12.4
71.0,12.3
70.6,12.6
70.3,12.7
70.0,12.6
69.6,12.4
69.6,12.3
69.6,12.2
69.5,12.5
69.2,12.6
68.7,12.4
68.7,12.5
68.6,12.7
68.3,12.5
68.2,12.6
67.8,12.5
67.5,12.3
67.5,12.2
67.1,12.6
66.9,12.7
66.5,12.4
66.5,12.7
66.4,12.4
66.4,12.3
66.3,12.7
65.9,12.6
65.6,12.3
65.2,12.5
64.9,12.5
64.8,12.6
64.8,12.3
64.4,12.4
64.0,12.2
64.0,12.5
63.7,12.6
63.5,12.4
63.1,12.5
63.0,12.3
62.6,12.6
62.5,12.4
62.5,12.2
62.2,12.6
61.7,12.6
61.7,12.6
61.4,12.6
61.2,12.3
60.9,12.6
60.9,12.5
60.8,12.6
60.5,12.4
60.0,12.6
60.0,12.6
59.9,12.3
59.9,12.6
59.8,12.3
59.4,12.3
59.0,12.5
58.9,12.2
58.4,12.2
58.1,12.5
58.1,12.4
58.0,12.6
57.8,12.2
57.8,12.4
57.7,12.7
57.3,12.5
57.3,12.6
57.0,12.3
56.7,12.4
56.7,12.6
56.2,12.3
55.8,12.5
55.3,12.3
54.9,12.6
54.9,12.4
54.6,12.6
54.5,12.4
54.1,12.4
54.0,12.7
53.7,12.5
53.5,12.6
53.4,12.4
53.0,12.6
52.7,12.3
52.4,12.3
52.2,12.6
51.9,12.6
51.8,12.3
51.3,12.3
51.1,12.7
51.1,12.3
50.7,12.4
50.7,12.5
50.4,12.4
50.4,12.5
50.3,12.4
50.2,12.6
50.0,12.2
49.5,12.3
49.0,12.7
49.0,12.5
49.0,12.3
48.9,12.2
48.9,12.5
48.4,12.6
48.4,12.6
48.0,12.5
47.9,12.3
47.7,12.3
47.7,12.5
47.6,12.4
47.6,12.3
47.5,12.5
47.5,12.6
47.0,12.7
46.8,12.3
46.7,12.4
46.3,12.5
45.9,12.5
45.8,12.5
45.8,12.3
45.7,12.4
45.7,12.6
45.7,12.3
45.2,12.2
45.2,12.4
45.1,12.4
44.7,12.4
44.7,12.3
44.7,12.5
44.2,12.6
44.1,12.3
43.8,12.4
43.8,12.3
43.4,12.3
43.1,12.3
42.6,12.4
42.2,12.4
41.9,12.4
41.4,12.3
40.9,12.4
40.9,12.4
40.6,12.4
40.5,12.6
40.1,12.4
40.0,12.5
39.9,12.5
39.8,12.7
39.8,12.2
39.8,12.6
39.3,12.2
39.3,12.3
38.9,12.3
38.9,12.7
38.4,12.2
38.4,12.3
37.9,12.3
37.8,12.2
37.7,12.5
37.3,12.3
37.0,12.4
36.9,12.4
36.4,12.5
36.1,12.7
35.8,12.6
35.5,12.2
35.1,12.5
34.6,12.6
34.3,12.6
34.1,12.4
33.7,12.4
33.5,12.5
33.1,12.5
32.7,12.5
32.3,12.6
32.2,12.7
32.1,12.4
31.7,12.6
31.3,12.3
31.3,12.5
30.9,12.2
30.5,12.4
30.1,12.5
30.1,12.6
29.8,12.4
29.4,12.7
29.2,12.5
28.8,12.7
28.6,12.5
28.3,12.7
27.9,12.5
27.9,12.4
27.8,12.6
27.7,12.6
27.7,12.3
27.5,12.5
27.2,12.2
26.8,12.4
26.7,12.6
26.3,12.6
25.9,12.2
25.6,12.7
25.2,12.4
25.2,12.7
24.8,12.5
24.3,12.3
24.2,12.5
24.2,12.4
23.7,12.5
23.3,12.3
23.1,12.7
23.0,12.4
23.0,12.7
22.6,12.4
22.3,12.6
22.3,12.4
22.2,12.2
22.1,12.6
21.8,12.7
21.5,12.7
21.4,12.6
21.0,12.3
20.9,12.6
20.6,12.2
20.1,12.3
20.1,12.3
20.0,12.5
19.9,12.4
19.9,12.5
19.4,12.5
19.2,12.3
18.7,12.7
18.7,12.2
18.6,12.4
18.4,12.6
18.3,12.3
18.3,12.4
18.3,12.6
18.1,12.5
17.8,12.7
17.3,12.3
16.9,12.5
16.8,12.2
16.4,12.3
16.3,12.6
16.2,12.6
16.1,12.6
16.1,12.3
15.8,12.6
15.7,12.3
15.3,12.4
15.2,12.5
14.9,12.6
14.9,12.6
14.8,12.3
14.7,12.3
14.3,12.7
14.0,12.7
13.7,12.5
13.3,12.4
13.1,12.4
12.6,12.4
12.5,12.4
12.1,12.5
11.7,12.4
11.6,12.3
11.5,12.5
11.2,12.4
11.0,12.4
10.9,12.3
10.8,12.4
10.4,12.3
10.0,12.6
9.5,12.5
9.5,12.6
9.1,12.6
8.6,12.2
8.3,12.7
8.2,12.7
8.1,12.6
8.1,12.5
8.0,12.5
7.9,12.6
7.9,12.5
7.7,12.4
7.6,12.6
7.6,12.4
7.2,12.7
7.1,12.7
7.1,12.3
6.8,12.2
6.4,12.4
6.3,12.3
6.3,12.3
5.9,12.6
5.6,12.4
5.1,12.6
5.0,12.3
5.0,12.3
5.0,12.4
4.9,12.4
4.6,12.4
4.6,12.5
4.4,12.5
4.1,12.6
3.8,12.4
3.8,12.7
3.8,12.4
3.3,12.5
3.3,12.3
3.2,12.7
2.9,12.7
2.5,12.5
2.0,12.6
2.0,12.3
2.0,12.3
1.6,12.3
1.3,12.4
1.3,12.6
1.0,12.7
0.7,12.3
0.4,12.3
0.0,12.3
248.2,12.6
